Fazenda;ID_Animal;Sexo;Campo1;Campo2;Campo3;Campo4
IMPERIAL II;001;F;;;;
IMPERIAL II;002;F;;;;
IMPERIAL II;003;F;;;;
IMPERIAL II;007;F;;;;
IMPERIAL II;008;F;;;;
IMPERIAL II;014;F;;;;
IMPERIAL II;016;F;;;;
MARIA DE JESUS;017;F;;;;
BARRACÃO;018;F;;;;
BOA ESPERANÇA;019;F;;;;
IMPERIAL II;021;F;;;;
IMPERIAL II;023;F;;;;
BOA ESPERANÇA III;025;F;;;;
BOA ESPERANÇA;026;F;;;;
BOA ESPERANÇA;030;F;;;;
IMPERIAL II;032;F;;;;
BOA ESPERANÇA;038;F;;;;
PROSPERIDADE II;042;F;;;;
BOA ESPERANÇA;043;F;;;;
BOA ESPERANÇA;044;F;;;;
IMPERIAL II;045;F;;;;
BOA ESPERANÇA;048;F;;;;
IMPERIAL II;056;F;;;;
BOA ESPERANÇA;063;F;;;;
PROSPERIDADE II;064;F;;;;
IMPERIAL II;065;F;;;;
IMPERIAL II;066;F;;;;
PROSPERIDADE II;071;F;;;;
IMPERIAL II;072;F;;;;
BOA ESPERANÇA;075;F;;;;
IMPERIAL II;078;F;;;;
IMPERIAL II;081;F;;;;
IMPERIAL II;082;F;;;;
IMPERIAL II;085;F;;;;
BOA ESPERANÇA;090;F;;;;
IMPERIAL II;098;F;;;;
BOA ESPERANÇA;100;F;;;;
IMPERIAL II;102;F;;;;
IMPERIAL II;103;F;;;;
IMPERIAL II;106;F;;;;
IMPERIAL II;109;F;;;;
BOA ESPERANÇA;118;F;;;;
IMPERIAL II;125;F;;;;
BOA ESPERANÇA;128;F;;;;
MARIA DE JESUS;131;F;;;;
IMPERIAL II;135;F;;;;
IMPERIAL II;138;F;;;;
IMPERIAL II;139;F;;;;
IMPERIAL II;141;F;;;;
IMPERIAL II;143;F;;;;
BOA ESPERANÇA;144;F;;;;
BARRACÃO;145;F;;;;
IMPERIAL II;146;F;;;;
IMPERIAL II;148;F;;;;
BOA ESPERANÇA;0151;F;;;;
IMPERIAL II;151;F;;;;
IMPERIAL II;153;F;;;;
IMPERIAL II;155;F;;;;
IMPERIAL II;156;F;;;;
BOA ESPERANÇA;158;F;;;;
IMPERIAL II;160;F;;;;
IMPERIAL II;161;F;;;;
PROSPERIDADE II;163;F;;;;
BOA ESPERANÇA III;164;F;;;;
BOA ESPERANÇA;172;F;;;;
BARRACÃO;173;F;;;;
IMPERIAL II;175;F;;;;
IMPERIAL II;176;F;;;;
IMPERIAL II;177;F;;;;
IMPERIAL II;178;F;;;;
BOA ESPERANÇA;182;F;;;;
IMPERIAL II;183;F;;;;
BOA ESPERANÇA;184;F;;;;
IMPERIAL II;185;F;;;;
PROSPERIDADE II;187;F;;;;
PROSPERIDADE II;189;F;;;;
IMPERIAL II;190;F;;;;
BOA ESPERANÇA III;192;F;;;;
IMPERIAL II;193;F;;;;
PROSPERIDADE II;195;F;;;;
BOA ESPERANÇA;196;F;;;;
IMPERIAL II;197;F;;;;
IMPERIAL II;198;F;;;;
IMPERIAL II;199;F;;;;
BOA ESPERANÇA;200;F;;;;
BOA ESPERANÇA;201;F;;;;
IMPERIAL II;202;F;;;;
IMPERIAL II;204;F;;;;
IMPERIAL II;205;F;;;;
IMPERIAL II;207;F;;;;
IMPERIAL II;208;F;;;;
BOA ESPERANÇA;209;F;;;;
IMPERIAL II;210;F;;;;
BOA ESPERANÇA;211;F;;;;
BOA ESPERANÇA III;213;F;;;;
BARRACÃO;214;F;;;;
IMPERIAL II;218;F;;;;
BOA ESPERANÇA III;0221;F;;;;
IMPERIAL II;221;F;;;;
PROSPERIDADE II;223;F;;;;
IMPERIAL II;225;F;;;;
IMPERIAL II;226;F;;;;
IMPERIAL II;227;F;;;;
IMPERIAL II;229;F;;;;
PROSPERIDADE II;232;F;;;;
IMPERIAL II;233;F;;;;
BOA ESPERANÇA III;234;F;;;;
BOA ESPERANÇA;238;F;;;;
BOA ESPERANÇA;240;F;;;;
IMPERIAL II;243;F;;;;
IMPERIAL II;244;F;;;;
BOA ESPERANÇA;245;F;;;;
PROSPERIDADE II;249;F;;;;
IMPERIAL II;250;F;;;;
IMPERIAL II;252;F;;;;
BOA ESPERANÇA;253;F;;;;
BOA ESPERANÇA;255;F;;;;
BOA ESPERANÇA;257;F;;;;
BOA ESPERANÇA;260;F;;;;
BARRACÃO;263;F;;;;
BOA ESPERANÇA III;264;F;;;;
BOA ESPERANÇA;265;F;;;;
IMPERIAL II;266;F;;;;
IMPERIAL II;267;F;;;;
IMPERIAL II;268;F;;;;
BOA ESPERANÇA;269;F;;;;
IMPERIAL II;271;F;;;;
BOA ESPERANÇA;272;F;;;;
PROSPERIDADE II;275;F;;;;
BOA ESPERANÇA III;277;F;;;;
IMPERIAL I;279;F;;;;
BOA ESPERANÇA;0281;F;;;;
BOA ESPERANÇA;282;F;;;;
IMPERIAL II;283;F;;;;
IMPERIAL II;284;F;;;;
IMPERIAL II;285;F;;;;
IMPERIAL II;286;F;;;;
IMPERIAL II;288;F;;;;
IMPERIAL II;289;F;;;;
IMPERIAL II;290;F;;;;
IMPERIAL II;292;F;;;;
IMPERIAL II;293;F;;;;
BOA ESPERANÇA;295;F;;;;
BOA ESPERANÇA III;296;F;;;;
PROSPERIDADE II;302;F;;;;
PROSPERIDADE III;303;F;;;;
BOA ESPERANÇA;305;F;;;;
BOA ESPERANÇA;306;F;;;;
BOA ESPERANÇA III;307;F;;;;
IMPERIAL II;308;F;;;;
IMPERIAL II;309;F;;;;
PROSPERIDADE III;310;F;;;;
BOA ESPERANÇA III;311;F;;;;
IMPERIAL I;314;F;;;;
BARRACÃO;315;F;;;;
PROSPERIDADE III;316;F;;;;
PROSPERIDADE III;317;F;;;;
BOA ESPERANÇA;318;F;;;;
BOA ESPERANÇA III;319;F;;;;
BOA ESPERANÇA;320;F;;;;
IMPERIAL II;321;F;;;;
PROSPERIDADE III;322;F;;;;
BOA ESPERANÇA;324;F;;;;
IMPERIAL II;325;F;;;;
BOA ESPERANÇA;326;F;;;;
PROSPERIDADE III;328;F;;;;
PROSPERIDADE II;329;F;;;;
PROSPERIDADE III;330;F;;;;
PROSPERIDADE III;331;F;;;;
PROSPERIDADE III;332;F;;;;
IMPERIAL II;333;F;;;;
BOA ESPERANÇA;334;F;;;;
BOA ESPERANÇA III;335;F;;;;
BOA ESPERANÇA;337;F;;;;
PROSPERIDADE III;339;F;;;;
BOA ESPERANÇA III;340;F;;;;
BOA ESPERANÇA;341;F;;;;
BOA ESPERANÇA;343;F;;;;
BARRACÃO;344;F;;;;
IMPERIAL II;345;F;;;;
BOA ESPERANÇA III;346;F;;;;
BOA ESPERANÇA III;347;F;;;;
PROSPERIDADE III;348;F;;;;
BOA ESPERANÇA III;349;F;;;;
PROSPERIDADE III;350;F;;;;
PROSPERIDADE III;351;F;;;;
PROSPERIDADE III;353;F;;;;
BOA ESPERANÇA;354;F;;;;
PROSPERIDADE III;355;F;;;;
BOA ESPERANÇA;356;F;;;;
BOA ESPERANÇA III;357;F;;;;
PROSPERIDADE III;358;F;;;;
IMPERIAL II;359;F;;;;
PROSPERIDADE II;360;F;;;;
IMPERIAL II;361;F;;;;
IMPERIAL I;362;F;;;;
IMPERIAL II;363;F;;;;
IMPERIAL II;365;F;;;;
IMPERIAL II;367;F;;;;
IMPERIAL II;368;F;;;;
BOA ESPERANÇA;370;F;;;;
PROSPERIDADE II;371;F;;;;
IMPERIAL II;373;F;;;;
BOA ESPERANÇA;374;F;;;;
IMPERIAL II;375;F;;;;
PROSPERIDADE II;376;F;;;;
BARRACÃO;377;F;;;;
BARRACÃO;381;F;;;;
PROSPERIDADE III;390;F;;;;
IMPERIAL II;0391;F;;;;
PROSPERIDADE III;391;F;;;;
BOA ESPERANÇA III;402;F;;;;
BOA ESPERANÇA III;403;F;;;;
IMPERIAL I;405;F;;;;
BOA ESPERANÇA;410;F;;;;
IMPERIAL II;0411;F;;;;
IMPERIAL II;414;F;;;;
BOA ESPERANÇA III;416;F;;;;
BOA ESPERANÇA III;417;F;;;;
BOA ESPERANÇA III;420;F;;;;
PROSPERIDADE III;427;F;;;;
PROSPERIDADE III;432;F;;;;
BOA ESPERANÇA III;433;F;;;;
IMPERIAL II;438;F;;;;
BARRACÃO;444;F;;;;
BARRACÃO;445;F;;;;
BOA ESPERANÇA III;446;F;;;;
BOA ESPERANÇA III;449;F;;;;
BOA ESPERANÇA III;451;F;;;;
IMPERIAL II;452;F;;;;
IMPERIAL II;454;F;;;;
IMPERIAL II;459;F;;;;
BOA ESPERANÇA III;460;F;;;;
BOA ESPERANÇA III;472;F;;;;
IMPERIAL II;473;F;;;;
PROSPERIDADE III;479;F;;;;
PROSPERIDADE III;481;F;;;;
IMPERIAL II;487;F;;;;
PROSPERIDADE III;488;F;;;;
IMPERIAL II;492;F;;;;
BOA ESPERANÇA;499;F;;;;
BARRACÃO;0501;F;;;;
IMPERIAL II;502;F;;;;
IMPERIAL II;505;F;;;;
BARRACÃO;506;F;;;;
BOA ESPERANÇA III;507;F;;;;
PROSPERIDADE II;0511;F;;;;
IMPERIAL II;511;F;;;;
IMPERIAL II;0512;F;;;;
BOA ESPERANÇA III;512;F;;;;
IMPERIAL II;515;F;;;;
MARIA DE JESUS;518;F;;;;
PROSPERIDADE III;519;F;;;;
PROSPERIDADE II;0521;F;;;;
BOA ESPERANÇA;523;F;;;;
BARRACÃO;526;F;;;;
IMPERIAL II;528;F;;;;
BOA ESPERANÇA III;529;F;;;;
BOA ESPERANÇA III;531;F;;;;
PROSPERIDADE III;532;F;;;;
BOA ESPERANÇA III;533;F;;;;
BOA ESPERANÇA III;536;F;;;;
BOA ESPERANÇA;0541;F;;;;
BOA ESPERANÇA;541;F;;;;
IMPERIAL II;543;F;;;;
IMPERIAL II;544;F;;;;
BOA ESPERANÇA;547;F;;;;
IMPERIAL II;548;F;;;;
BOA ESPERANÇA;552;F;;;;
BOA ESPERANÇA;558;F;;;;
IMPERIAL II;559;F;;;;
MARIA DE JESUS;560;M;;;;
PROSPERIDADE III;564;F;;;;
IMPERIAL II;565;F;;;;
BOA ESPERANÇA;568;F;;;;
BOA ESPERANÇA;570;F;;;;
BOA ESPERANÇA;0581;F;;;;
IMPERIAL II;583;F;;;;
BARRACÃO;585;F;;;;
IMPERIAL II;587;F;;;;
BOA ESPERANÇA;596;F;;;;
IMPERIAL II;597;F;;;;
BOA ESPERANÇA;598;F;;;;
BOA ESPERANÇA;603;F;;;;
IMPERIAL II;611;F;;;;
IMPERIAL II;616;F;;;;
IMPERIAL II;617;F;;;;
PROSPERIDADE II;619;F;;;;
BOA ESPERANÇA;621;F;;;;
BOA ESPERANÇA;623;F;;;;
IMPERIAL II;625;F;;;;
IMPERIAL II;628;F;;;;
BOA ESPERANÇA;633;F;;;;
IMPERIAL II;637;F;;;;
BOA ESPERANÇA;639;F;;;;
IMPERIAL II;645;F;;;;
IMPERIAL II;649;F;;;;
IMPERIAL II;653;F;;;;
IMPERIAL II;654;F;;;;
BOA ESPERANÇA;655;F;;;;
IMPERIAL II;657;F;;;;
IMPERIAL II;659;F;;;;
BOA ESPERANÇA;665;F;;;;
BOA ESPERANÇA;666;F;;;;
IMPERIAL II;668;F;;;;
IMPERIAL II;669;F;;;;
BOA ESPERANÇA;681;F;;;;
IMPERIAL II;686;F;;;;
PROSPERIDADE II;687;F;;;;
IMPERIAL II;688;F;;;;
IMPERIAL II;0691;F;;;;
IMPERIAL II;693;F;;;;
PROSPERIDADE II;694;F;;;;
BOA ESPERANÇA;697;F;;;;
BOA ESPERANÇA;699;F;;;;
IMPERIAL II;702;F;;;;
BARRACÃO;704;F;;;;
BOA ESPERANÇA;709;F;;;;
IMPERIAL II;710;F;;;;
BOA ESPERANÇA;711;F;;;;
IMPERIAL II;712;F;;;;
BOA ESPERANÇA;715;F;;;;
BOA ESPERANÇA;721;F;;;;
IMPERIAL II;722;F;;;;
PROSPERIDADE II;728;F;;;;
BOA ESPERANÇA III;729;F;;;;
BOA ESPERANÇA;730;F;;;;
BOA ESPERANÇA;732;F;;;;
IMPERIAL II;736;F;;;;
IMPERIAL II;742;F;;;;
IMPERIAL II;743;F;;;;
IMPERIAL II;748;F;;;;
IMPERIAL II;752;F;;;;
PROSPERIDADE II;754;F;;;;
IMPERIAL II;758;F;;;;
BOA ESPERANÇA;759;F;;;;
BOA ESPERANÇA;764;F;;;;
IMPERIAL II;765;F;;;;
BOA ESPERANÇA;766;F;;;;
IMPERIAL II;767;F;;;;
IMPERIAL II;771;F;;;;
BOA ESPERANÇA;772;F;;;;
IMPERIAL II;776;F;;;;
IMPERIAL II;777;F;;;;
IMPERIAL II;780;F;;;;
PROSPERIDADE II;782;F;;;;
IMPERIAL II;784;F;;;;
BOA ESPERANÇA III;791;F;;;;
BOA ESPERANÇA;792;F;;;;
BOA ESPERANÇA;794;F;;;;
IMPERIAL II;796;F;;;;
IMPERIAL II;797;F;;;;
IMPERIAL II;802;F;;;;
IMPERIAL II;805;F;;;;
IMPERIAL II;808;F;;;;
IMPERIAL II;814;F;;;;
IMPERIAL II;818;F;;;;
PROSPERIDADE II;819;F;;;;
BOA ESPERANÇA;824;F;;;;
MARIA DE JESUS;825;F;;;;
IMPERIAL II;830;F;;;;
IMPERIAL II;832;F;;;;
PROSPERIDADE II;838;F;;;;
MARIA DE JESUS;839;F;;;;
IMPERIAL II;840;F;;;;
BOA ESPERANÇA;847;F;;;;
IMPERIAL II;848;F;;;;
IMPERIAL II;850;F;;;;
IMPERIAL II;851;F;;;;
BOA ESPERANÇA;852;F;;;;
IMPERIAL II;856;F;;;;
BOA ESPERANÇA;858;F;;;;
BOA ESPERANÇA III;860;F;;;;
IMPERIAL II;0861;F;;;;
BOA ESPERANÇA;862;F;;;;
BARRACÃO;863;F;;;;
IMPERIAL II;865;F;;;;
IMPERIAL II;868;F;;;;
IMPERIAL II;869;F;;;;
BOA ESPERANÇA;0871;F;;;;
BOA ESPERANÇA III;872;F;;;;
IMPERIAL II;873;F;;;;
IMPERIAL II;874;F;;;;
IMPERIAL II;875;F;;;;
BOA ESPERANÇA;879;F;;;;
PROSPERIDADE II;881;F;;;;
PROSPERIDADE II;883;F;;;;
IMPERIAL II;884;F;;;;
IMPERIAL II;887;F;;;;
BOA ESPERANÇA;888;F;;;;
BOA ESPERANÇA;891;F;;;;
BOA ESPERANÇA;892;F;;;;
BOA ESPERANÇA III;893;F;;;;
PROSPERIDADE II;894;F;;;;
IMPERIAL II;895;F;;;;
BOA ESPERANÇA;901;F;;;;
PROSPERIDADE III;902;F;;;;
BOA ESPERANÇA;904;F;;;;
PROSPERIDADE II;907;F;;;;
PROSPERIDADE III;913;F;;;;
IMPERIAL II;914;F;;;;
PROSPERIDADE II;915;F;;;;
BOA ESPERANÇA III;916;F;;;;
IMPERIAL II;917;F;;;;
PROSPERIDADE II;920;F;;;;
BOA ESPERANÇA III;921;F;;;;
IMPERIAL II;929;F;;;;
IMPERIAL II;930;F;;;;
IMPERIAL II;931;F;;;;
IMPERIAL II;933;F;;;;
BOA ESPERANÇA;935;F;;;;
BOA ESPERANÇA;936;F;;;;
PROSPERIDADE II;937;F;;;;
IMPERIAL II;938;F;;;;
IMPERIAL II;939;F;;;;
IMPERIAL II;945;F;;;;
PROSPERIDADE II;949;F;;;;
BOA ESPERANÇA;0951;F;;;;
BOA ESPERANÇA;955;F;;;;
IMPERIAL II;958;F;;;;
BOA ESPERANÇA;959;F;;;;
IMPERIAL II;960;F;;;;
PROSPERIDADE II;962;F;;;;
BOA ESPERANÇA III;965;F;;;;
BOA ESPERANÇA III;968;F;;;;
IMPERIAL II;971;F;;;;
PROSPERIDADE II;972;F;;;;
PROSPERIDADE III;974;F;;;;
IMPERIAL II;975;F;;;;
BOA ESPERANÇA;976;F;;;;
PROSPERIDADE II;982;F;;;;
PROSPERIDADE II;984;F;;;;
IMPERIAL II;988;F;;;;
BARRACÃO;989;F;;;;
PROSPERIDADE II;990;F;;;;
IMPERIAL II;991;F;;;;
BOA ESPERANÇA;992;F;;;;
BARRACÃO;996;F;;;;
PROSPERIDADE II;998;F;;;;
IMPERIAL II;1000;F;;;;
PROSPERIDADE II;1001;F;;;;
IMPERIAL II;1003;F;;;;
PROSPERIDADE II;1004;F;;;;
IMPERIAL II;1014;F;;;;
PROSPERIDADE II;1016;F;;;;
IMPERIAL II;1018;F;;;;
IMPERIAL II;1019;F;;;;
BOA ESPERANÇA;1021;F;;;;
IMPERIAL II;1030;F;;;;
BOA ESPERANÇA;1036;F;;;;
BOA ESPERANÇA III;1037;F;;;;
PROSPERIDADE III;1038;F;;;;
IMPERIAL II;1039;F;;;;
BARRACÃO;1040;F;;;;
BOA ESPERANÇA III;1041;F;;;;
BOA ESPERANÇA III;1042;F;;;;
PROSPERIDADE II;1043;F;;;;
BOA ESPERANÇA III;1044;F;;;;
BOA ESPERANÇA III;1045;F;;;;
PROSPERIDADE III;1046;F;;;;
BARRACÃO;1047;F;;;;
MARIA DE JESUS;1049;F;;;;
PROSPERIDADE I;1050;F;;;;
BOA ESPERANÇA III;1051;F;;;;
MARIA DE JESUS;1052;F;;;;
BOA ESPERANÇA III;1053;F;;;;
BOA ESPERANÇA III;1054;F;;;;
IMPERIAL II;1055;F;;;;
PROSPERIDADE III;1056;F;;;;
PROSPERIDADE III;1058;F;;;;
PROSPERIDADE II;1059;F;;;;
PROSPERIDADE I;1060;F;;;;
BOA ESPERANÇA III;1061;F;;;;
BOA ESPERANÇA III;1062;F;;;;
PROSPERIDADE III;1063;F;;;;
BOA ESPERANÇA III;1064;F;;;;
PROSPERIDADE III;1065;F;;;;
PROSPERIDADE III;1066;F;;;;
BOA ESPERANÇA III;1067;F;;;;
PROSPERIDADE III;1068;F;;;;
BOA ESPERANÇA III;1069;F;;;;
BOA ESPERANÇA III;1070;F;;;;
PROSPERIDADE III;1071;F;;;;
BOA ESPERANÇA III;1072;F;;;;
BOA ESPERANÇA III;1073;F;;;;
PROSPERIDADE III;1075;F;;;;
PROSPERIDADE III;1076;F;;;;
BOA ESPERANÇA III;1077;F;;;;
PROSPERIDADE III;1078;F;;;;
PROSPERIDADE III;1079;F;;;;
PROSPERIDADE III;1080;F;;;;
BOA ESPERANÇA III;1081;F;;;;
BOA ESPERANÇA III;1083;F;;;;
PROSPERIDADE III;1084;F;;;;
PROSPERIDADE III;1085;F;;;;
BARRACÃO;1086;F;;;;
BOA ESPERANÇA III;1087;F;;;;
BARRACÃO;1088;F;;;;
PROSPERIDADE II;1089;F;;;;
PROSPERIDADE III;1090;F;;;;
PROSPERIDADE III;1091;F;;;;
PROSPERIDADE III;1092;F;;;;
PROSPERIDADE II;1093;F;;;;
IMPERIAL I;1094;F;;;;
IMPERIAL I;1095;F;;;;
MARIA DE JESUS;1096;F;;;;
BOA ESPERANÇA III;1097;F;;;;
PROSPERIDADE III;1098;F;;;;
BOA ESPERANÇA III;1099;F;;;;
BOA ESPERANÇA III;1100;F;;;;
PROSPERIDADE III;1101;F;;;;
IMPERIAL II;1102;F;;;;
BOA ESPERANÇA;1103;F;;;;
IMPERIAL I;1104;F;;;;
PROSPERIDADE III;1105;F;;;;
BOA ESPERANÇA III;1106;F;;;;
PROSPERIDADE III;1107;F;;;;
IMPERIAL II;1108;F;;;;
PROSPERIDADE III;1109;F;;;;
PROSPERIDADE II;1110;F;;;;
BOA ESPERANÇA III;1111;F;;;;
PROSPERIDADE I;1112;F;;;;
BARRACÃO;1113;F;;;;
IMPERIAL I;1114;F;;;;
BOA ESPERANÇA III;1115;F;;;;
PROSPERIDADE III;1116;F;;;;
IMPERIAL II;1117;F;;;;
BOA ESPERANÇA III;1118;F;;;;
PROSPERIDADE III;1119;F;;;;
BOA ESPERANÇA III;1122;F;;;;
PROSPERIDADE III;1124;F;;;;
PROSPERIDADE III;1125;F;;;;
BOA ESPERANÇA III;1126;F;;;;
PROSPERIDADE III;1127;F;;;;
PROSPERIDADE III;1128;F;;;;
BOA ESPERANÇA;1129;F;;;;
BOA ESPERANÇA III;1130;F;;;;
BOA ESPERANÇA III;1131;F;;;;
IMPERIAL II;1134;F;;;;
IMPERIAL II;1135;F;;;;
PROSPERIDADE III;1136;F;;;;
BOA ESPERANÇA;1137;F;;;;
PROSPERIDADE III;1138;F;;;;
PROSPERIDADE III;1140;F;;;;
BOA ESPERANÇA III;1141;F;;;;
BOA ESPERANÇA III;1143;F;;;;
BOA ESPERANÇA III;1144;F;;;;
BOA ESPERANÇA III;1145;F;;;;
BOA ESPERANÇA III;1146;F;;;;
IMPERIAL II;1147;F;;;;
PROSPERIDADE III;1148;F;;;;
BOA ESPERANÇA III;1149;F;;;;
BOA ESPERANÇA III;1150;F;;;;
BOA ESPERANÇA;1151;F;;;;
PROSPERIDADE III;1152;F;;;;
IMPERIAL I;1153;F;;;;
BARRACÃO;1154;F;;;;
BARRACÃO;1156;F;;;;
MARIA DE JESUS;1157;F;;;;
BOA ESPERANÇA III;1158;F;;;;
PROSPERIDADE III;1159;F;;;;
BOA ESPERANÇA III;1160;F;;;;
MARIA DE JESUS;1161;F;;;;
MARIA DE JESUS;1162;F;;;;
BOA ESPERANÇA;1163;F;;;;
BOA ESPERANÇA III;1164;F;;;;
IMPERIAL II;1167;F;;;;
BOA ESPERANÇA III;1168;F;;;;
IMPERIAL II;1169;F;;;;
BOA ESPERANÇA III;1170;F;;;;
IMPERIAL II;1171;F;;;;
BOA ESPERANÇA III;1172;F;;;;
BARRACÃO;1173;F;;;;
BOA ESPERANÇA III;1175;F;;;;
IMPERIAL II;1176;F;;;;
BOA ESPERANÇA;1177;F;;;;
BARRACÃO;1178;F;;;;
BOA ESPERANÇA;1179;F;;;;
BOA ESPERANÇA III;1180;F;;;;
BOA ESPERANÇA III;1181;F;;;;
IMPERIAL II;1182;F;;;;
BARRACÃO;1183;F;;;;
IMPERIAL II;1184;F;;;;
IMPERIAL II;1185;F;;;;
IMPERIAL II;1186;F;;;;
IMPERIAL II;1187;F;;;;
PROSPERIDADE II;1189;F;;;;
IMPERIAL II;1191;F;;;;
IMPERIAL II;1192;F;;;;
BOA ESPERANÇA;1193;F;;;;
IMPERIAL II;1194;F;;;;
BARRACÃO;1201;F;;;;
IMPERIAL II;1202;F;;;;
BARRACÃO;1203;F;;;;
IMPERIAL II;1207;F;;;;
BOA ESPERANÇA;1209;F;;;;
IMPERIAL II;1211;F;;;;
IMPERIAL II;1214;F;;;;
IMPERIAL II;1218;F;;;;
BARRACÃO;1219;F;;;;
IMPERIAL II;1221;F;;;;
BOA ESPERANÇA;1222;F;;;;
BOA ESPERANÇA;1224;F;;;;
IMPERIAL II;1227;F;;;;
IMPERIAL I;1228;F;;;;
IMPERIAL II;1229;F;;;;
BOA ESPERANÇA;1232;F;;;;
IMPERIAL II;1236;F;;;;
BOA ESPERANÇA III;1238;F;;;;
BOA ESPERANÇA;1239;F;;;;
IMPERIAL II;1240;F;;;;
IMPERIAL II;1241;F;;;;
BOA ESPERANÇA;1243;F;;;;
IMPERIAL II;1244;F;;;;
BOA ESPERANÇA;1245;F;;;;
IMPERIAL II;1246;F;;;;
BOA ESPERANÇA;1248;F;;;;
BOA ESPERANÇA;1249;F;;;;
IMPERIAL II;1250;F;;;;
IMPERIAL II;1252;F;;;;
IMPERIAL II;1253;F;;;;
PROSPERIDADE III;1254;F;;;;
IMPERIAL II;1255;F;;;;
PROSPERIDADE II;1256;F;;;;
BOA ESPERANÇA;1257;F;;;;
PROSPERIDADE II;1262;F;;;;
IMPERIAL II;1263;F;;;;
IMPERIAL II;1266;F;;;;
IMPERIAL II;1269;F;;;;
BOA ESPERANÇA III;1270;F;;;;
IMPERIAL II;1271;F;;;;
BOA ESPERANÇA;1272;F;;;;
IMPERIAL II;1274;F;;;;
BOA ESPERANÇA III;1275;F;;;;
BOA ESPERANÇA III;1277;F;;;;
BOA ESPERANÇA;1278;F;;;;
BOA ESPERANÇA;1279;F;;;;
IMPERIAL II;1282;F;;;;
BOA ESPERANÇA III;1283;F;;;;
BOA ESPERANÇA III;1284;F;;;;
BARRACÃO;1285;F;;;;
BOA ESPERANÇA;1286;F;;;;
IMPERIAL II;1287;F;;;;
BOA ESPERANÇA;1292;F;;;;
BOA ESPERANÇA;1296;F;;;;
BOA ESPERANÇA III;1299;F;;;;
BOA ESPERANÇA;1304;F;;;;
PROSPERIDADE III;1305;F;;;;
IMPERIAL II;1307;F;;;;
BOA ESPERANÇA;1308;F;;;;
BOA ESPERANÇA III;1309;F;;;;
BARRACÃO;1310;F;;;;
IMPERIAL II;1311;F;;;;
BOA ESPERANÇA III;1312;F;;;;
IMPERIAL II;1314;F;;;;
BOA ESPERANÇA III;1315;F;;;;
BARRACÃO;1316;F;;;;
BOA ESPERANÇA III;1318;F;;;;
IMPERIAL II;1319;F;;;;
BOA ESPERANÇA;1320;F;;;;
BARRACÃO;1321;F;;;;
BOA ESPERANÇA;1322;F;;;;
IMPERIAL II;1323;F;;;;
BOA ESPERANÇA;1324;F;;;;
IMPERIAL II;1325;F;;;;
BOA ESPERANÇA;1326;F;;;;
PROSPERIDADE III;1329;F;;;;
IMPERIAL II;1331;F;;;;
IMPERIAL II;1334;F;;;;
BOA ESPERANÇA;1335;F;;;;
BOA ESPERANÇA;1336;F;;;;
BOA ESPERANÇA;1337;F;;;;
BOA ESPERANÇA;1338;F;;;;
IMPERIAL II;1339;F;;;;
IMPERIAL II;1340;F;;;;
BOA ESPERANÇA;1341;F;;;;
BOA ESPERANÇA;1342;F;;;;
BOA ESPERANÇA;1343;F;;;;
BOA ESPERANÇA;1344;F;;;;
PROSPERIDADE II;1346;F;;;;
MARIA DE JESUS;1347;F;;;;
IMPERIAL I;1348;F;;;;
BOA ESPERANÇA;1349;F;;;;
MARIA DE JESUS;1352;F;;;;
BOA ESPERANÇA III;1353;F;;;;
BOA ESPERANÇA III;1354;F;;;;
BOA ESPERANÇA;1355;F;;;;
BOA ESPERANÇA;1356;F;;;;
PROSPERIDADE II;1359;F;;;;
BOA ESPERANÇA III;1361;F;;;;
BARRACÃO;1362;F;;;;
BOA ESPERANÇA;1363;F;;;;
BOA ESPERANÇA;1364;F;;;;
BOA ESPERANÇA;1366;F;;;;
BOA ESPERANÇA;1368;F;;;;
PROSPERIDADE II;1371;F;;;;
PROSPERIDADE II;1372;F;;;;
BOA ESPERANÇA;1374;F;;;;
BOA ESPERANÇA III;1375;F;;;;
BOA ESPERANÇA III;1376;F;;;;
BOA ESPERANÇA;1379;F;;;;
IMPERIAL II;1380;F;;;;
MARIA DE JESUS;1382;F;;;;
BOA ESPERANÇA;1383;F;;;;
BOA ESPERANÇA;1384;F;;;;
IMPERIAL II;1385;F;;;;
PROSPERIDADE II;1386;F;;;;
BOA ESPERANÇA;1387;F;;;;
IMPERIAL II;1389;F;;;;
IMPERIAL II;1390;F;;;;
BOA ESPERANÇA III;1391;F;;;;
BOA ESPERANÇA;1392;F;;;;
BOA ESPERANÇA III;1395;F;;;;
IMPERIAL II;1400;F;;;;
PROSPERIDADE II;1401;F;;;;
BOA ESPERANÇA;1403;F;;;;
IMPERIAL II;1405;F;;;;
IMPERIAL II;1407;F;;;;
PROSPERIDADE II;1408;F;;;;
IMPERIAL II;1409;F;;;;
BOA ESPERANÇA;1410;F;;;;
IMPERIAL II;1414;F;;;;
BOA ESPERANÇA;1415;F;;;;
BOA ESPERANÇA;1417;F;;;;
IMPERIAL II;1418;F;;;;
PROSPERIDADE II;1419;F;;;;
BOA ESPERANÇA;1420;F;;;;
BOA ESPERANÇA III;1421;F;;;;
BOA ESPERANÇA;1422;F;;;;
IMPERIAL II;1426;F;;;;
IMPERIAL II;1427;F;;;;
BOA ESPERANÇA;1428;F;;;;
BOA ESPERANÇA;1429;F;;;;
BOA ESPERANÇA;1430;F;;;;
IMPERIAL II;1431;F;;;;
BOA ESPERANÇA III;1433;F;;;;
IMPERIAL II;1435;F;;;;
IMPERIAL II;1436;F;;;;
IMPERIAL II;1437;F;;;;
BOA ESPERANÇA;1438;F;;;;
PROSPERIDADE III;1441;F;;;;
IMPERIAL II;1444;F;;;;
PROSPERIDADE II;1445;F;;;;
IMPERIAL II;1447;F;;;;
IMPERIAL II;1449;F;;;;
BOA ESPERANÇA;1450;F;;;;
BARRACÃO;1451;F;;;;
BOA ESPERANÇA III;1453;F;;;;
IMPERIAL II;1454;F;;;;
BOA ESPERANÇA III;1458;F;;;;
BOA ESPERANÇA;1459;F;;;;
BOA ESPERANÇA;1460;F;;;;
IMPERIAL II;1461;F;;;;
IMPERIAL II;1462;F;;;;
BOA ESPERANÇA;1463;F;;;;
BOA ESPERANÇA;1465;F;;;;
IMPERIAL II;1466;F;;;;
PROSPERIDADE II;1468;F;;;;
BOA ESPERANÇA;1471;F;;;;
IMPERIAL II;1472;F;;;;
BOA ESPERANÇA;1473;F;;;;
PROSPERIDADE II;1476;F;;;;
BOA ESPERANÇA III;1477;F;;;;
BOA ESPERANÇA III;1482;F;;;;
BOA ESPERANÇA III;1483;F;;;;
BOA ESPERANÇA;1484;F;;;;
BOA ESPERANÇA;1485;F;;;;
IMPERIAL II;1486;F;;;;
BOA ESPERANÇA III;1487;F;;;;
IMPERIAL II;1488;F;;;;
IMPERIAL II;1489;F;;;;
BOA ESPERANÇA III;1491;F;;;;
IMPERIAL II;1492;F;;;;
BOA ESPERANÇA;1494;F;;;;
BOA ESPERANÇA;1495;F;;;;
BOA ESPERANÇA;1496;F;;;;
IMPERIAL II;1497;F;;;;
IMPERIAL II;1498;F;;;;
BOA ESPERANÇA;1500;F;;;;
IMPERIAL II;1503;F;;;;
PROSPERIDADE II;1504;F;;;;
BOA ESPERANÇA III;1505;F;;;;
BOA ESPERANÇA;1506;F;;;;
BOA ESPERANÇA;1508;F;;;;
PROSPERIDADE II;1509;F;;;;
BOA ESPERANÇA;1510;F;;;;
BOA ESPERANÇA;1511;F;;;;
BOA ESPERANÇA;1512;F;;;;
BOA ESPERANÇA;1514;F;;;;
IMPERIAL II;1515;F;;;;
BOA ESPERANÇA;1516;F;;;;
IMPERIAL II;1517;F;;;;
BOA ESPERANÇA;1518;F;;;;
BOA ESPERANÇA;1519;F;;;;
BOA ESPERANÇA III;1520;F;;;;
BOA ESPERANÇA;1521;F;;;;
IMPERIAL II;1523;F;;;;
PROSPERIDADE II;1525;F;;;;
IMPERIAL II;1526;F;;;;
IMPERIAL II;1527;F;;;;
BARRACÃO;1529;F;;;;
BARRACÃO;1530;F;;;;
BARRACÃO;1531;F;;;;
BOA ESPERANÇA III;1532;F;;;;
PROSPERIDADE II;1533;F;;;;
BARRACÃO;1534;F;;;;
PROSPERIDADE III;1536;F;;;;
PROSPERIDADE III;1537;F;;;;
PROSPERIDADE III;1538;F;;;;
PROSPERIDADE III;1541;F;;;;
BARRACÃO;1542;F;;;;
BARRACÃO;1544;F;;;;
PROSPERIDADE III;1545;F;;;;
PROSPERIDADE III;1546;F;;;;
BARRACÃO;1547;F;;;;
BARRACÃO;1549;F;;;;
IMPERIAL II;1550;F;;;;
BARRACÃO;1551;F;;;;
BARRACÃO;1552;F;;;;
BARRACÃO;1554;F;;;;
BOA ESPERANÇA III;1555;F;;;;
BOA ESPERANÇA III;1556;F;;;;
BARRACÃO;1557;F;;;;
BARRACÃO;1559;F;;;;
BARRACÃO;1563;F;;;;
BARRACÃO;1564;F;;;;
BARRACÃO;1565;F;;;;
PROSPERIDADE III;1566;F;;;;
PROSPERIDADE II;1568;F;;;;
BARRACÃO;1569;F;;;;
PROSPERIDADE III;1570;F;;;;
PROSPERIDADE II;1572;F;;;;
BARRACÃO;1573;F;;;;
BARRACÃO;1576;F;;;;
BARRACÃO;1578;F;;;;
PROSPERIDADE II;1579;F;;;;
MARIA DE JESUS;1580;F;;;;
MARIA DE JESUS;1581;F;;;;
PROSPERIDADE II;1583;F;;;;
MARIA DE JESUS;1584;F;;;;
MARIA DE JESUS;1585;F;;;;
PROSPERIDADE III;1586;F;;;;
MARIA DE JESUS;1587;F;;;;
MARIA DE JESUS;1588;F;;;;
PROSPERIDADE III;1589;F;;;;
BOA ESPERANÇA;1590;F;;;;
PROSPERIDADE II;1591;F;;;;
PROSPERIDADE III;1592;F;;;;
BOA ESPERANÇA III;1593;F;;;;
PROSPERIDADE III;1594;F;;;;
PROSPERIDADE III;1595;F;;;;
BARRACÃO;1597;F;;;;
PROSPERIDADE III;1598;F;;;;
PROSPERIDADE II;1599;F;;;;
IMPERIAL I;1601;F;;;;
PROSPERIDADE III;1602;F;;;;
BARRACÃO;1603;F;;;;
BOA ESPERANÇA III;1604;F;;;;
PROSPERIDADE III;1605;F;;;;
PROSPERIDADE I;1606;F;;;;
BOA ESPERANÇA III;1608;F;;;;
IMPERIAL I;1609;F;;;;
BOA ESPERANÇA III;1610;F;;;;
BOA ESPERANÇA III;1611;F;;;;
MARIA DE JESUS;1612;F;;;;
PROSPERIDADE III;1613;F;;;;
BOA ESPERANÇA III;1615;F;;;;
MARIA DE JESUS;1616;F;;;;
PROSPERIDADE III;1617;F;;;;
MARIA DE JESUS;1618;F;;;;
PROSPERIDADE II;1619;F;;;;
PROSPERIDADE III;1620;F;;;;
PROSPERIDADE III;1622;F;;;;
BOA ESPERANÇA III;1623;F;;;;
BOA ESPERANÇA;1624;F;;;;
PROSPERIDADE III;1625;F;;;;
BARRACÃO;1626;F;;;;
BARRACÃO;1627;F;;;;
BOA ESPERANÇA III;1628;F;;;;
BOA ESPERANÇA III;1629;F;;;;
MARIA DE JESUS;1630;F;;;;
MARIA DE JESUS;1632;F;;;;
MARIA DE JESUS;1633;F;;;;
PROSPERIDADE I;1635;F;;;;
IMPERIAL I;1636;F;;;;
PROSPERIDADE III;1637;F;;;;
BOA ESPERANÇA III;1638;F;;;;
PROSPERIDADE III;1639;F;;;;
PROSPERIDADE III;1640;F;;;;
BARRACÃO;1641;F;;;;
BARRACÃO;1642;F;;;;
PROSPERIDADE III;1643;F;;;;
BOA ESPERANÇA III;1644;F;;;;
PROSPERIDADE III;1645;F;;;;
BARRACÃO;1646;F;;;;
PROSPERIDADE III;1647;F;;;;
BARRACÃO;1648;F;;;;
MARIA DE JESUS;1649;F;;;;
MARIA DE JESUS;1650;F;;;;
MARIA DE JESUS;1651;F;;;;
MARIA DE JESUS;1653;F;;;;
PROSPERIDADE III;1654;F;;;;
MARIA DE JESUS;1655;F;;;;
BARRACÃO;1656;F;;;;
PROSPERIDADE II;1657;F;;;;
BOA ESPERANÇA III;1658;F;;;;
IMPERIAL II;1659;F;;;;
BOA ESPERANÇA;1660;F;;;;
PROSPERIDADE II;1661;F;;;;
BOA ESPERANÇA III;1662;F;;;;
IMPERIAL II;1663;F;;;;
BOA ESPERANÇA;1664;F;;;;
BOA ESPERANÇA;1669;F;;;;
BOA ESPERANÇA;1670;F;;;;
BOA ESPERANÇA III;1671;F;;;;
BOA ESPERANÇA;1672;F;;;;
BOA ESPERANÇA III;1675;F;;;;
BOA ESPERANÇA;1676;F;;;;
BOA ESPERANÇA;1677;F;;;;
MARIA DE JESUS;1678;F;;;;
BARRACÃO;1681;F;;;;
BOA ESPERANÇA III;1686;F;;;;
BARRACÃO;1688;F;;;;
BARRACÃO;1691;F;;;;
BARRACÃO;1692;F;;;;
BARRACÃO;1696;F;;;;
BOA ESPERANÇA III;1697;F;;;;
BARRACÃO;1698;F;;;;
BARRACÃO;1699;F;;;;
BARRACÃO;1700;F;;;;
PROSPERIDADE II;1701;F;;;;
IMPERIAL I;1702;F;;;;
BARRACÃO;1708;F;;;;
PROSPERIDADE I;1710;F;;;;
BARRACÃO;1714;F;;;;
PROSPERIDADE III;1717;F;;;;
BARRACÃO;1720;F;;;;
BARRACÃO;1722;F;;;;
BARRACÃO;1732;F;;;;
BOA ESPERANÇA;1740;F;;;;
BOA ESPERANÇA;1741;F;;;;
IMPERIAL II;1742;F;;;;
IMPERIAL II;1743;F;;;;
MARIA DE JESUS;1745;F;;;;
BOA ESPERANÇA;1746;F;;;;
PROSPERIDADE I;1747;M;;;;
MARIA DE JESUS;1749;F;;;;
BOA ESPERANÇA III;1750;F;;;;
BOA ESPERANÇA;1751;F;;;;
BOA ESPERANÇA;1752;F;;;;
IMPERIAL I;1753;F;;;;
IMPERIAL II;1754;F;;;;
BOA ESPERANÇA;1756;F;;;;
BOA ESPERANÇA;1759;F;;;;
BOA ESPERANÇA;1760;F;;;;
BOA ESPERANÇA;1762;F;;;;
BOA ESPERANÇA;1767;F;;;;
BARRACÃO;1769;F;;;;
PROSPERIDADE I;1770;F;;;;
BOA ESPERANÇA III;1773;F;;;;
PROSPERIDADE III;1775;F;;;;
BARRACÃO;1781;F;;;;
BARRACÃO;1782;F;;;;
BARRACÃO;1786;F;;;;
BARRACÃO;1788;F;;;;
PROSPERIDADE III;1795;F;;;;
BOA ESPERANÇA III;1796;F;;;;
BARRACÃO;1797;F;;;;
BARRACÃO;1798;F;;;;
PROSPERIDADE II;1799;F;;;;
PROSPERIDADE III;1800;F;;;;
BOA ESPERANÇA III;1802;F;;;;
BARRACÃO;1803;F;;;;
BARRACÃO;1804;F;;;;
BARRACÃO;1807;F;;;;
PROSPERIDADE III;1808;F;;;;
IMPERIAL I;1809;F;;;;
BARRACÃO;1815;F;;;;
PROSPERIDADE II;1817;F;;;;
PROSPERIDADE III;1820;F;;;;
IMPERIAL I;1821;F;;;;
BARRACÃO;1827;F;;;;
PROSPERIDADE II;1831;F;;;;
PROSPERIDADE III;1833;F;;;;
MARIA DE JESUS;1834;F;;;;
PROSPERIDADE II;1835;F;;;;
PROSPERIDADE III;1836;F;;;;
PROSPERIDADE II;1840;F;;;;
PROSPERIDADE III;1845;F;;;;
BARRACÃO;1846;F;;;;
IMPERIAL II;1847;F;;;;
IMPERIAL II;1849;F;;;;
BARRACÃO;1852;F;;;;
PROSPERIDADE III;1854;F;;;;
PROSPERIDADE II;1856;F;;;;
PROSPERIDADE II;1857;F;;;;
PROSPERIDADE II;1858;F;;;;
BOA ESPERANÇA III;1860;F;;;;
PROSPERIDADE II;1861;F;;;;
MARIA DE JESUS;1865;F;;;;
IMPERIAL I;1866;F;;;;
IMPERIAL II;1867;F;;;;
BOA ESPERANÇA;1868;F;;;;
IMPERIAL II;1873;F;;;;
BOA ESPERANÇA;1874;F;;;;
PROSPERIDADE II;1875;F;;;;
BOA ESPERANÇA III;1876;F;;;;
BOA ESPERANÇA;1877;F;;;;
BOA ESPERANÇA III;1878;F;;;;
BOA ESPERANÇA;2061;F;;;;
MARIA DE JESUS;2074;F;;;;
PROSPERIDADE II;2121;F;;;;
BARRACÃO;2201;F;;;;
BOA ESPERANÇA;2221;F;;;;
PROSPERIDADE III;2268;F;;;;
BOA ESPERANÇA;2271;F;;;;
BOA ESPERANÇA;2272;F;;;;
BOA ESPERANÇA;2273;F;;;;
BOA ESPERANÇA;2276;F;;;;
IMPERIAL II;2277;F;;;;
IMPERIAL II;2279;F;;;;
IMPERIAL II;2280;F;;;;
IMPERIAL II;2282;F;;;;
BOA ESPERANÇA III;2283;F;;;;
IMPERIAL II;2285;F;;;;
IMPERIAL II;2286;F;;;;
PROSPERIDADE II;2287;F;;;;
IMPERIAL II;2289;F;;;;
IMPERIAL II;2291;F;;;;
BOA ESPERANÇA;2292;F;;;;
IMPERIAL II;2294;F;;;;
BOA ESPERANÇA III;2295;F;;;;
PROSPERIDADE II;2296;F;;;;
BOA ESPERANÇA;2298;F;;;;
BOA ESPERANÇA;2301;F;;;;
BOA ESPERANÇA III;2303;F;;;;
BOA ESPERANÇA;2304;F;;;;
BOA ESPERANÇA;2305;F;;;;
BOA ESPERANÇA;2306;F;;;;
IMPERIAL II;2307;F;;;;
BOA ESPERANÇA;2310;F;;;;
IMPERIAL II;2311;F;;;;
IMPERIAL II;2313;F;;;;
IMPERIAL I;2314;F;;;;
BOA ESPERANÇA;2315;F;;;;
IMPERIAL II;2316;F;;;;
BOA ESPERANÇA;2317;F;;;;
PROSPERIDADE II;2318;F;;;;
BOA ESPERANÇA;2319;F;;;;
BOA ESPERANÇA;2320;F;;;;
BOA ESPERANÇA;2321;F;;;;
BOA ESPERANÇA;2322;F;;;;
BOA ESPERANÇA;2323;F;;;;
BOA ESPERANÇA III;2326;F;;;;
BOA ESPERANÇA;2327;F;;;;
BOA ESPERANÇA III;2330;F;;;;
BOA ESPERANÇA;2331;F;;;;
BOA ESPERANÇA;2332;F;;;;
BOA ESPERANÇA;2333;F;;;;
PROSPERIDADE II;2334;F;;;;
PROSPERIDADE II;2335;F;;;;
IMPERIAL II;2336;F;;;;
PROSPERIDADE II;2337;F;;;;
PROSPERIDADE II;2338;F;;;;
PROSPERIDADE II;2339;F;;;;
PROSPERIDADE II;2340;F;;;;
IMPERIAL II;2341;F;;;;
IMPERIAL II;2342;F;;;;
PROSPERIDADE II;2343;F;;;;
PROSPERIDADE II;2344;F;;;;
PROSPERIDADE II;2345;F;;;;
PROSPERIDADE II;2346;F;;;;
PROSPERIDADE II;2347;F;;;;
PROSPERIDADE II;2348;F;;;;
IMPERIAL I;2350;F;;;;
PROSPERIDADE II;2352;F;;;;
PROSPERIDADE II;2353;F;;;;
PROSPERIDADE II;2354;F;;;;
PROSPERIDADE II;2355;F;;;;
PROSPERIDADE II;2356;F;;;;
PROSPERIDADE II;2357;F;;;;
PROSPERIDADE II;2358;F;;;;
IMPERIAL I;2359;F;;;;
PROSPERIDADE II;2360;F;;;;
PROSPERIDADE II;2361;F;;;;
PROSPERIDADE II;2362;F;;;;
PROSPERIDADE II;2363;F;;;;
BARRACÃO;2364;F;;;;
PROSPERIDADE II;2365;F;;;;
PROSPERIDADE II;2366;F;;;;
PROSPERIDADE II;2367;F;;;;
IMPERIAL I;2368;F;;;;
PROSPERIDADE II;2369;F;;;;
PROSPERIDADE II;2370;F;;;;
PROSPERIDADE III;2371;F;;;;
PROSPERIDADE II;2372;F;;;;
PROSPERIDADE II;2373;F;;;;
PROSPERIDADE II;2374;F;;;;
PROSPERIDADE II;2377;F;;;;
IMPERIAL II;2378;F;;;;
PROSPERIDADE II;2379;F;;;;
PROSPERIDADE II;2380;F;;;;
PROSPERIDADE II;2381;F;;;;
IMPERIAL II;2382;F;;;;
PROSPERIDADE II;2383;F;;;;
IMPERIAL II;2385;F;;;;
IMPERIAL II;2386;F;;;;
IMPERIAL II;2387;F;;;;
PROSPERIDADE II;2388;F;;;;
IMPERIAL II;2389;F;;;;
PROSPERIDADE II;2390;F;;;;
IMPERIAL II;2391;F;;;;
IMPERIAL II;2392;F;;;;
PROSPERIDADE II;2393;F;;;;
IMPERIAL II;2394;F;;;;
PROSPERIDADE II;2395;F;;;;
PROSPERIDADE II;2396;F;;;;
PROSPERIDADE II;2397;F;;;;
IMPERIAL I;2398;F;;;;
IMPERIAL II;2399;F;;;;
PROSPERIDADE III;2400;F;;;;
IMPERIAL II;2401;F;;;;
IMPERIAL II;2402;F;;;;
PROSPERIDADE II;2403;F;;;;
PROSPERIDADE II;2404;F;;;;
MARIA DE JESUS;2405;F;;;;
PROSPERIDADE II;2406;F;;;;
IMPERIAL I;2407;F;;;;
PROSPERIDADE II;2408;F;;;;
IMPERIAL II;2409;F;;;;
PROSPERIDADE II;2410;F;;;;
PROSPERIDADE II;2411;F;;;;
PROSPERIDADE III;2412;F;;;;
PROSPERIDADE II;2414;F;;;;
IMPERIAL II;2416;F;;;;
PROSPERIDADE II;2417;F;;;;
IMPERIAL II;2418;F;;;;
PROSPERIDADE III;2419;F;;;;
IMPERIAL II;2420;F;;;;
PROSPERIDADE II;2421;F;;;;
PROSPERIDADE II;2422;F;;;;
BOA ESPERANÇA III;2423;F;;;;
IMPERIAL II;2424;F;;;;
PROSPERIDADE II;2425;F;;;;
PROSPERIDADE II;2428;F;;;;
IMPERIAL II;2429;F;;;;
IMPERIAL II;2430;F;;;;
PROSPERIDADE II;2433;F;;;;
PROSPERIDADE II;2435;F;;;;
PROSPERIDADE II;2436;F;;;;
PROSPERIDADE II;2437;F;;;;
PROSPERIDADE II;2438;F;;;;
PROSPERIDADE II;2439;F;;;;
PROSPERIDADE II;2440;F;;;;
IMPERIAL II;2443;F;;;;
BOA ESPERANÇA;2445;F;;;;
BARRACÃO;2455;F;;;;
PROSPERIDADE II;2456;F;;;;
BARRACÃO;2457;F;;;;
BARRACÃO;2458;F;;;;
BARRACÃO;2460;F;;;;
BOA ESPERANÇA III;2461;F;;;;
BOA ESPERANÇA III;2462;F;;;;
BARRACÃO;2465;F;;;;
PROSPERIDADE III;2466;F;;;;
BARRACÃO;2467;F;;;;
BOA ESPERANÇA III;2477;F;;;;
BOA ESPERANÇA III;2480;F;;;;
IMPERIAL II;2481;F;;;;
BARRACÃO;2482;F;;;;
BARRACÃO;2484;F;;;;
BOA ESPERANÇA III;2488;F;;;;
BARRACÃO;2492;F;;;;
IMPERIAL II;2495;F;;;;
IMPERIAL II;2500;F;;;;
BARRACÃO;2503;F;;;;
PROSPERIDADE II;2508;F;;;;
IMPERIAL II;2509;F;;;;
BOA ESPERANÇA III;2514;F;;;;
BARRACÃO;2516;F;;;;
BARRACÃO;2517;F;;;;
BOA ESPERANÇA III;2518;F;;;;
BARRACÃO;2519;F;;;;
BARRACÃO;2520;F;;;;
IMPERIAL I;2525;F;;;;
BARRACÃO;2527;F;;;;
PROSPERIDADE III;2528;F;;;;
BARRACÃO;2538;F;;;;
IMPERIAL I;2541;F;;;;
BOA ESPERANÇA;2542;F;;;;
PROSPERIDADE III;2543;F;;;;
IMPERIAL II;2545;F;;;;
IMPERIAL II;2546;F;;;;
IMPERIAL II;2548;F;;;;
BOA ESPERANÇA;2549;F;;;;
BOA ESPERANÇA;2550;F;;;;
PROSPERIDADE III;2551;F;;;;
IMPERIAL II;2552;F;;;;
BOA ESPERANÇA III;2553;F;;;;
BOA ESPERANÇA;2554;F;;;;
BOA ESPERANÇA;2555;F;;;;
PROSPERIDADE II;2561;F;;;;
BOA ESPERANÇA;2591;F;;;;
BOA ESPERANÇA;2621;F;;;;
FAZENDA COROATÁ;2692;F;;;;
MARIA DE JESUS;2754;F;;;;
BOA ESPERANÇA;2811;F;;;;
MARIA DE JESUS;2904;F;;;;
PROSPERIDADE II;2914;F;;;;
PROSPERIDADE II;2930;F;;;;
BOA ESPERANÇA;2941;F;;;;
MARIA DE JESUS;2979;F;;;;
MARIA DE JESUS;3003;F;;;;
MARIA DE JESUS;3004;F;;;;
MARIA DE JESUS;3005;F;;;;
MARIA DE JESUS;3007;F;;;;
MARIA DE JESUS;3009;F;;;;
MARIA DE JESUS;3036;F;;;;
MARIA DE JESUS;3038;F;;;;
MARIA DE JESUS;3041;F;;;;
BOA ESPERANÇA;3051;F;;;;
MARIA DE JESUS;3052;F;;;;
PROSPERIDADE II;3054;F;;;;
BARRACÃO;3100;F;;;;
BARRACÃO;3103;F;;;;
BARRACÃO;3105;F;;;;
BOA ESPERANÇA III;3107;F;;;;
PROSPERIDADE III;3110;F;;;;
BARRACÃO;3111;F;;;;
IMPERIAL II;3112;F;;;;
IMPERIAL I;3113;F;;;;
PROSPERIDADE III;3114;F;;;;
BOA ESPERANÇA III;3115;F;;;;
BOA ESPERANÇA III;3118;F;;;;
BOA ESPERANÇA III;3119;F;;;;
BARRACÃO;3124;F;;;;
FAZENDA COROATÁ;3125;F;;;;
BARRACÃO;3126;F;;;;
BARRACÃO;3128;F;;;;
BARRACÃO;3129;F;;;;
BARRACÃO;3130;F;;;;
IMPERIAL I;3132;F;;;;
IMPERIAL I;3134;F;;;;
IMPERIAL I;3141;F;;;;
PROSPERIDADE II;3150;F;;;;
IMPERIAL I;3151;F;;;;
IMPERIAL I;3152;F;;;;
IMPERIAL I;3153;F;;;;
IMPERIAL I;3156;F;;;;
IMPERIAL I;3162;F;;;;
BOA ESPERANÇA III;3165;F;;;;
PROSPERIDADE II;3168;F;;;;
PROSPERIDADE II;3171;F;;;;
PROSPERIDADE III;3174;F;;;;
PROSPERIDADE I;3176;F;;;;
PROSPERIDADE I;3180;F;;;;
BOA ESPERANÇA III;3182;F;;;;
IMPERIAL I;3183;F;;;;
BARRACÃO;3184;F;;;;
IMPERIAL I;3185;F;;;;
PROSPERIDADE II;3188;F;;;;
IMPERIAL I;3189;F;;;;
BARRACÃO;3190;F;;;;
IMPERIAL I;3192;F;;;;
IMPERIAL I;3193;F;;;;
IMPERIAL I;3194;F;;;;
PROSPERIDADE I;3196;F;;;;
PROSPERIDADE I;3198;F;;;;
IMPERIAL I;3202;F;;;;
PROSPERIDADE III;3203;F;;;;
BARRACÃO;3204;F;;;;
BARRACÃO;3206;F;;;;
BARRACÃO;3207;F;;;;
BARRACÃO;3208;F;;;;
PROSPERIDADE I;3209;F;;;;
IMPERIAL I;3211;F;;;;
BARRACÃO;3217;F;;;;
BARRACÃO;3219;F;;;;
BARRACÃO;3221;F;;;;
PROSPERIDADE I;3222;F;;;;
BARRACÃO;3224;F;;;;
BARRACÃO;3225;F;;;;
IMPERIAL I;3226;F;;;;
BARRACÃO;3227;F;;;;
IMPERIAL I;3230;F;;;;
BARRACÃO;3232;F;;;;
BARRACÃO;3233;F;;;;
BOA ESPERANÇA III;3234;F;;;;
IMPERIAL I;3236;F;;;;
PROSPERIDADE III;3238;F;;;;
IMPERIAL I;3239;F;;;;
BARRACÃO;3240;F;;;;
IMPERIAL I;3242;F;;;;
BARRACÃO;3245;F;;;;
BARRACÃO;3249;F;;;;
IMPERIAL I;3250;F;;;;
BOA ESPERANÇA III;3254;F;;;;
IMPERIAL I;3256;F;;;;
IMPERIAL I;3259;F;;;;
IMPERIAL I;3260;F;;;;
PROSPERIDADE I;3262;F;;;;
BARRACÃO;3263;F;;;;
BARRACÃO;3265;F;;;;
BARRACÃO;3269;F;;;;
IMPERIAL I;3270;F;;;;
BARRACÃO;3271;F;;;;
IMPERIAL I;3273;F;;;;
IMPERIAL II;3274;F;;;;
PROSPERIDADE III;3276;F;;;;
BARRACÃO;3279;F;;;;
BOA ESPERANÇA III;3285;F;;;;
IMPERIAL I;3287;F;;;;
IMPERIAL I;3288;F;;;;
IMPERIAL I;3291;F;;;;
IMPERIAL I;3293;F;;;;
BARRACÃO;3294;F;;;;
BARRACÃO;3295;F;;;;
PROSPERIDADE II;3298;F;;;;
BARRACÃO;3299;F;;;;
BOA ESPERANÇA III;3300;F;;;;
MARIA DE JESUS;3303;F;;;;
BARRACÃO;3305;F;;;;
BOA ESPERANÇA III;3310;F;;;;
BARRACÃO;3312;F;;;;
IMPERIAL I;3313;F;;;;
BARRACÃO;3314;F;;;;
BOA ESPERANÇA III;3319;F;;;;
BOA ESPERANÇA III;3320;F;;;;
PROSPERIDADE I;3321;F;;;;
PROSPERIDADE III;3325;F;;;;
BARRACÃO;3326;F;;;;
PROSPERIDADE III;3327;F;;;;
IMPERIAL I;3328;F;;;;
BARRACÃO;3331;F;;;;
PROSPERIDADE III;3333;F;;;;
PROSPERIDADE I;3339;F;;;;
BARRACÃO;3340;F;;;;
BARRACÃO;3342;F;;;;
IMPERIAL I;3344;F;;;;
IMPERIAL I;3346;F;;;;
PROSPERIDADE I;3347;F;;;;
BOA ESPERANÇA III;3348;F;;;;
BOA ESPERANÇA III;3350;F;;;;
PROSPERIDADE III;3351;F;;;;
BOA ESPERANÇA III;3352;F;;;;
IMPERIAL I;3354;F;;;;
BARRACÃO;3355;F;;;;
BARRACÃO;3356;F;;;;
BARRACÃO;3357;F;;;;
PROSPERIDADE III;3358;F;;;;
BARRACÃO;3360;F;;;;
BOA ESPERANÇA III;3362;F;;;;
BOA ESPERANÇA III;3371;F;;;;
FAZENDA COROATÁ;3372;F;;;;
IMPERIAL I;3375;F;;;;
BOA ESPERANÇA III;3377;F;;;;
BOA ESPERANÇA III;3378;F;;;;
BOA ESPERANÇA III;3381;F;;;;
IMPERIAL II;3382;F;;;;
PROSPERIDADE III;3391;F;;;;
FAZENDA COROATÁ;3395;F;;;;
BOA ESPERANÇA III;3396;F;;;;
IMPERIAL I;3401;F;;;;
BOA ESPERANÇA III;3403;F;;;;
PROSPERIDADE III;3408;F;;;;
BOA ESPERANÇA III;3410;F;;;;
PROSPERIDADE I;3412;F;;;;
BARRACÃO;3414;F;;;;
PROSPERIDADE I;3420;F;;;;
BOA ESPERANÇA III;3422;F;;;;
FAZENDA COROATÁ;3431;F;;;;
BARRACÃO;3438;F;;;;
BARRACÃO;3442;F;;;;
BOA ESPERANÇA III;3448;F;;;;
PROSPERIDADE I;3449;F;;;;
IMPERIAL I;3452;F;;;;
PROSPERIDADE III;3454;F;;;;
BOA ESPERANÇA III;3458;F;;;;
BOA ESPERANÇA III;3465;F;;;;
PROSPERIDADE I;3469;F;;;;
PROSPERIDADE III;3472;F;;;;
BOA ESPERANÇA III;3476;F;;;;
BOA ESPERANÇA III;3481;F;;;;
IMPERIAL I;3483;F;;;;
PROSPERIDADE III;3489;F;;;;
BOA ESPERANÇA III;3491;F;;;;
FAZENDA COROATÁ;3494;F;;;;
IMPERATRIZ (ALUGUEL);3498;F;;;;
PROSPERIDADE I;3501;F;;;;
BOA ESPERANÇA III;3502;F;;;;
BOA ESPERANÇA;3503;M;;;;
PROSPERIDADE II;3504;F;;;;
BOA ESPERANÇA;3509;F;;;;
BOA ESPERANÇA III;3510;F;;;;
PROSPERIDADE II;3511;F;;;;
FAZENDA COROATÁ;3518;F;;;;
FAZENDA COROATÁ;3519;F;;;;
PROSPERIDADE I;3520;F;;;;
IMPERIAL I;3529;F;;;;
IMPERIAL I;3532;F;;;;
PROSPERIDADE III;3534;F;;;;
PROSPERIDADE III;3535;F;;;;
PROSPERIDADE III;3540;F;;;;
PROSPERIDADE III;3543;F;;;;
IMPERIAL I;3544;F;;;;
BARRACÃO;3547;F;;;;
BARRACÃO;3548;F;;;;
BOA ESPERANÇA III;3549;F;;;;
PROSPERIDADE I;3550;F;;;;
IMPERIAL I;3551;F;;;;
BOA ESPERANÇA III;3555;F;;;;
BOA ESPERANÇA III;3556;F;;;;
PROSPERIDADE I;3557;F;;;;
PROSPERIDADE I;3558;F;;;;
BARRACÃO;3559;F;;;;
FAZENDA COROATÁ;3560;F;;;;
MARIA DE JESUS;3561;F;;;;
BARRACÃO;3562;F;;;;
PROSPERIDADE I;3563;F;;;;
BOA ESPERANÇA III;3564;F;;;;
BARRACÃO;3566;F;;;;
FAZENDA COROATÁ;3568;F;;;;
PROSPERIDADE I;3569;F;;;;
PROSPERIDADE I;3599;F;;;;
BOA ESPERANÇA III;3604;F;;;;
BOA ESPERANÇA III;3608;F;;;;
PROSPERIDADE I;3610;F;;;;
PROSPERIDADE I;3611;F;;;;
BOA ESPERANÇA III;3613;F;;;;
PROSPERIDADE I;3614;F;;;;
PROSPERIDADE I;3615;F;;;;
BOA ESPERANÇA III;3619;F;;;;
FAZENDA COROATÁ;3621;F;;;;
FAZENDA COROATÁ;3622;F;;;;
BARRACÃO;3623;F;;;;
BOA ESPERANÇA III;3625;F;;;;
BARRACÃO;3626;F;;;;
IMPERIAL I;3629;F;;;;
PROSPERIDADE I;3630;F;;;;
BARRACÃO;3633;F;;;;
PROSPERIDADE I;3635;F;;;;
PROSPERIDADE I;3636;F;;;;
BOA ESPERANÇA III;3637;F;;;;
IMPERIAL II;3641;F;;;;
FAZENDA COROATÁ;3642;F;;;;
PROSPERIDADE I;3644;F;;;;
PROSPERIDADE I;3646;F;;;;
BOA ESPERANÇA III;3649;F;;;;
BOA ESPERANÇA III;3661;F;;;;
PROSPERIDADE I;3662;F;;;;
PROSPERIDADE I;3663;F;;;;
PROSPERIDADE I;3664;F;;;;
PROSPERIDADE I;3665;F;;;;
PROSPERIDADE I;3668;F;;;;
PROSPERIDADE I;3670;F;;;;
IMPERIAL II;3672;F;;;;
IMPERIAL II;3673;F;;;;
IMPERIAL II;3674;F;;;;
BARRACÃO;3675;F;;;;
IMPERIAL II;3676;F;;;;
IMPERIAL II;3678;F;;;;
IMPERIAL II;3679;F;;;;
IMPERIAL II;3680;F;;;;
IMPERIAL II;3681;F;;;;
IMPERIAL II;3682;F;;;;
IMPERIAL II;3683;F;;;;
IMPERIAL II;3684;F;;;;
MARIA DE JESUS;3685;F;;;;
IMPERIAL II;3686;F;;;;
IMPERIAL II;3687;F;;;;
IMPERIAL II;3689;F;;;;
IMPERIAL II;3690;F;;;;
IMPERIAL II;3691;F;;;;
IMPERIAL II;3692;F;;;;
IMPERIAL II;3693;F;;;;
IMPERIAL II;3694;F;;;;
IMPERIAL II;3695;F;;;;
IMPERIAL II;3697;F;;;;
IMPERIAL II;3698;F;;;;
IMPERIAL II;3699;F;;;;
IMPERIAL II;3700;F;;;;
IMPERIAL II;3702;F;;;;
IMPERIAL II;3703;F;;;;
IMPERIAL II;3705;F;;;;
IMPERIAL II;3706;F;;;;
IMPERIAL II;3707;F;;;;
IMPERIAL II;3710;F;;;;
IMPERIAL II;3711;F;;;;
IMPERIAL II;3712;F;;;;
IMPERIAL II;3713;F;;;;
IMPERIAL II;3714;F;;;;
IMPERIAL II;3716;F;;;;
IMPERIAL II;3717;F;;;;
BARRACÃO;3718;F;;;;
IMPERIAL II;3719;F;;;;
IMPERIAL II;3720;F;;;;
IMPERIAL II;3722;F;;;;
IMPERIAL II;3723;F;;;;
IMPERIAL II;3724;F;;;;
IMPERIAL II;3725;F;;;;
BARRACÃO;3727;F;;;;
IMPERIAL II;3729;F;;;;
IMPERIAL II;3730;F;;;;
IMPERIAL II;3731;F;;;;
IMPERIAL II;3732;F;;;;
IMPERIAL II;3733;F;;;;
IMPERIAL II;3734;F;;;;
IMPERIAL II;3735;F;;;;
IMPERIAL II;3736;F;;;;
IMPERIAL II;3737;F;;;;
IMPERIAL II;3738;F;;;;
IMPERIAL II;3739;F;;;;
IMPERIAL II;3740;F;;;;
IMPERIAL II;3741;F;;;;
IMPERIAL II;3744;F;;;;
IMPERIAL II;3745;F;;;;
IMPERIAL II;3746;F;;;;
IMPERIAL II;3747;F;;;;
IMPERIAL II;3751;F;;;;
IMPERIAL II;3752;F;;;;
IMPERIAL II;3753;F;;;;
IMPERIAL II;3754;F;;;;
IMPERIAL II;3755;F;;;;
IMPERIAL II;3756;F;;;;
IMPERIAL II;3757;F;;;;
IMPERIAL II;3758;F;;;;
PROSPERIDADE II;3759;F;;;;
IMPERIAL II;3760;F;;;;
PROSPERIDADE I;3762;F;;;;
PROSPERIDADE I;3766;F;;;;
PROSPERIDADE I;3769;F;;;;
PROSPERIDADE I;3770;F;;;;
IMPERIAL I;3772;F;;;;
IMPERIAL I;3774;F;;;;
PROSPERIDADE I;3775;F;;;;
PROSPERIDADE I;3776;F;;;;
PROSPERIDADE I;3777;F;;;;
BARRACÃO;3779;F;;;;
PROSPERIDADE I;3780;F;;;;
PROSPERIDADE III;3784;F;;;;
PROSPERIDADE I;3785;F;;;;
BARRACÃO;3788;F;;;;
PROSPERIDADE I;3789;F;;;;
PROSPERIDADE I;3794;F;;;;
BOA ESPERANÇA III;3795;F;;;;
PROSPERIDADE I;3796;F;;;;
PROSPERIDADE I;3797;F;;;;
PROSPERIDADE I;3799;F;;;;
BARRACÃO;3800;F;;;;
BARRACÃO;3801;F;;;;
PROSPERIDADE I;3803;F;;;;
PROSPERIDADE III;3804;F;;;;
BARRACÃO;3805;F;;;;
PROSPERIDADE I;3806;F;;;;
BARRACÃO;3808;F;;;;
IMPERIAL I;3812;F;;;;
PROSPERIDADE I;3813;F;;;;
IMPERIAL I;3814;F;;;;
BOA ESPERANÇA III;3816;F;;;;
BARRACÃO;3818;F;;;;
BARRACÃO;3823;F;;;;
PROSPERIDADE I;3824;F;;;;
PROSPERIDADE I;3826;F;;;;
BARRACÃO;3827;F;;;;
PROSPERIDADE I;3828;F;;;;
PROSPERIDADE I;3830;F;;;;
BARRACÃO;3831;F;;;;
BARRACÃO;3832;F;;;;
PROSPERIDADE I;3833;F;;;;
PROSPERIDADE I;3835;F;;;;
IMPERIAL I;3837;F;;;;
BARRACÃO;3838;F;;;;
PROSPERIDADE I;3839;F;;;;
PROSPERIDADE I;3842;F;;;;
PROSPERIDADE I;3846;F;;;;
PROSPERIDADE I;3850;F;;;;
BARRACÃO;3852;F;;;;
BARRACÃO;3853;F;;;;
BARRACÃO;3854;F;;;;
BARRACÃO;3855;F;;;;
PROSPERIDADE I;3856;F;;;;
BOA ESPERANÇA III;3857;F;;;;
PROSPERIDADE III;3858;F;;;;
BARRACÃO;3859;F;;;;
PROSPERIDADE III;3860;F;;;;
BOA ESPERANÇA III;3861;F;;;;
BARRACÃO;3862;F;;;;
PROSPERIDADE III;3863;F;;;;
BARRACÃO;3864;F;;;;
BARRACÃO;3865;F;;;;
IMPERIAL II;3866;F;;;;
PROSPERIDADE III;3867;F;;;;
IMPERIAL II;3868;F;;;;
PROSPERIDADE III;3869;F;;;;
BARRACÃO;3870;F;;;;
BOA ESPERANÇA;3871;F;;;;
BARRACÃO;3872;F;;;;
PROSPERIDADE III;3873;F;;;;
BARRACÃO;3874;F;;;;
BOA ESPERANÇA III;3875;F;;;;
BARRACÃO;3876;F;;;;
PROSPERIDADE III;3877;F;;;;
PROSPERIDADE III;3878;F;;;;
BARRACÃO;3879;F;;;;
BARRACÃO;3880;F;;;;
BOA ESPERANÇA III;3881;F;;;;
BARRACÃO;3882;F;;;;
PROSPERIDADE III;3883;F;;;;
PROSPERIDADE I;3884;F;;;;
BARRACÃO;3885;F;;;;
BARRACÃO;3886;F;;;;
BOA ESPERANÇA III;3887;F;;;;
PROSPERIDADE I;3888;F;;;;
BARRACÃO;3889;F;;;;
PROSPERIDADE I;3890;F;;;;
BARRACÃO;3892;F;;;;
BARRACÃO;3893;F;;;;
BARRACÃO;3894;F;;;;
BARRACÃO;3895;F;;;;
BARRACÃO;3896;F;;;;
PROSPERIDADE III;3897;F;;;;
PROSPERIDADE III;3898;F;;;;
BARRACÃO;3899;F;;;;
BARRACÃO;3900;F;;;;
PROSPERIDADE III;3901;F;;;;
BOA ESPERANÇA III;3902;F;;;;
BARRACÃO;3903;F;;;;
BARRACÃO;3904;F;;;;
BARRACÃO;3905;F;;;;
MARIA DE JESUS;3906;F;;;;
BARRACÃO;3907;F;;;;
PROSPERIDADE III;3908;F;;;;
BARRACÃO;3909;F;;;;
BARRACÃO;3911;F;;;;
BARRACÃO;3912;F;;;;
BARRACÃO;3913;F;;;;
BARRACÃO;3914;F;;;;
BARRACÃO;3915;F;;;;
BARRACÃO;3916;F;;;;
IMPERIAL II;3917;F;;;;
BARRACÃO;3918;F;;;;
IMPERIAL I;3919;F;;;;
BOA ESPERANÇA;3921;F;;;;
BOA ESPERANÇA III;3922;F;;;;
IMPERIAL II;3923;F;;;;
BARRACÃO;3924;F;;;;
BARRACÃO;3925;F;;;;
BARRACÃO;3926;F;;;;
BARRACÃO;3927;F;;;;
BARRACÃO;3928;F;;;;
IMPERIAL II;3929;F;;;;
BARRACÃO;3930;F;;;;
PROSPERIDADE II;3931;F;;;;
PROSPERIDADE II;3932;F;;;;
IMPERIAL II;3933;F;;;;
BARRACÃO;3934;F;;;;
BARRACÃO;3935;F;;;;
PROSPERIDADE I;3936;F;;;;
PROSPERIDADE III;3937;F;;;;
BARRACÃO;3938;F;;;;
BOA ESPERANÇA III;3939;F;;;;
BARRACÃO;3940;F;;;;
BARRACÃO;3941;F;;;;
PROSPERIDADE II;3942;F;;;;
BARRACÃO;3943;F;;;;
BARRACÃO;3944;F;;;;
PROSPERIDADE II;3945;F;;;;
PROSPERIDADE I;3946;F;;;;
IMPERIAL II;3951;F;;;;
BOA ESPERANÇA III;3955;F;;;;
BOA ESPERANÇA III;3956;F;;;;
PROSPERIDADE I;3958;F;;;;
IMPERIAL II;3959;F;;;;
IMPERIAL II;3960;F;;;;
BOA ESPERANÇA;3961;F;;;;
IMPERIAL II;3962;F;;;;
IMPERIAL II;3963;F;;;;
IMPERIAL II;3964;F;;;;
IMPERIAL II;3965;F;;;;
IMPERIAL II;3966;F;;;;
IMPERIAL II;3967;F;;;;
IMPERIAL II;3968;F;;;;
IMPERIAL II;3969;F;;;;
IMPERIAL II;3970;F;;;;
BOA ESPERANÇA;3971;F;;;;
IMPERIAL II;3972;F;;;;
IMPERIAL II;3973;F;;;;
IMPERIAL II;3974;F;;;;
IMPERIAL II;3975;F;;;;
IMPERIAL II;3976;F;;;;
IMPERIAL II;3977;F;;;;
IMPERIAL II;3978;F;;;;
IMPERIAL II;3979;F;;;;
IMPERIAL II;3980;F;;;;
BOA ESPERANÇA;3981;F;;;;
IMPERIAL II;3982;F;;;;
IMPERIAL II;3983;F;;;;
IMPERIAL II;3984;F;;;;
IMPERIAL II;3985;F;;;;
IMPERIAL II;3987;F;;;;
IMPERIAL II;3989;F;;;;
IMPERIAL II;3990;F;;;;
IMPERIAL II;3992;F;;;;
IMPERIAL II;3993;F;;;;
IMPERIAL II;3994;F;;;;
IMPERIAL II;3995;F;;;;
IMPERIAL II;3996;F;;;;
IMPERIAL II;3998;F;;;;
IMPERIAL II;3999;F;;;;
IMPERIAL II;4000;F;;;;
IMPERIAL II;4001;F;;;;
IMPERIAL II;4002;F;;;;
IMPERIAL II;4003;F;;;;
IMPERIAL II;4004;F;;;;
PROSPERIDADE II;4005;F;;;;
IMPERIAL II;4006;F;;;;
IMPERIAL II;4007;F;;;;
IMPERIAL II;4008;F;;;;
PROSPERIDADE I;4009;F;;;;
PROSPERIDADE III;4011;F;;;;
PROSPERIDADE I;4014;F;;;;
BARRACÃO;4015;F;;;;
PROSPERIDADE I;4017;F;;;;
PROSPERIDADE I;4018;F;;;;
BARRACÃO;4019;F;;;;
BARRACÃO;4020;F;;;;
BOA ESPERANÇA III;4023;F;;;;
PROSPERIDADE I;4025;F;;;;
BOA ESPERANÇA III;4026;F;;;;
PROSPERIDADE I;4027;F;;;;
PROSPERIDADE I;4028;F;;;;
BARRACÃO;4030;F;;;;
BARRACÃO;4032;F;;;;
PROSPERIDADE I;4035;F;;;;
PROSPERIDADE I;4036;F;;;;
PROSPERIDADE I;4039;F;;;;
BARRACÃO;4042;F;;;;
PROSPERIDADE I;4043;F;;;;
PROSPERIDADE I;4045;F;;;;
PROSPERIDADE I;4047;F;;;;
BARRACÃO;4048;F;;;;
BOA ESPERANÇA III;4051;F;;;;
BARRACÃO;4053;F;;;;
BARRACÃO;4055;F;;;;
IMPERIAL I;4056;F;;;;
IMPERIAL I;4057;F;;;;
PROSPERIDADE III;4058;F;;;;
IMPERIAL I;4059;F;;;;
MARIA DE JESUS;4062;F;;;;
IMPERIAL I;4063;F;;;;
IMPERIAL I;4064;F;;;;
PROSPERIDADE III;4065;F;;;;
IMPERIAL I;4070;F;;;;
IMPERIAL I;4072;F;;;;
PROSPERIDADE I;4075;F;;;;
FAZENDA COROATÁ;4080;F;;;;
BOA ESPERANÇA;4081;F;;;;
IMPERIAL I;4083;F;;;;
BARRACÃO;4087;F;;;;
BOA ESPERANÇA III;4089;F;;;;
IMPERIAL II;4091;F;;;;
PROSPERIDADE I;4092;F;;;;
PROSPERIDADE I;4093;F;;;;
PROSPERIDADE I;4096;F;;;;
PROSPERIDADE I;4098;F;;;;
PROSPERIDADE I;4101;F;;;;
PROSPERIDADE I;4102;F;;;;
PROSPERIDADE I;4105;F;;;;
PROSPERIDADE I;4106;F;;;;
BARRACÃO;4107;F;;;;
IMPERIAL I;4109;F;;;;
IMPERIAL I;4110;F;;;;
BOA ESPERANÇA;4111;F;;;;
PROSPERIDADE I;4115;F;;;;
FAZENDA COROATÁ;4117;F;;;;
IMPERIAL II;4121;F;;;;
BOA ESPERANÇA III;4125;F;;;;
PROSPERIDADE I;4128;F;;;;
BOA ESPERANÇA III;4130;F;;;;
IMPERIAL II;4131;F;;;;
BARRACÃO;4132;F;;;;
PROSPERIDADE I;4136;F;;;;
PROSPERIDADE I;4137;F;;;;
PROSPERIDADE I;4138;F;;;;
PROSPERIDADE I;4140;F;;;;
PROSPERIDADE I;4142;F;;;;
PROSPERIDADE I;4146;F;;;;
PROSPERIDADE I;4147;F;;;;
BARRACÃO;4150;F;;;;
BOA ESPERANÇA;4151;F;;;;
BARRACÃO;4157;F;;;;
BOA ESPERANÇA III;4163;F;;;;
PROSPERIDADE I;4164;F;;;;
PROSPERIDADE I;4166;F;;;;
PROSPERIDADE I;4168;F;;;;
BARRACÃO;4169;F;;;;
PROSPERIDADE I;4171;F;;;;
BARRACÃO;4172;F;;;;
BARRACÃO;4176;F;;;;
PROSPERIDADE I;4179;F;;;;
IMPERIAL II;4181;F;;;;
PROSPERIDADE I;4186;F;;;;
PROSPERIDADE II;4191;F;;;;
PROSPERIDADE I;4193;F;;;;
PROSPERIDADE I;4194;F;;;;
PROSPERIDADE III;4196;F;;;;
IMPERIAL II;4201;F;;;;
IMPERIAL II;4202;F;;;;
IMPERIAL II;4204;F;;;;
IMPERIAL II;4206;F;;;;
IMPERIAL II;4207;F;;;;
IMPERIAL II;4208;F;;;;
IMPERIAL II;4209;F;;;;
IMPERIAL II;4210;F;;;;
BOA ESPERANÇA;4211;F;;;;
IMPERIAL II;4212;F;;;;
IMPERIAL II;4213;F;;;;
IMPERIAL II;4214;F;;;;
IMPERIAL II;4215;F;;;;
IMPERIAL II;4216;F;;;;
IMPERIAL II;4217;F;;;;
IMPERIAL II;4218;F;;;;
IMPERIAL II;4219;F;;;;
BOA ESPERANÇA;4221;F;;;;
IMPERIAL II;4222;F;;;;
IMPERIAL II;4223;F;;;;
IMPERIAL II;4224;F;;;;
IMPERIAL II;4225;F;;;;
IMPERIAL II;4226;F;;;;
IMPERIAL II;4227;F;;;;
IMPERIAL II;4228;F;;;;
IMPERIAL II;4229;F;;;;
IMPERIAL II;4230;F;;;;
MARIA DE JESUS;4231;F;;;;
IMPERIAL II;4232;F;;;;
IMPERIAL II;4233;F;;;;
IMPERIAL II;4234;F;;;;
IMPERIAL II;4235;F;;;;
IMPERIAL II;4236;F;;;;
IMPERIAL II;4237;F;;;;
IMPERIAL II;4238;F;;;;
IMPERIAL II;4239;F;;;;
IMPERIAL II;4240;F;;;;
IMPERIAL II;4241;F;;;;
IMPERIAL II;4242;F;;;;
IMPERIAL II;4243;F;;;;
IMPERIAL II;4244;F;;;;
IMPERIAL II;4245;F;;;;
IMPERIAL II;4247;F;;;;
IMPERIAL II;4249;F;;;;
PROSPERIDADE III;4251;F;;;;
IMPERIAL II;4252;F;;;;
IMPERIAL II;4253;F;;;;
IMPERIAL II;4254;F;;;;
IMPERIAL II;4255;F;;;;
IMPERIAL II;4256;F;;;;
IMPERIAL II;4257;F;;;;
IMPERIAL II;4258;F;;;;
IMPERIAL II;4259;F;;;;
IMPERIAL II;4260;F;;;;
BOA ESPERANÇA III;4261;F;;;;
IMPERIAL II;4262;F;;;;
IMPERIAL II;4263;F;;;;
IMPERIAL II;4264;F;;;;
IMPERIAL II;4265;F;;;;
IMPERIAL II;4266;F;;;;
IMPERIAL II;4267;F;;;;
IMPERIAL II;4268;F;;;;
IMPERIAL II;4269;F;;;;
IMPERIAL II;4270;F;;;;
IMPERIAL II;4271;F;;;;
IMPERIAL II;4272;F;;;;
IMPERIAL II;4273;F;;;;
IMPERIAL II;4274;F;;;;
IMPERIAL II;4275;F;;;;
IMPERIAL II;4277;F;;;;
IMPERIAL II;4278;F;;;;
IMPERIAL II;4279;F;;;;
BOA ESPERANÇA;4281;F;;;;
IMPERIAL II;4282;F;;;;
IMPERIAL II;4283;F;;;;
IMPERIAL II;4285;F;;;;
IMPERIAL II;4286;F;;;;
IMPERIAL II;4287;F;;;;
IMPERIAL II;4288;F;;;;
IMPERIAL II;4290;F;;;;
PROSPERIDADE III;4291;F;;;;
IMPERIAL II;4292;F;;;;
BARRACÃO;4298;F;;;;
IMPERIAL I;4299;F;;;;
PROSPERIDADE I;4300;F;;;;
IMPERIAL II;4301;F;;;;
IMPERIAL I;4302;F;;;;
BOA ESPERANÇA III;4303;F;;;;
IMPERIAL I;4305;F;;;;
BOA ESPERANÇA III;4309;F;;;;
BOA ESPERANÇA;4311;F;;;;
IMPERIAL I;4312;F;;;;
IMPERIAL I;4313;F;;;;
MARIA DE JESUS;4314;F;;;;
BARRACÃO;4316;F;;;;
FAZENDA COROATÁ;4317;F;;;;
PROSPERIDADE II;4318;F;;;;
MARIA DE JESUS;4324;M;;;;
MARIA DE JESUS;4325;F;;;;
PROSPERIDADE III;4330;F;;;;
PROSPERIDADE III;4332;F;;;;
BARRACÃO;4333;F;;;;
PROSPERIDADE III;4334;F;;;;
BOA ESPERANÇA III;4336;F;;;;
PROSPERIDADE II;4337;F;;;;
PROSPERIDADE II;4338;F;;;;
BARRACÃO;4339;F;;;;
MARIA DE JESUS;4340;F;;;;
BOA ESPERANÇA;4341;F;;;;
BARRACÃO;4342;F;;;;
BARRACÃO;4343;F;;;;
PROSPERIDADE II;4344;F;;;;
PROSPERIDADE II;4345;F;;;;
BARRACÃO;4346;F;;;;
PROSPERIDADE III;4347;F;;;;
BARRACÃO;4348;F;;;;
IMPERIAL II;4349;F;;;;
BARRACÃO;4350;F;;;;
PROSPERIDADE III;4352;F;;;;
BARRACÃO;4353;F;;;;
BARRACÃO;4354;F;;;;
PROSPERIDADE III;4355;F;;;;
BARRACÃO;4356;F;;;;
BARRACÃO;4357;F;;;;
BOA ESPERANÇA III;4358;F;;;;
PROSPERIDADE II;4359;F;;;;
BARRACÃO;4360;F;;;;
BOA ESPERANÇA;4361;F;;;;
PROSPERIDADE III;4362;F;;;;
IMPERIAL I;4363;F;;;;
BARRACÃO;4364;F;;;;
IMPERIAL I;4365;F;;;;
BARRACÃO;4366;F;;;;
BOA ESPERANÇA III;4367;F;;;;
BARRACÃO;4368;F;;;;
BOA ESPERANÇA III;4369;F;;;;
BOA ESPERANÇA III;4373;F;;;;
MARIA DE JESUS;4377;M;;;;
MARIA DE JESUS;4378;M;;;;
BOA ESPERANÇA III;4379;F;;;;
BOA ESPERANÇA III;4380;F;;;;
FAZENDA COROATÁ;4381;M;;;;
BARRACÃO;4383;F;;;;
BARRACÃO;4384;F;;;;
BARRACÃO;4385;F;;;;
BARRACÃO;4386;F;;;;
BARRACÃO;4387;F;;;;
BARRACÃO;4388;F;;;;
BARRACÃO;4389;F;;;;
BARRACÃO;4390;F;;;;
PROSPERIDADE II;4391;F;;;;
BARRACÃO;4392;F;;;;
PROSPERIDADE I;4393;F;;;;
BARRACÃO;4394;F;;;;
BARRACÃO;4395;F;;;;
BARRACÃO;4397;F;;;;
BARRACÃO;4398;F;;;;
BARRACÃO;4399;F;;;;
BARRACÃO;4400;F;;;;
IMPERIAL II;4401;F;;;;
BARRACÃO;4402;F;;;;
BARRACÃO;4403;F;;;;
BARRACÃO;4404;F;;;;
BOA ESPERANÇA III;4406;F;;;;
BARRACÃO;4407;F;;;;
BARRACÃO;4408;F;;;;
BARRACÃO;4409;F;;;;
BARRACÃO;4410;F;;;;
BOA ESPERANÇA;4411;F;;;;
BARRACÃO;4412;F;;;;
BARRACÃO;4413;F;;;;
BOA ESPERANÇA III;4414;F;;;;
BARRACÃO;4415;F;;;;
BARRACÃO;4416;F;;;;
BARRACÃO;4417;F;;;;
BARRACÃO;4418;F;;;;
BARRACÃO;4419;F;;;;
BARRACÃO;4420;F;;;;
BOA ESPERANÇA III;4421;F;;;;
BOA ESPERANÇA III;4422;F;;;;
BARRACÃO;4423;F;;;;
BARRACÃO;4424;F;;;;
BARRACÃO;4425;F;;;;
BARRACÃO;4426;F;;;;
BARRACÃO;4427;F;;;;
BARRACÃO;4428;F;;;;
PROSPERIDADE III;4429;F;;;;
BARRACÃO;4430;F;;;;
BOA ESPERANÇA;4431;F;;;;
PROSPERIDADE III;4432;F;;;;
BARRACÃO;4433;F;;;;
BARRACÃO;4434;F;;;;
BARRACÃO;4435;F;;;;
BARRACÃO;4436;F;;;;
PROSPERIDADE III;4437;F;;;;
BARRACÃO;4438;F;;;;
BARRACÃO;4439;F;;;;
PROSPERIDADE II;4440;F;;;;
BARRACÃO;4441;F;;;;
BARRACÃO;4442;F;;;;
BARRACÃO;4443;F;;;;
BARRACÃO;4444;F;;;;
PROSPERIDADE II;4445;F;;;;
BARRACÃO;4446;F;;;;
IMPERIAL II;4447;F;;;;
PROSPERIDADE III;4448;F;;;;
PROSPERIDADE III;4449;F;;;;
PROSPERIDADE I;4450;F;;;;
PROSPERIDADE III;4451;F;;;;
BARRACÃO;4452;F;;;;
BARRACÃO;4453;F;;;;
BARRACÃO;4454;F;;;;
BARRACÃO;4455;F;;;;
BARRACÃO;4456;F;;;;
BARRACÃO;4457;F;;;;
BARRACÃO;4458;F;;;;
BOA ESPERANÇA III;4459;F;;;;
BARRACÃO;4460;F;;;;
BARRACÃO;4461;F;;;;
BARRACÃO;4462;F;;;;
BARRACÃO;4463;F;;;;
BARRACÃO;4464;F;;;;
PROSPERIDADE II;4465;F;;;;
PROSPERIDADE III;4466;F;;;;
BARRACÃO;4467;F;;;;
IMPERIAL II;4468;F;;;;
PROSPERIDADE II;4469;F;;;;
PROSPERIDADE II;4470;F;;;;
BOA ESPERANÇA;4471;F;;;;
BOA ESPERANÇA III;4472;F;;;;
BOA ESPERANÇA III;4473;F;;;;
BARRACÃO;4474;F;;;;
IMPERIAL II;4475;F;;;;
BOA ESPERANÇA III;4476;F;;;;
MARIA DE JESUS;4477;F;;;;
PROSPERIDADE I;4483;F;;;;
PROSPERIDADE I;4484;F;;;;
BOA ESPERANÇA III;4485;F;;;;
BARRACÃO;4486;F;;;;
PROSPERIDADE III;4487;F;;;;
PROSPERIDADE III;4501;F;;;;
BOA ESPERANÇA;4551;F;;;;
BOA ESPERANÇA;4561;F;;;;
BOA ESPERANÇA;4571;F;;;;
PROSPERIDADE III;4581;F;;;;
PROSPERIDADE I;4593;F;;;;
BOA ESPERANÇA;4594;F;;;;
BOA ESPERANÇA;4595;F;;;;
PROSPERIDADE I;4600;F;;;;
IMPERIAL I;4602;F;;;;
PROSPERIDADE III;4603;F;;;;
PROSPERIDADE I;4605;F;;;;
BOA ESPERANÇA III;4611;F;;;;
PROSPERIDADE I;4612;F;;;;
PROSPERIDADE I;4616;F;;;;
PROSPERIDADE I;4617;F;;;;
PROSPERIDADE III;4621;F;;;;
PROSPERIDADE I;4623;F;;;;
PROSPERIDADE I;4625;F;;;;
PROSPERIDADE I;4627;F;;;;
PROSPERIDADE I;4628;F;;;;
PROSPERIDADE I;4629;F;;;;
MARIA DE JESUS;4631;F;;;;
PROSPERIDADE I;4633;F;;;;
PROSPERIDADE I;4635;F;;;;
PROSPERIDADE I;4637;F;;;;
PROSPERIDADE I;4638;F;;;;
PROSPERIDADE I;4639;F;;;;
PROSPERIDADE I;4640;F;;;;
BOA ESPERANÇA III;4641;F;;;;
PROSPERIDADE I;4644;F;;;;
PROSPERIDADE I;4647;F;;;;
PROSPERIDADE I;4649;F;;;;
BOA ESPERANÇA;4651;F;;;;
PROSPERIDADE I;4652;F;;;;
PROSPERIDADE I;4660;F;;;;
BARRACÃO;4661;F;;;;
PROSPERIDADE I;4664;F;;;;
PROSPERIDADE I;4667;F;;;;
PROSPERIDADE I;4668;F;;;;
BOA ESPERANÇA;4669;F;;;;
IMPERIAL II;4670;F;;;;
IMPERIAL II;4671;F;;;;
BOA ESPERANÇA;4672;F;;;;
BOA ESPERANÇA III;4673;F;;;;
BOA ESPERANÇA III;4674;F;;;;
BOA ESPERANÇA;4675;F;;;;
FAZENDA COROATÁ;4680;F;;;;
BOA ESPERANÇA;4681;F;;;;
BARRACÃO;4683;F;;;;
BOA ESPERANÇA;4688;F;;;;
BOA ESPERANÇA;4689;F;;;;
BARRACÃO;4691;F;;;;
IMPERIAL II;4701;F;;;;
BOA ESPERANÇA;4704;F;;;;
BOA ESPERANÇA;4705;F;;;;
BOA ESPERANÇA;4706;F;;;;
BOA ESPERANÇA;4707;F;;;;
PROSPERIDADE II;4709;F;;;;
BOA ESPERANÇA III;4711;F;;;;
PROSPERIDADE I;4715;F;;;;
PROSPERIDADE I;4719;F;;;;
BARRACÃO;4720;F;;;;
BARRACÃO;4721;F;;;;
BARRACÃO;4722;F;;;;
BARRACÃO;4723;F;;;;
BARRACÃO;4724;F;;;;
BARRACÃO;4725;F;;;;
BARRACÃO;4726;F;;;;
BARRACÃO;4727;F;;;;
BARRACÃO;4728;F;;;;
BARRACÃO;4729;F;;;;
BARRACÃO;4730;F;;;;
PROSPERIDADE III;4731;F;;;;
BARRACÃO;4732;F;;;;
BARRACÃO;4733;F;;;;
BARRACÃO;4734;F;;;;
BARRACÃO;4735;F;;;;
BARRACÃO;4736;F;;;;
BARRACÃO;4737;F;;;;
IMPERIAL II;4738;F;;;;
BARRACÃO;4739;F;;;;
BARRACÃO;4740;F;;;;
PROSPERIDADE III;4742;F;;;;
BARRACÃO;4743;F;;;;
BARRACÃO;4744;F;;;;
BARRACÃO;4745;F;;;;
BARRACÃO;4746;F;;;;
BARRACÃO;4747;F;;;;
BARRACÃO;4748;F;;;;
BARRACÃO;4749;F;;;;
BARRACÃO;4750;F;;;;
IMPERIAL II;4752;F;;;;
BARRACÃO;4753;F;;;;
PROSPERIDADE II;4754;F;;;;
BARRACÃO;4755;F;;;;
BARRACÃO;4756;F;;;;
PROSPERIDADE III;4757;F;;;;
BARRACÃO;4758;F;;;;
BARRACÃO;4759;F;;;;
PROSPERIDADE III;4760;F;;;;
BARRACÃO;4762;F;;;;
BARRACÃO;4763;F;;;;
BARRACÃO;4764;F;;;;
BARRACÃO;4765;F;;;;
BARRACÃO;4766;F;;;;
BARRACÃO;4767;F;;;;
BARRACÃO;4768;F;;;;
BARRACÃO;4769;F;;;;
BARRACÃO;4770;F;;;;
IMPERIAL II;4771;F;;;;
BARRACÃO;4772;F;;;;
BARRACÃO;4773;F;;;;
BARRACÃO;4774;F;;;;
BARRACÃO;4775;F;;;;
BARRACÃO;4776;F;;;;
PROSPERIDADE II;4777;F;;;;
BARRACÃO;4778;F;;;;
BARRACÃO;4779;F;;;;
PROSPERIDADE III;4780;F;;;;
BOA ESPERANÇA III;4781;F;;;;
PROSPERIDADE III;4782;F;;;;
BARRACÃO;4783;F;;;;
BARRACÃO;4784;F;;;;
BARRACÃO;4785;F;;;;
BARRACÃO;4786;F;;;;
BARRACÃO;4787;F;;;;
BARRACÃO;4788;F;;;;
BARRACÃO;4789;F;;;;
BARRACÃO;4790;F;;;;
BARRACÃO;4792;F;;;;
BARRACÃO;4793;F;;;;
BARRACÃO;4794;F;;;;
BARRACÃO;4795;F;;;;
BARRACÃO;4796;F;;;;
BARRACÃO;4797;F;;;;
BARRACÃO;4798;F;;;;
BARRACÃO;4799;F;;;;
IMPERIAL II;4800;F;;;;
BOA ESPERANÇA;4801;F;;;;
BARRACÃO;4802;F;;;;
BARRACÃO;4803;F;;;;
MARIA DE JESUS;4804;F;;;;
BARRACÃO;4805;F;;;;
BARRACÃO;4806;F;;;;
BARRACÃO;4807;F;;;;
BOA ESPERANÇA III;4808;F;;;;
PROSPERIDADE I;4809;F;;;;
BOA ESPERANÇA III;4810;F;;;;
BARRACÃO;4811;F;;;;
PROSPERIDADE I;4812;F;;;;
IMPERIAL II;4813;F;;;;
BARRACÃO;4814;F;;;;
PROSPERIDADE III;4815;F;;;;
IMPERIAL II;4816;F;;;;
BARRACÃO;4817;F;;;;
PROSPERIDADE III;4818;F;;;;
BARRACÃO;4819;F;;;;
BARRACÃO;4820;F;;;;
BOA ESPERANÇA;4821;F;;;;
BARRACÃO;4822;F;;;;
BARRACÃO;4823;F;;;;
BARRACÃO;4824;F;;;;
BARRACÃO;4825;F;;;;
PROSPERIDADE I;4826;F;;;;
BARRACÃO;4827;F;;;;
BARRACÃO;4828;F;;;;
BARRACÃO;4829;F;;;;
BARRACÃO;4830;F;;;;
BARRACÃO;4832;F;;;;
BARRACÃO;4833;F;;;;
PROSPERIDADE III;4834;F;;;;
BARRACÃO;4835;F;;;;
BARRACÃO;4836;F;;;;
PROSPERIDADE III;4837;F;;;;
PROSPERIDADE I;4838;F;;;;
BARRACÃO;4839;F;;;;
BARRACÃO;4840;F;;;;
BARRACÃO;4842;F;;;;
BARRACÃO;4843;F;;;;
PROSPERIDADE III;4844;F;;;;
BARRACÃO;4845;F;;;;
PROSPERIDADE III;4846;F;;;;
BARRACÃO;4847;F;;;;
PROSPERIDADE III;4848;F;;;;
PROSPERIDADE III;4849;F;;;;
IMPERIAL II;4850;F;;;;
PROSPERIDADE II;4851;F;;;;
BARRACÃO;4852;F;;;;
BARRACÃO;4853;F;;;;
BARRACÃO;4854;F;;;;
BARRACÃO;4855;F;;;;
BARRACÃO;4856;F;;;;
BARRACÃO;4857;F;;;;
BARRACÃO;4858;F;;;;
BARRACÃO;4859;F;;;;
BARRACÃO;4860;F;;;;
BOA ESPERANÇA;4861;F;;;;
BARRACÃO;4862;F;;;;
IMPERIAL II;4863;F;;;;
PROSPERIDADE III;4864;F;;;;
BARRACÃO;4865;F;;;;
PROSPERIDADE III;4866;F;;;;
BARRACÃO;4867;F;;;;
BARRACÃO;4868;F;;;;
PROSPERIDADE I;4869;F;;;;
BARRACÃO;4870;F;;;;
PROSPERIDADE III;4872;F;;;;
PROSPERIDADE III;4873;F;;;;
PROSPERIDADE I;4874;F;;;;
BARRACÃO;4875;F;;;;
BOA ESPERANÇA III;4876;F;;;;
BARRACÃO;4877;F;;;;
PROSPERIDADE I;4878;F;;;;
IMPERIAL II;4879;F;;;;
BARRACÃO;4880;F;;;;
BARRACÃO;4883;F;;;;
PROSPERIDADE III;4884;F;;;;
PROSPERIDADE III;4885;F;;;;
IMPERIAL I;4886;F;;;;
PROSPERIDADE III;4887;F;;;;
BARRACÃO;4888;F;;;;
BARRACÃO;4889;F;;;;
PROSPERIDADE III;4890;F;;;;
IMPERIAL II;4891;F;;;;
PROSPERIDADE I;4892;F;;;;
BARRACÃO;4893;F;;;;
PROSPERIDADE II;4894;F;;;;
BARRACÃO;4895;F;;;;
BARRACÃO;4896;F;;;;
BARRACÃO;4897;F;;;;
IMPERIAL I;4898;F;;;;
IMPERIAL I;4899;F;;;;
IMPERIAL I;4900;F;;;;
BOA ESPERANÇA III;4901;F;;;;
IMPERIAL I;4902;F;;;;
IMPERIAL I;4903;F;;;;
IMPERIAL II;4904;F;;;;
IMPERIAL I;4905;F;;;;
IMPERIAL I;4906;F;;;;
IMPERIAL II;4907;F;;;;
IMPERIAL I;4908;F;;;;
MARIA DE JESUS;4909;F;;;;
IMPERIAL I;4910;F;;;;
BOA ESPERANÇA;4911;F;;;;
IMPERIAL I;4912;F;;;;
IMPERIAL II;4913;F;;;;
IMPERIAL II;4914;F;;;;
IMPERIAL II;4915;F;;;;
IMPERIAL I;4916;F;;;;
IMPERIAL I;4917;F;;;;
IMPERIAL II;4918;F;;;;
IMPERIAL I;4920;F;;;;
IMPERIAL I;4922;F;;;;
IMPERIAL I;4923;F;;;;
IMPERIAL I;4924;F;;;;
IMPERIAL II;4925;F;;;;
IMPERIAL I;4926;F;;;;
IMPERIAL I;4927;F;;;;
IMPERIAL II;4929;F;;;;
IMPERIAL I;4930;F;;;;
BOA ESPERANÇA III;4931;F;;;;
IMPERIAL II;4932;F;;;;
IMPERIAL II;4933;F;;;;
IMPERIAL I;4934;F;;;;
IMPERIAL I;4935;F;;;;
IMPERIAL I;4937;F;;;;
IMPERIAL I;4938;F;;;;
IMPERIAL I;4939;F;;;;
IMPERIAL II;4940;F;;;;
IMPERIAL I;4942;F;;;;
IMPERIAL II;4944;F;;;;
IMPERIAL I;4945;F;;;;
IMPERIAL I;4946;F;;;;
IMPERIAL I;4947;F;;;;
IMPERIAL II;4948;F;;;;
IMPERIAL I;4950;F;;;;
IMPERIAL I;4952;F;;;;
IMPERIAL I;4953;F;;;;
IMPERIAL I;4954;F;;;;
IMPERIAL I;4955;F;;;;
IMPERIAL II;4956;F;;;;
IMPERIAL II;4957;F;;;;
IMPERIAL II;4958;F;;;;
IMPERIAL I;4959;F;;;;
IMPERIAL I;4960;F;;;;
IMPERIAL I;4962;F;;;;
IMPERIAL I;4964;F;;;;
IMPERIAL I;4965;F;;;;
IMPERIAL II;4966;F;;;;
IMPERIAL I;4967;F;;;;
IMPERIAL I;4968;F;;;;
IMPERIAL I;4969;F;;;;
IMPERIAL I;4970;F;;;;
IMPERIAL I;4971;F;;;;
IMPERIAL II;4972;F;;;;
IMPERIAL I;4973;F;;;;
IMPERIAL I;4974;F;;;;
IMPERIAL II;4975;F;;;;
IMPERIAL I;4976;F;;;;
IMPERIAL I;4977;F;;;;
IMPERIAL I;4978;F;;;;
IMPERIAL I;4979;F;;;;
IMPERIAL I;4980;F;;;;
BOA ESPERANÇA III;4981;F;;;;
IMPERIAL I;4983;F;;;;
IMPERIAL II;4984;F;;;;
IMPERIAL I;4985;F;;;;
IMPERIAL I;4987;F;;;;
IMPERIAL I;4989;F;;;;
IMPERIAL II;4990;F;;;;
IMPERIAL II;4992;F;;;;
IMPERIAL I;4993;F;;;;
IMPERIAL II;4994;F;;;;
IMPERIAL II;4995;F;;;;
IMPERIAL I;4996;F;;;;
IMPERIAL II;4997;F;;;;
IMPERIAL I;4998;F;;;;
IMPERIAL II;5002;F;;;;
IMPERIAL I;5003;F;;;;
IMPERIAL I;5004;F;;;;
IMPERIAL I;5005;F;;;;
IMPERIAL I;5007;F;;;;
IMPERIAL I;5008;F;;;;
IMPERIAL I;5009;F;;;;
IMPERIAL II;5011;F;;;;
IMPERIAL I;5013;F;;;;
IMPERIAL I;5015;F;;;;
IMPERIAL I;5016;F;;;;
IMPERIAL II;5018;F;;;;
IMPERIAL I;5019;F;;;;
IMPERIAL II;5020;F;;;;
IMPERIAL I;5021;F;;;;
PROSPERIDADE I;5022;F;;;;
IMPERIAL II;5023;F;;;;
IMPERIAL II;5024;F;;;;
IMPERIAL I;5025;F;;;;
IMPERIAL I;5026;F;;;;
IMPERIAL I;5027;F;;;;
IMPERIAL I;5028;F;;;;
IMPERIAL I;5030;F;;;;
BOA ESPERANÇA;5031;F;;;;
IMPERIAL I;5032;F;;;;
IMPERIAL I;5033;F;;;;
IMPERIAL I;5034;F;;;;
IMPERIAL II;5035;F;;;;
IMPERIAL II;5037;F;;;;
IMPERIAL I;5038;F;;;;
IMPERIAL I;5040;F;;;;
MARIA DE JESUS;5041;F;;;;
IMPERIAL I;5042;F;;;;
IMPERIAL II;5043;F;;;;
IMPERIAL I;5044;F;;;;
IMPERIAL I;5045;F;;;;
IMPERIAL II;5047;F;;;;
IMPERIAL I;5048;F;;;;
IMPERIAL I;5050;F;;;;
IMPERIAL I;5051;F;;;;
IMPERIAL I;5052;F;;;;
IMPERIAL I;5053;F;;;;
IMPERIAL II;5054;F;;;;
IMPERIAL I;5055;F;;;;
IMPERIAL II;5056;F;;;;
IMPERIAL II;5057;F;;;;
IMPERIAL II;5058;F;;;;
IMPERIAL I;5059;F;;;;
IMPERIAL II;5060;F;;;;
IMPERIAL II;5061;F;;;;
IMPERIAL I;5062;F;;;;
IMPERIAL I;5064;F;;;;
IMPERIAL I;5065;F;;;;
IMPERIAL I;5066;F;;;;
IMPERIAL I;5067;F;;;;
IMPERIAL I;5068;F;;;;
IMPERIAL I;5069;F;;;;
IMPERIAL I;5070;F;;;;
IMPERIAL II;5072;F;;;;
IMPERIAL I;5074;F;;;;
IMPERIAL I;5075;F;;;;
IMPERIAL I;5076;F;;;;
IMPERIAL II;5077;F;;;;
IMPERIAL I;5078;F;;;;
IMPERIAL I;5079;F;;;;
IMPERIAL I;5080;F;;;;
IMPERIAL II;5081;F;;;;
IMPERIAL I;5083;F;;;;
IMPERIAL I;5084;F;;;;
IMPERIAL II;5085;F;;;;
IMPERIAL I;5086;F;;;;
IMPERIAL I;5087;F;;;;
IMPERIAL I;5089;F;;;;
IMPERIAL I;5090;F;;;;
BOA ESPERANÇA;5091;F;;;;
IMPERIAL I;5092;F;;;;
IMPERIAL I;5093;F;;;;
IMPERIAL II;5094;F;;;;
IMPERIAL I;5095;F;;;;
IMPERIAL I;5096;F;;;;
IMPERIAL I;5097;F;;;;
IMPERIAL I;5098;F;;;;
IMPERIAL I;5099;F;;;;
IMPERIAL II;5100;F;;;;
IMPERIAL I;5102;F;;;;
IMPERIAL I;5103;F;;;;
IMPERIAL II;5104;F;;;;
IMPERIAL I;5105;F;;;;
IMPERIAL I;5106;F;;;;
IMPERIAL I;5107;F;;;;
IMPERIAL II;5108;F;;;;
IMPERIAL I;5109;F;;;;
IMPERIAL I;5110;F;;;;
IMPERIAL I;5112;F;;;;
IMPERIAL II;5113;F;;;;
IMPERIAL II;5114;F;;;;
IMPERIAL II;5115;F;;;;
IMPERIAL II;5116;F;;;;
IMPERIAL I;5117;F;;;;
IMPERIAL I;5118;F;;;;
IMPERIAL I;5119;F;;;;
IMPERIAL I;5120;F;;;;
IMPERIAL I;5121;F;;;;
IMPERIAL I;5123;F;;;;
IMPERIAL I;5124;F;;;;
IMPERIAL II;5125;F;;;;
IMPERIAL I;5126;F;;;;
IMPERIAL I;5127;F;;;;
IMPERIAL II;5128;F;;;;
BARRACÃO;5129;F;;;;
BOA ESPERANÇA III;5131;F;;;;
BARRACÃO;5132;F;;;;
BARRACÃO;5134;F;;;;
PROSPERIDADE I;5135;F;;;;
BARRACÃO;5139;F;;;;
IMPERIAL I;5140;F;;;;
IMPERIAL I;5143;F;;;;
PROSPERIDADE III;5144;F;;;;
BARRACÃO;5145;F;;;;
IMPERIAL I;5150;F;;;;
PROSPERIDADE I;5151;F;;;;
PROSPERIDADE I;5155;F;;;;
IMPERIAL I;5156;F;;;;
BARRACÃO;5158;F;;;;
IMPERIAL II;5159;F;;;;
BARRACÃO;5161;F;;;;
BARRACÃO;5163;F;;;;
PROSPERIDADE I;5165;F;;;;
BOA ESPERANÇA III;5171;F;;;;
IMPERIAL I;5172;F;;;;
IMPERIAL I;5173;F;;;;
PROSPERIDADE I;5177;F;;;;
PROSPERIDADE I;5178;F;;;;
BARRACÃO;5182;F;;;;
BARRACÃO;5184;F;;;;
IMPERIAL II;5191;F;;;;
BARRACÃO;5193;F;;;;
IMPERIAL I;5194;F;;;;
BARRACÃO;5195;F;;;;
BARRACÃO;5196;F;;;;
BARRACÃO;5201;F;;;;
BARRACÃO;5203;F;;;;
BARRACÃO;5205;F;;;;
BARRACÃO;5207;F;;;;
IMPERIAL I;5210;F;;;;
PROSPERIDADE I;5215;F;;;;
BARRACÃO;5217;F;;;;
PROSPERIDADE I;5218;F;;;;
BARRACÃO;5220;F;;;;
BARRACÃO;5221;F;;;;
IMPERIAL I;5223;F;;;;
IMPERIAL I;5224;F;;;;
IMPERIAL I;5227;F;;;;
IMPERIAL I;5230;F;;;;
PROSPERIDADE I;5231;F;;;;
BARRACÃO;5233;F;;;;
BARRACÃO;5235;F;;;;
BARRACÃO;5236;F;;;;
BARRACÃO;5237;F;;;;
BARRACÃO;5238;F;;;;
BARRACÃO;5239;F;;;;
PROSPERIDADE I;5240;F;;;;
BOA ESPERANÇA;5241;F;;;;
BARRACÃO;5244;F;;;;
IMPERIAL I;5245;F;;;;
BARRACÃO;5246;F;;;;
IMPERIAL I;5249;F;;;;
BARRACÃO;5252;F;;;;
BARRACÃO;5254;F;;;;
PROSPERIDADE I;5256;F;;;;
PROSPERIDADE I;5262;F;;;;
BARRACÃO;5265;F;;;;
PROSPERIDADE I;5266;F;;;;
BARRACÃO;5269;F;;;;
PROSPERIDADE III;5271;F;;;;
PROSPERIDADE I;5281;F;;;;
PROSPERIDADE I;5283;F;;;;
BARRACÃO;5285;F;;;;
BARRACÃO;5286;F;;;;
PROSPERIDADE I;5288;F;;;;
IMPERIAL I;5289;F;;;;
BARRACÃO;5290;F;;;;
PROSPERIDADE III;5292;F;;;;
BARRACÃO;5293;F;;;;
PROSPERIDADE I;5294;F;;;;
BARRACÃO;5295;F;;;;
BARRACÃO;5296;F;;;;
IMPERIAL I;5297;F;;;;
IMPERIAL II;5298;F;;;;
IMPERIAL I;5299;F;;;;
BARRACÃO;5300;F;;;;
IMPERIAL II;5301;F;;;;
BARRACÃO;5302;F;;;;
BARRACÃO;5308;F;;;;
PROSPERIDADE I;5310;F;;;;
BARRACÃO;5314;F;;;;
BARRACÃO;5317;F;;;;
BARRACÃO;5318;F;;;;
IMPERIAL I;5319;F;;;;
PROSPERIDADE I;5322;F;;;;
FAZENDA COROATÁ;5323;F;;;;
BARRACÃO;5325;F;;;;
BOA ESPERANÇA III;5326;F;;;;
BOA ESPERANÇA III;5327;F;;;;
BOA ESPERANÇA III;5328;F;;;;
MARIA DE JESUS;5329;F;;;;
PROSPERIDADE III;5330;F;;;;
BOA ESPERANÇA III;5331;F;;;;
BOA ESPERANÇA III;5332;F;;;;
BARRACÃO;5333;F;;;;
BOA ESPERANÇA III;5334;F;;;;
BOA ESPERANÇA III;5335;F;;;;
BARRACÃO;5336;F;;;;
BARRACÃO;5337;F;;;;
BOA ESPERANÇA III;5338;F;;;;
MARIA DE JESUS;5339;F;;;;
MARIA DE JESUS;5340;F;;;;
MARIA DE JESUS;5341;F;;;;
BOA ESPERANÇA III;5342;F;;;;
MARIA DE JESUS;5343;F;;;;
PROSPERIDADE III;5345;F;;;;
BARRACÃO;5346;F;;;;
BOA ESPERANÇA III;5347;F;;;;
BOA ESPERANÇA III;5348;F;;;;
BOA ESPERANÇA III;5349;F;;;;
BARRACÃO;5350;F;;;;
MARIA DE JESUS;5351;F;;;;
BARRACÃO;5352;F;;;;
MARIA DE JESUS;5353;F;;;;
PROSPERIDADE III;5354;F;;;;
BOA ESPERANÇA III;5356;F;;;;
BOA ESPERANÇA III;5357;F;;;;
PROSPERIDADE III;5358;F;;;;
MARIA DE JESUS;5359;F;;;;
PROSPERIDADE III;5360;F;;;;
MARIA DE JESUS;5361;F;;;;
PROSPERIDADE III;5362;F;;;;
PROSPERIDADE III;5363;F;;;;
BOA ESPERANÇA III;5364;F;;;;
MARIA DE JESUS;5365;F;;;;
BARRACÃO;5366;F;;;;
BOA ESPERANÇA III;5367;F;;;;
MARIA DE JESUS;5368;F;;;;
MARIA DE JESUS;5369;F;;;;
PROSPERIDADE III;5370;F;;;;
IMPERIAL II;5371;F;;;;
BOA ESPERANÇA III;5372;F;;;;
IMPERIAL II;5373;F;;;;
MARIA DE JESUS;5374;F;;;;
MARIA DE JESUS;5375;F;;;;
PROSPERIDADE III;5376;F;;;;
BOA ESPERANÇA III;5378;F;;;;
PROSPERIDADE III;5379;F;;;;
MARIA DE JESUS;5380;F;;;;
BOA ESPERANÇA;5381;F;;;;
MARIA DE JESUS;5383;F;;;;
BARRACÃO;5384;F;;;;
PROSPERIDADE III;5385;F;;;;
IMPERIAL I;5386;F;;;;
MARIA DE JESUS;5387;F;;;;
PROSPERIDADE III;5388;F;;;;
BOA ESPERANÇA III;5389;F;;;;
IMPERIAL II;5390;F;;;;
BOA ESPERANÇA;5391;F;;;;
IMPERIAL II;5392;F;;;;
BOA ESPERANÇA III;5393;F;;;;
PROSPERIDADE III;5394;F;;;;
BARRACÃO;5395;F;;;;
MARIA DE JESUS;5396;F;;;;
IMPERIAL II;5397;F;;;;
BOA ESPERANÇA III;5398;F;;;;
IMPERIAL I;5399;F;;;;
IMPERIAL I;5400;F;;;;
BOA ESPERANÇA III;5402;F;;;;
BOA ESPERANÇA III;5403;F;;;;
IMPERIAL II;5404;F;;;;
BOA ESPERANÇA III;5405;F;;;;
MARIA DE JESUS;5406;F;;;;
PROSPERIDADE III;5407;F;;;;
BARRACÃO;5408;F;;;;
PROSPERIDADE III;5409;F;;;;
BARRACÃO;5410;F;;;;
PROSPERIDADE III;5411;F;;;;
PROSPERIDADE III;5412;F;;;;
PROSPERIDADE III;5413;F;;;;
MARIA DE JESUS;5414;F;;;;
PROSPERIDADE III;5415;F;;;;
BOA ESPERANÇA III;5416;F;;;;
PROSPERIDADE III;5417;F;;;;
BARRACÃO;5418;F;;;;
PROSPERIDADE III;5419;F;;;;
BOA ESPERANÇA III;5420;F;;;;
BOA ESPERANÇA;5421;F;;;;
BARRACÃO;5422;F;;;;
PROSPERIDADE III;5423;F;;;;
BARRACÃO;5424;F;;;;
BARRACÃO;5425;F;;;;
PROSPERIDADE III;5426;F;;;;
BOA ESPERANÇA III;5427;F;;;;
MARIA DE JESUS;5428;F;;;;
MARIA DE JESUS;5429;F;;;;
PROSPERIDADE III;5430;F;;;;
PROSPERIDADE III;5431;F;;;;
BOA ESPERANÇA III;5432;F;;;;
IMPERIAL II;5433;F;;;;
BOA ESPERANÇA III;5434;F;;;;
IMPERIAL II;5435;F;;;;
MARIA DE JESUS;5436;F;;;;
PROSPERIDADE III;5437;F;;;;
IMPERIAL II;5438;F;;;;
BARRACÃO;5439;F;;;;
PROSPERIDADE III;5440;F;;;;
PROSPERIDADE III;5441;F;;;;
PROSPERIDADE III;5442;F;;;;
IMPERIAL II;5443;F;;;;
BARRACÃO;5444;F;;;;
IMPERIAL I;5445;F;;;;
IMPERIAL I;5446;F;;;;
IMPERIAL I;5448;F;;;;
IMPERIAL I;5449;F;;;;
IMPERIAL I;5452;F;;;;
IMPERIAL I;5453;F;;;;
IMPERIAL I;5454;F;;;;
IMPERIAL II;5455;F;;;;
IMPERIAL I;5456;F;;;;
IMPERIAL II;5457;F;;;;
IMPERIAL I;5458;F;;;;
IMPERIAL I;5459;F;;;;
IMPERIAL I;5460;F;;;;
IMPERIAL I;5461;F;;;;
IMPERIAL I;5462;F;;;;
IMPERIAL I;5463;F;;;;
IMPERIAL I;5464;F;;;;
IMPERIAL I;5465;F;;;;
IMPERIAL I;5466;F;;;;
IMPERIAL I;5467;F;;;;
IMPERIAL II;5468;F;;;;
IMPERIAL I;5469;F;;;;
IMPERIAL I;5470;F;;;;
IMPERIAL I;5471;F;;;;
IMPERIAL II;5472;F;;;;
IMPERIAL I;5473;F;;;;
IMPERIAL I;5475;F;;;;
IMPERIAL I;5476;F;;;;
IMPERIAL I;5478;F;;;;
IMPERIAL I;5479;F;;;;
IMPERIAL I;5480;F;;;;
IMPERIAL I;5482;F;;;;
IMPERIAL I;5484;F;;;;
IMPERIAL I;5485;F;;;;
IMPERIAL I;5486;F;;;;
IMPERIAL I;5487;F;;;;
IMPERIAL I;5488;F;;;;
IMPERIAL I;5489;F;;;;
IMPERIAL II;5491;F;;;;
IMPERIAL I;5492;F;;;;
IMPERIAL I;5493;F;;;;
IMPERIAL I;5495;F;;;;
IMPERIAL I;5496;F;;;;
IMPERIAL II;5497;F;;;;
IMPERIAL I;5498;F;;;;
IMPERIAL I;5499;F;;;;
IMPERIAL I;5500;F;;;;
IMPERIAL I;5502;F;;;;
IMPERIAL I;5503;F;;;;
IMPERIAL I;5504;F;;;;
IMPERIAL I;5505;F;;;;
IMPERIAL I;5506;F;;;;
IMPERIAL I;5508;F;;;;
IMPERIAL I;5509;F;;;;
IMPERIAL II;5511;F;;;;
IMPERIAL I;5513;F;;;;
IMPERIAL I;5514;F;;;;
IMPERIAL I;5515;F;;;;
IMPERIAL I;5516;F;;;;
IMPERIAL I;5517;F;;;;
IMPERIAL I;5518;F;;;;
IMPERIAL I;5519;F;;;;
IMPERIAL I;5520;F;;;;
IMPERIAL I;5521;F;;;;
IMPERIAL I;5522;F;;;;
IMPERIAL I;5523;F;;;;
IMPERIAL I;5524;F;;;;
IMPERIAL I;5526;F;;;;
IMPERIAL I;5527;F;;;;
IMPERIAL I;5528;F;;;;
IMPERIAL I;5529;F;;;;
IMPERIAL I;5530;F;;;;
BOA ESPERANÇA;5531;F;;;;
IMPERIAL II;5532;F;;;;
IMPERIAL I;5533;F;;;;
IMPERIAL I;5534;F;;;;
IMPERIAL I;5535;F;;;;
IMPERIAL I;5536;F;;;;
BARRACÃO;5538;F;;;;
IMPERIAL I;5543;F;;;;
BARRACÃO;5545;F;;;;
BARRACÃO;5547;F;;;;
PROSPERIDADE III;5548;F;;;;
BARRACÃO;5550;F;;;;
IMPERIAL II;5551;F;;;;
BARRACÃO;5552;F;;;;
BARRACÃO;5555;F;;;;
BARRACÃO;5558;F;;;;
BOA ESPERANÇA;5561;F;;;;
PROSPERIDADE I;5569;F;;;;
PROSPERIDADE I;5572;F;;;;
PROSPERIDADE I;5575;F;;;;
PROSPERIDADE I;5580;F;;;;
PROSPERIDADE I;5581;F;;;;
PROSPERIDADE I;5584;F;;;;
PROSPERIDADE I;5585;F;;;;
BARRACÃO;5586;F;;;;
IMPERIAL I;5587;F;;;;
IMPERIAL I;5590;F;;;;
BARRACÃO;5592;F;;;;
BARRACÃO;5593;F;;;;
IMPERIAL I;5594;F;;;;
BARRACÃO;5595;F;;;;
IMPERIAL I;5598;F;;;;
BARRACÃO;5605;F;;;;
PROSPERIDADE III;5607;F;;;;
BARRACÃO;5610;F;;;;
IMPERIAL I;5611;F;;;;
IMPERIAL I;5612;F;;;;
IMPERIAL I;5615;F;;;;
BARRACÃO;5617;F;;;;
IMPERIAL I;5618;F;;;;
BARRACÃO;5619;F;;;;
IMPERIAL I;5620;F;;;;
BOA ESPERANÇA;5621;F;;;;
BARRACÃO;5625;F;;;;
IMPERIAL I;5629;F;;;;
IMPERIAL I;5630;F;;;;
BOA ESPERANÇA;5631;F;;;;
BARRACÃO;5633;F;;;;
BARRACÃO;5634;F;;;;
IMPERIAL I;5636;F;;;;
IMPERIAL I;5637;F;;;;
BARRACÃO;5640;F;;;;
PROSPERIDADE I;5641;F;;;;
IMPERIAL I;5642;F;;;;
PROSPERIDADE I;5643;F;;;;
PROSPERIDADE I;5644;F;;;;
IMPERIAL I;5645;F;;;;
PROSPERIDADE II;5647;F;;;;
IMPERIAL II;5648;F;;;;
IMPERIAL II;5650;F;;;;
IMPERIAL II;5652;F;;;;
IMPERIAL II;5653;F;;;;
PROSPERIDADE II;5654;F;;;;
IMPERIAL II;5655;F;;;;
PROSPERIDADE II;5656;F;;;;
PROSPERIDADE II;5657;F;;;;
PROSPERIDADE II;5658;F;;;;
IMPERIAL II;5660;F;;;;
BARRACÃO;5661;F;;;;
IMPERIAL II;5662;F;;;;
IMPERIAL II;5663;F;;;;
IMPERIAL II;5664;F;;;;
IMPERIAL II;5665;F;;;;
IMPERIAL II;5666;F;;;;
MARIA DE JESUS;5667;F;;;;
PROSPERIDADE II;5668;F;;;;
IMPERIAL II;5669;F;;;;
IMPERIAL II;5671;F;;;;
PROSPERIDADE II;5672;F;;;;
IMPERIAL II;5673;F;;;;
IMPERIAL II;5674;F;;;;
BOA ESPERANÇA III;5675;F;;;;
PROSPERIDADE II;5676;F;;;;
IMPERIAL II;5677;F;;;;
IMPERIAL II;5678;F;;;;
PROSPERIDADE II;5679;F;;;;
IMPERIAL II;5680;F;;;;
PROSPERIDADE II;5681;F;;;;
PROSPERIDADE II;5682;F;;;;
BARRACÃO;5683;F;;;;
IMPERIAL II;5684;F;;;;
MARIA DE JESUS;5685;F;;;;
BARRACÃO;5686;F;;;;
IMPERIAL II;5687;F;;;;
IMPERIAL II;5688;F;;;;
PROSPERIDADE II;5689;F;;;;
MARIA DE JESUS;5691;F;;;;
MARIA DE JESUS;5693;F;;;;
IMPERIAL II;5694;F;;;;
BARRACÃO;5695;F;;;;
IMPERIAL II;5696;F;;;;
IMPERIAL II;5697;F;;;;
IMPERIAL II;5699;F;;;;
PROSPERIDADE II;5700;F;;;;
IMPERIAL II;5701;F;;;;
PROSPERIDADE II;5702;F;;;;
BARRACÃO;5703;F;;;;
IMPERIAL II;5704;F;;;;
IMPERIAL II;5705;F;;;;
IMPERIAL II;5706;F;;;;
IMPERIAL II;5707;F;;;;
BARRACÃO;5708;F;;;;
IMPERIAL II;5709;F;;;;
IMPERIAL II;5710;F;;;;
BOA ESPERANÇA;5711;F;;;;
PROSPERIDADE II;5712;F;;;;
IMPERIAL II;5713;F;;;;
PROSPERIDADE II;5714;F;;;;
IMPERIAL II;5715;F;;;;
IMPERIAL II;5716;F;;;;
BARRACÃO;5717;F;;;;
IMPERIAL II;5719;F;;;;
IMPERIAL II;5720;F;;;;
PROSPERIDADE II;5721;F;;;;
IMPERIAL II;5722;F;;;;
PROSPERIDADE II;5723;F;;;;
IMPERIAL II;5724;F;;;;
PROSPERIDADE II;5725;F;;;;
PROSPERIDADE II;5726;F;;;;
IMPERIAL II;5727;F;;;;
IMPERIAL II;5728;F;;;;
PROSPERIDADE II;5731;F;;;;
IMPERIAL II;5732;F;;;;
PROSPERIDADE II;5733;F;;;;
PROSPERIDADE II;5734;F;;;;
IMPERIAL II;5735;F;;;;
BOA ESPERANÇA III;5736;F;;;;
PROSPERIDADE II;5737;F;;;;
IMPERIAL II;5738;F;;;;
IMPERIAL II;5739;F;;;;
IMPERIAL II;5740;F;;;;
IMPERIAL II;5741;F;;;;
BARRACÃO;5742;F;;;;
IMPERIAL II;5743;F;;;;
IMPERIAL II;5744;F;;;;
IMPERIAL II;5745;F;;;;
IMPERIAL II;5746;F;;;;
PROSPERIDADE II;5747;F;;;;
PROSPERIDADE II;5748;F;;;;
BOA ESPERANÇA III;5749;F;;;;
MARIA DE JESUS;5751;F;;;;
MARIA DE JESUS;5752;F;;;;
PROSPERIDADE II;5754;F;;;;
IMPERIAL II;5755;F;;;;
IMPERIAL II;5756;F;;;;
IMPERIAL II;5758;F;;;;
IMPERIAL II;5759;F;;;;
IMPERIAL II;5760;F;;;;
IMPERIAL II;5762;F;;;;
BOA ESPERANÇA III;5763;F;;;;
BARRACÃO;5764;F;;;;
PROSPERIDADE II;5765;F;;;;
BOA ESPERANÇA III;5766;F;;;;
BARRACÃO;5767;F;;;;
PROSPERIDADE III;5768;F;;;;
PROSPERIDADE III;5769;F;;;;
IMPERIAL II;5770;F;;;;
PROSPERIDADE II;5771;F;;;;
MARIA DE JESUS;5772;F;;;;
MARIA DE JESUS;5773;F;;;;
IMPERIAL II;5774;F;;;;
BOA ESPERANÇA III;5775;F;;;;
IMPERIAL II;5777;F;;;;
MARIA DE JESUS;5778;F;;;;
PROSPERIDADE II;5780;F;;;;
BARRACÃO;5781;F;;;;
IMPERIAL II;5782;F;;;;
MARIA DE JESUS;5783;F;;;;
BARRACÃO;5784;F;;;;
MARIA DE JESUS;5785;F;;;;
BOA ESPERANÇA III;5786;F;;;;
IMPERIAL II;5787;F;;;;
PROSPERIDADE III;5788;F;;;;
BOA ESPERANÇA III;5789;F;;;;
BARRACÃO;5790;F;;;;
IMPERIAL II;5791;F;;;;
BOA ESPERANÇA III;5792;F;;;;
IMPERIAL II;5793;F;;;;
MARIA DE JESUS;5794;F;;;;
BOA ESPERANÇA III;5795;F;;;;
BOA ESPERANÇA III;5796;F;;;;
BARRACÃO;5797;F;;;;
BARRACÃO;5798;F;;;;
PROSPERIDADE III;5799;F;;;;
PROSPERIDADE III;5800;F;;;;
PROSPERIDADE II;5801;F;;;;
BOA ESPERANÇA III;5802;F;;;;
IMPERIAL II;5803;F;;;;
IMPERIAL II;5804;F;;;;
PROSPERIDADE II;5805;F;;;;
BARRACÃO;5806;F;;;;
BARRACÃO;5807;F;;;;
MARIA DE JESUS;5808;F;;;;
BARRACÃO;5809;F;;;;
BOA ESPERANÇA III;5810;F;;;;
BOA ESPERANÇA III;5812;F;;;;
IMPERIAL I;5813;F;;;;
BOA ESPERANÇA III;5814;F;;;;
IMPERIAL II;5815;F;;;;
PROSPERIDADE II;5816;F;;;;
PROSPERIDADE III;5817;F;;;;
PROSPERIDADE II;5819;F;;;;
BARRACÃO;5820;F;;;;
PROSPERIDADE II;5821;F;;;;
BARRACÃO;5822;F;;;;
BARRACÃO;5823;F;;;;
BOA ESPERANÇA III;5824;F;;;;
MARIA DE JESUS;5825;F;;;;
MARIA DE JESUS;5826;F;;;;
BARRACÃO;5827;F;;;;
IMPERIAL II;5828;F;;;;
BOA ESPERANÇA III;5829;F;;;;
BARRACÃO;5830;F;;;;
MARIA DE JESUS;5831;F;;;;
BOA ESPERANÇA III;5832;F;;;;
BARRACÃO;5833;F;;;;
BARRACÃO;5834;F;;;;
PROSPERIDADE III;5835;F;;;;
PROSPERIDADE III;5836;F;;;;
BARRACÃO;5837;F;;;;
PROSPERIDADE III;5838;F;;;;
BARRACÃO;5839;F;;;;
MARIA DE JESUS;5840;F;;;;
BOA ESPERANÇA;5841;F;;;;
BOA ESPERANÇA III;5842;F;;;;
BARRACÃO;5843;F;;;;
BARRACÃO;5844;F;;;;
MARIA DE JESUS;5845;F;;;;
IMPERIAL II;5846;F;;;;
IMPERIAL II;5847;F;;;;
MARIA DE JESUS;5848;F;;;;
MARIA DE JESUS;5849;F;;;;
MARIA DE JESUS;5850;F;;;;
MARIA DE JESUS;5851;F;;;;
PROSPERIDADE I;5852;F;;;;
PROSPERIDADE I;5853;F;;;;
MARIA DE JESUS;5854;F;;;;
BOA ESPERANÇA III;5855;F;;;;
IMPERIAL I;5857;F;;;;
PROSPERIDADE I;5862;F;;;;
PROSPERIDADE I;5863;F;;;;
PROSPERIDADE I;5867;F;;;;
BOA ESPERANÇA III;5869;F;;;;
PROSPERIDADE I;5870;F;;;;
PROSPERIDADE I;5874;F;;;;
PROSPERIDADE I;5878;F;;;;
PROSPERIDADE I;5880;F;;;;
PROSPERIDADE I;5883;F;;;;
PROSPERIDADE I;5884;F;;;;
FAZENDA COROATÁ;5885;F;;;;
PROSPERIDADE III;5886;F;;;;
BARRACÃO;5887;F;;;;
IMPERIAL I;5888;F;;;;
IMPERIAL I;5889;F;;;;
BARRACÃO;5890;F;;;;
BOA ESPERANÇA;5891;F;;;;
BARRACÃO;5892;F;;;;
BARRACÃO;5893;F;;;;
IMPERIAL I;5894;F;;;;
IMPERIAL II;5896;F;;;;
BARRACÃO;5897;F;;;;
PROSPERIDADE I;5898;F;;;;
IMPERIAL I;5899;F;;;;
IMPERIAL I;5900;F;;;;
BOA ESPERANÇA;5901;F;;;;
MARIA DE JESUS;5902;F;;;;
IMPERIAL I;5903;F;;;;
MARIA DE JESUS;5904;F;;;;
MARIA DE JESUS;5905;F;;;;
PROSPERIDADE III;5906;F;;;;
PROSPERIDADE III;5907;F;;;;
BARRACÃO;5908;F;;;;
PROSPERIDADE III;5909;F;;;;
BARRACÃO;5910;F;;;;
IMPERIAL I;5912;F;;;;
IMPERIAL I;5913;F;;;;
PROSPERIDADE III;5914;F;;;;
IMPERIAL II;5915;F;;;;
IMPERIAL I;5917;F;;;;
IMPERIAL I;5918;F;;;;
MARIA DE JESUS;5919;F;;;;
IMPERIAL I;5920;F;;;;
BOA ESPERANÇA;5921;F;;;;
BARRACÃO;5922;F;;;;
MARIA DE JESUS;5923;F;;;;
IMPERIAL I;5924;F;;;;
BARRACÃO;5926;F;;;;
BARRACÃO;5927;F;;;;
IMPERIAL I;5928;F;;;;
IMPERIAL I;5929;F;;;;
IMPERIAL I;5931;F;;;;
BARRACÃO;5932;F;;;;
IMPERIAL I;5933;F;;;;
BARRACÃO;5934;F;;;;
PROSPERIDADE III;5935;F;;;;
BARRACÃO;5936;F;;;;
PROSPERIDADE III;5937;F;;;;
IMPERIAL I;5938;F;;;;
BARRACÃO;5939;F;;;;
IMPERIAL I;5940;F;;;;
BARRACÃO;5942;F;;;;
BARRACÃO;5943;F;;;;
MARIA DE JESUS;5944;F;;;;
BARRACÃO;5945;F;;;;
IMPERIAL I;5946;F;;;;
IMPERIAL I;5947;F;;;;
PROSPERIDADE I;5948;F;;;;
MARIA DE JESUS;5949;F;;;;
BARRACÃO;5950;F;;;;
IMPERIAL II;5951;F;;;;
MARIA DE JESUS;5952;F;;;;
IMPERIAL I;5953;F;;;;
FAZENDA COROATÁ;5954;F;;;;
BARRACÃO;5955;F;;;;
BARRACÃO;5956;F;;;;
BARRACÃO;5957;F;;;;
BARRACÃO;5958;F;;;;
IMPERIAL I;5959;F;;;;
BARRACÃO;5960;F;;;;
BARRACÃO;5961;F;;;;
BARRACÃO;5962;F;;;;
IMPERIAL I;5963;F;;;;
MARIA DE JESUS;5964;F;;;;
BARRACÃO;5965;F;;;;
BARRACÃO;5966;F;;;;
BARRACÃO;5967;F;;;;
PROSPERIDADE III;5968;F;;;;
IMPERIAL I;5969;F;;;;
IMPERIAL I;5970;F;;;;
IMPERIAL I;5971;F;;;;
BARRACÃO;5972;F;;;;
PROSPERIDADE I;5976;F;;;;
PROSPERIDADE I;5982;F;;;;
PROSPERIDADE I;5984;F;;;;
PROSPERIDADE I;5989;F;;;;
PROSPERIDADE I;5990;F;;;;
BOA ESPERANÇA III;5991;F;;;;
PROSPERIDADE I;5993;F;;;;
PROSPERIDADE I;5994;F;;;;
PROSPERIDADE I;5996;F;;;;
PROSPERIDADE I;5997;F;;;;
PROSPERIDADE I;6000;F;;;;
BOA ESPERANÇA;6001;F;;;;
PROSPERIDADE I;6005;F;;;;
PROSPERIDADE I;6006;F;;;;
PROSPERIDADE I;6007;F;;;;
PROSPERIDADE I;6008;F;;;;
PROSPERIDADE I;6012;F;;;;
PROSPERIDADE I;6013;F;;;;
PROSPERIDADE I;6014;F;;;;
PROSPERIDADE I;6018;F;;;;
PROSPERIDADE I;6020;F;;;;
BOA ESPERANÇA;6021;F;;;;
PROSPERIDADE I;6033;F;;;;
PROSPERIDADE I;6034;F;;;;
PROSPERIDADE I;6035;F;;;;
PROSPERIDADE I;6037;F;;;;
PROSPERIDADE I;6038;F;;;;
MARIA DE JESUS;6041;F;;;;
PROSPERIDADE I;6045;F;;;;
PROSPERIDADE I;6046;F;;;;
PROSPERIDADE I;6047;F;;;;
PROSPERIDADE I;6049;F;;;;
PROSPERIDADE II;6051;F;;;;
PROSPERIDADE I;6053;F;;;;
FAZENDA COROATÁ;6057;F;;;;
PROSPERIDADE I;6058;F;;;;
PROSPERIDADE I;6065;F;;;;
FAZENDA COROATÁ;6066;F;;;;
FAZENDA COROATÁ;6067;F;;;;
IMPERATRIZ (ALUGUEL);6070;F;;;;
BOA ESPERANÇA;6071;F;;;;
FAZENDA COROATÁ;6072;F;;;;
IMPERATRIZ (ALUGUEL);6073;F;;;;
FAZENDA COROATÁ;6074;F;;;;
IMPERATRIZ (ALUGUEL);6075;F;;;;
FAZENDA COROATÁ;6077;F;;;;
IMPERATRIZ (ALUGUEL);6079;F;;;;
FAZENDA COROATÁ;6080;F;;;;
BOA ESPERANÇA;6081;F;;;;
IMPERATRIZ (ALUGUEL);6083;F;;;;
IMPERATRIZ (ALUGUEL);6086;F;;;;
FAZENDA COROATÁ;6089;F;;;;
FAZENDA JENIPAPO;6090;F;;;;
IMPERIAL II;6091;F;;;;
FAZENDA JENIPAPO;6092;F;;;;
IMPERATRIZ (ALUGUEL);6093;F;;;;
FAZENDA JENIPAPO;6096;F;;;;
PROSPERIDADE II;6097;M;;;;
PROSPERIDADE I;6098;F;;;;
FAZENDA COROATÁ;6099;F;;;;
MARIA DE JESUS;6100;F;;;;
MARIA DE JESUS;6102;M;;;;
MARIA DE JESUS;6103;F;;;;
MARIA DE JESUS;6104;F;;;;
MARIA DE JESUS;6105;F;;;;
MARIA DE JESUS;6106;F;;;;
MARIA DE JESUS;6108;F;;;;
BOA ESPERANÇA III;6109;F;;;;
MARIA DE JESUS;6110;F;;;;
MARIA DE JESUS;6111;F;;;;
BARRACÃO;6112;F;;;;
BARRACÃO;6113;F;;;;
BOA ESPERANÇA III;6114;F;;;;
BOA ESPERANÇA III;6115;F;;;;
BOA ESPERANÇA III;6116;F;;;;
PROSPERIDADE III;6117;F;;;;
BARRACÃO;6118;F;;;;
PROSPERIDADE III;6119;F;;;;
PROSPERIDADE III;6120;F;;;;
IMPERIAL I;6121;F;;;;
BOA ESPERANÇA III;6122;F;;;;
BARRACÃO;6123;F;;;;
BARRACÃO;6124;F;;;;
PROSPERIDADE III;6125;F;;;;
PROSPERIDADE III;6126;F;;;;
BOA ESPERANÇA III;6127;F;;;;
BOA ESPERANÇA III;6128;F;;;;
BOA ESPERANÇA III;6129;F;;;;
BOA ESPERANÇA III;6130;F;;;;
BOA ESPERANÇA;6131;F;;;;
MARIA DE JESUS;6132;F;;;;
PROSPERIDADE III;6133;F;;;;
PROSPERIDADE III;6134;F;;;;
BARRACÃO;6135;F;;;;
BARRACÃO;6136;F;;;;
MARIA DE JESUS;6137;F;;;;
BOA ESPERANÇA III;6138;F;;;;
BOA ESPERANÇA III;6139;F;;;;
BARRACÃO;6140;F;;;;
BOA ESPERANÇA;6141;F;;;;
PROSPERIDADE III;6142;F;;;;
BOA ESPERANÇA III;6143;F;;;;
BOA ESPERANÇA III;6144;F;;;;
BOA ESPERANÇA III;6145;F;;;;
MARIA DE JESUS;6146;F;;;;
PROSPERIDADE III;6147;F;;;;
BOA ESPERANÇA III;6148;F;;;;
PROSPERIDADE III;6149;F;;;;
BOA ESPERANÇA III;6150;F;;;;
BARRACÃO;6151;F;;;;
MARIA DE JESUS;6152;F;;;;
PROSPERIDADE III;6153;F;;;;
BOA ESPERANÇA III;6154;F;;;;
BOA ESPERANÇA III;6155;F;;;;
BOA ESPERANÇA III;6156;F;;;;
PROSPERIDADE III;6157;F;;;;
BARRACÃO;6158;F;;;;
PROSPERIDADE II;6159;F;;;;
PROSPERIDADE III;6160;F;;;;
BOA ESPERANÇA III;6161;F;;;;
BOA ESPERANÇA III;6162;F;;;;
FAZENDA JENIPAPO;6163;F;;;;
FAZENDA COROATÁ;6166;F;;;;
FAZENDA JENIPAPO;6168;F;;;;
FAZENDA JENIPAPO;6169;F;;;;
FAZENDA JENIPAPO;6170;F;;;;
FAZENDA COROATÁ;6173;F;;;;
BOA ESPERANÇA III;6178;F;;;;
MARIA DE JESUS;6179;F;;;;
BARRACÃO;6180;F;;;;
PROSPERIDADE III;6181;F;;;;
PROSPERIDADE III;6182;F;;;;
MARIA DE JESUS;6183;F;;;;
BARRACÃO;6184;F;;;;
BOA ESPERANÇA III;6185;F;;;;
MARIA DE JESUS;6186;F;;;;
BOA ESPERANÇA III;6187;F;;;;
PROSPERIDADE III;6188;F;;;;
PROSPERIDADE III;6189;F;;;;
FAZENDA JENIPAPO;6191;F;;;;
FAZENDA JENIPAPO;6192;F;;;;
FAZENDA JENIPAPO;6193;F;;;;
FAZENDA COROATÁ;6197;F;;;;
PROSPERIDADE I;6199;F;;;;
BOA ESPERANÇA;6201;F;;;;
PROSPERIDADE I;6202;F;;;;
FAZENDA COROATÁ;6203;F;;;;
PROSPERIDADE I;6204;F;;;;
FAZENDA JENIPAPO;6206;F;;;;
PROSPERIDADE I;6212;F;;;;
FAZENDA COROATÁ;6214;F;;;;
BARRACÃO;6216;F;;;;
PROSPERIDADE I;6218;F;;;;
IMPERATRIZ (ALUGUEL);6220;F;;;;
PROSPERIDADE I;6222;F;;;;
FAZENDA JENIPAPO;6224;F;;;;
FAZENDA COROATÁ;6226;F;;;;
FAZENDA JENIPAPO;6227;F;;;;
FAZENDA JENIPAPO;6229;F;;;;
FAZENDA JENIPAPO;6231;F;;;;
IMPERIAL II;6235;F;;;;
FAZENDA JENIPAPO;6236;F;;;;
FAZENDA JENIPAPO;6238;F;;;;
MARIA DE JESUS;6241;F;;;;
FAZENDA COROATÁ;6244;F;;;;
FAZENDA JENIPAPO;6245;F;;;;
FAZENDA JENIPAPO;6247;F;;;;
IMPERIAL II;6249;M;;;;
FAZENDA COROATÁ;6251;F;;;;
IMPERATRIZ (ALUGUEL);6254;F;;;;
FAZENDA JENIPAPO;6255;F;;;;
MARIA DE JESUS;6258;M;;;;
FAZENDA COROATÁ;6259;F;;;;
FAZENDA COROATÁ;6261;F;;;;
IMPERATRIZ (ALUGUEL);6262;F;;;;
FAZENDA JENIPAPO;6264;F;;;;
BOA ESPERANÇA III;6265;F;;;;
FAZENDA JENIPAPO;6266;F;;;;
PROSPERIDADE I;6269;F;;;;
BOA ESPERANÇA;6271;F;;;;
PROSPERIDADE I;6272;F;;;;
FAZENDA COROATÁ;6274;F;;;;
FAZENDA COROATÁ;6275;F;;;;
FAZENDA COROATÁ;6276;F;;;;
FAZENDA COROATÁ;6277;F;;;;
IMPERATRIZ (ALUGUEL);6280;F;;;;
IMPERATRIZ (ALUGUEL);6282;F;;;;
FAZENDA COROATÁ;6285;F;;;;
FAZENDA COROATÁ;6286;F;;;;
FAZENDA COROATÁ;6287;F;;;;
MARIA DE JESUS;6288;M;;;;
MARIA DE JESUS;6289;M;;;;
IMPERIAL II;6291;F;;;;
IMPERATRIZ (ALUGUEL);6295;F;;;;
FAZENDA JENIPAPO;6297;F;;;;
FAZENDA JENIPAPO;6300;F;;;;
FAZENDA JENIPAPO;6301;F;;;;
IMPERATRIZ (ALUGUEL);6302;F;;;;
FAZENDA JENIPAPO;6303;F;;;;
FAZENDA JENIPAPO;6304;F;;;;
IMPERATRIZ (ALUGUEL);6305;F;;;;
IMPERIAL II;6306;M;;;;
MARIA DE JESUS;6307;F;;;;
IMPERATRIZ (ALUGUEL);6308;F;;;;
FAZENDA COROATÁ;6309;F;;;;
PROSPERIDADE I;6312;F;;;;
IMPERATRIZ (ALUGUEL);6316;F;;;;
FAZENDA COROATÁ;6317;F;;;;
PROSPERIDADE I;6320;F;;;;
FAZENDA JENIPAPO;6324;F;;;;
FAZENDA COROATÁ;6327;F;;;;
FAZENDA COROATÁ;6328;F;;;;
FAZENDA COROATÁ;6330;F;;;;
FAZENDA COROATÁ;6333;F;;;;
BOA ESPERANÇA;6336;M;;;;
FAZENDA JENIPAPO;6337;F;;;;
FAZENDA COROATÁ;6338;F;;;;
FAZENDA COROATÁ;6339;F;;;;
FAZENDA COROATÁ;6340;F;;;;
FAZENDA COROATÁ;6342;F;;;;
BOA ESPERANÇA III;6343;F;;;;
FAZENDA JENIPAPO;6344;F;;;;
FAZENDA COROATÁ;6346;F;;;;
IMPERATRIZ (ALUGUEL);6347;F;;;;
FAZENDA COROATÁ;6349;F;;;;
FAZENDA COROATÁ;6350;F;;;;
FAZENDA JENIPAPO;6358;F;;;;
FAZENDA COROATÁ;6359;F;;;;
FAZENDA COROATÁ;6360;F;;;;
FAZENDA COROATÁ;6363;F;;;;
FAZENDA COROATÁ;6365;F;;;;
FAZENDA COROATÁ;6368;F;;;;
IMPERATRIZ (ALUGUEL);6370;F;;;;
FAZENDA COROATÁ;6373;F;;;;
BOA ESPERANÇA III;6380;F;;;;
BOA ESPERANÇA III;6381;F;;;;
BOA ESPERANÇA III;6382;F;;;;
BOA ESPERANÇA;6383;F;;;;
BOA ESPERANÇA;6384;F;;;;
BOA ESPERANÇA;6385;F;;;;
BOA ESPERANÇA;6386;F;;;;
BOA ESPERANÇA III;6388;F;;;;
BOA ESPERANÇA;6389;F;;;;
BOA ESPERANÇA III;6390;F;;;;
BOA ESPERANÇA;6391;F;;;;
BOA ESPERANÇA;6392;F;;;;
BOA ESPERANÇA III;6393;F;;;;
BOA ESPERANÇA;6394;F;;;;
BOA ESPERANÇA;6395;F;;;;
BOA ESPERANÇA III;6396;F;;;;
BOA ESPERANÇA;6398;F;;;;
BOA ESPERANÇA;6399;F;;;;
BOA ESPERANÇA;6400;F;;;;
IMPERIAL II;6401;F;;;;
BOA ESPERANÇA III;6402;F;;;;
BOA ESPERANÇA III;6403;F;;;;
BOA ESPERANÇA III;6404;F;;;;
BOA ESPERANÇA;6405;F;;;;
BOA ESPERANÇA;6406;F;;;;
BOA ESPERANÇA;6407;F;;;;
BOA ESPERANÇA;6408;F;;;;
MARIA DE JESUS;6409;F;;;;
BOA ESPERANÇA;6410;F;;;;
IMPERIAL II;6411;F;;;;
BOA ESPERANÇA III;6412;F;;;;
BOA ESPERANÇA;6413;F;;;;
BOA ESPERANÇA;6414;F;;;;
BOA ESPERANÇA III;6415;F;;;;
BOA ESPERANÇA III;6416;F;;;;
BOA ESPERANÇA;6417;F;;;;
BOA ESPERANÇA III;6418;F;;;;
BOA ESPERANÇA;6419;F;;;;
BOA ESPERANÇA III;6420;F;;;;
BOA ESPERANÇA;6422;F;;;;
BOA ESPERANÇA;6423;F;;;;
MARIA DE JESUS;6424;F;;;;
BOA ESPERANÇA;6425;F;;;;
BOA ESPERANÇA III;6426;F;;;;
BOA ESPERANÇA;6427;F;;;;
BOA ESPERANÇA III;6428;F;;;;
BOA ESPERANÇA;6429;F;;;;
BOA ESPERANÇA;6430;F;;;;
IMPERIAL II;6431;F;;;;
BOA ESPERANÇA;6432;F;;;;
BOA ESPERANÇA III;6433;F;;;;
BOA ESPERANÇA;6434;F;;;;
BOA ESPERANÇA III;6435;F;;;;
BOA ESPERANÇA III;6436;F;;;;
BOA ESPERANÇA III;6437;F;;;;
BOA ESPERANÇA;6438;F;;;;
BOA ESPERANÇA;6439;F;;;;
BOA ESPERANÇA III;6440;F;;;;
BOA ESPERANÇA;6442;F;;;;
BOA ESPERANÇA;6444;F;;;;
BOA ESPERANÇA;6445;F;;;;
BOA ESPERANÇA;6446;F;;;;
BOA ESPERANÇA III;6447;F;;;;
BOA ESPERANÇA;6448;F;;;;
BOA ESPERANÇA;6449;F;;;;
BOA ESPERANÇA III;6450;F;;;;
BOA ESPERANÇA III;6451;F;;;;
BOA ESPERANÇA;6452;F;;;;
BOA ESPERANÇA III;6453;F;;;;
BOA ESPERANÇA;6454;F;;;;
BOA ESPERANÇA III;6455;F;;;;
BOA ESPERANÇA;6456;F;;;;
BOA ESPERANÇA III;6457;F;;;;
BOA ESPERANÇA;6459;F;;;;
BOA ESPERANÇA;6460;F;;;;
BOA ESPERANÇA;6461;F;;;;
BOA ESPERANÇA;6462;F;;;;
PROSPERIDADE I;6463;F;;;;
IMPERIAL I;6464;F;;;;
IMPERIAL I;6465;F;;;;
IMPERIAL I;6467;F;;;;
IMPERIAL I;6468;F;;;;
PROSPERIDADE I;6469;F;;;;
PROSPERIDADE I;6470;F;;;;
IMPERIAL I;6471;F;;;;
IMPERIAL I;6472;F;;;;
PROSPERIDADE I;6473;F;;;;
IMPERIAL I;6474;F;;;;
IMPERIAL I;6475;F;;;;
PROSPERIDADE I;6476;F;;;;
PROSPERIDADE I;6477;F;;;;
IMPERIAL I;6478;F;;;;
IMPERIAL I;6479;F;;;;
PROSPERIDADE I;6480;F;;;;
IMPERIAL I;6481;F;;;;
IMPERIAL I;6482;F;;;;
IMPERIAL I;6483;F;;;;
IMPERIAL I;6484;F;;;;
PROSPERIDADE I;6485;F;;;;
PROSPERIDADE I;6486;F;;;;
IMPERIAL I;6487;F;;;;
PROSPERIDADE I;6488;F;;;;
IMPERIAL I;6489;F;;;;
IMPERIAL I;6490;F;;;;
PROSPERIDADE I;6491;F;;;;
PROSPERIDADE I;6492;F;;;;
IMPERIAL I;6493;F;;;;
PROSPERIDADE I;6494;F;;;;
IMPERIAL I;6495;F;;;;
IMPERIAL I;6496;F;;;;
PROSPERIDADE I;6497;F;;;;
PROSPERIDADE I;6498;F;;;;
PROSPERIDADE I;6499;F;;;;
IMPERIAL I;6500;F;;;;
IMPERIAL I;6501;F;;;;
PROSPERIDADE I;6502;F;;;;
PROSPERIDADE I;6503;F;;;;
IMPERIAL I;6504;F;;;;
IMPERIAL I;6505;F;;;;
IMPERIAL I;6506;F;;;;
PROSPERIDADE I;6507;F;;;;
PROSPERIDADE I;6508;F;;;;
IMPERIAL I;6509;F;;;;
IMPERIAL I;6510;F;;;;
BOA ESPERANÇA;6511;F;;;;
IMPERIAL I;6512;F;;;;
PROSPERIDADE I;6513;F;;;;
IMPERIAL I;6514;F;;;;
IMPERIAL I;6515;F;;;;
IMPERIAL I;6516;F;;;;
IMPERIAL I;6517;F;;;;
IMPERIAL I;6518;F;;;;
PROSPERIDADE I;6520;F;;;;
BOA ESPERANÇA;6521;F;;;;
IMPERIAL I;6522;F;;;;
IMPERIAL I;6523;F;;;;
IMPERIAL I;6524;F;;;;
IMPERIAL I;6525;F;;;;
IMPERIAL I;6526;F;;;;
IMPERIAL I;6527;F;;;;
PROSPERIDADE I;6528;F;;;;
IMPERIAL I;6529;F;;;;
IMPERIAL I;6530;F;;;;
PROSPERIDADE I;6531;F;;;;
PROSPERIDADE I;6532;F;;;;
IMPERIAL I;6533;F;;;;
PROSPERIDADE I;6534;F;;;;
PROSPERIDADE I;6535;F;;;;
PROSPERIDADE I;6536;F;;;;
PROSPERIDADE I;6537;F;;;;
PROSPERIDADE I;6538;F;;;;
IMPERIAL I;6539;F;;;;
PROSPERIDADE I;6540;F;;;;
PROSPERIDADE I;6541;F;;;;
PROSPERIDADE I;6542;F;;;;
IMPERIAL I;6543;F;;;;
IMPERIAL I;6544;F;;;;
IMPERIAL I;6545;F;;;;
IMPERIAL I;6546;F;;;;
IMPERIAL I;6547;F;;;;
IMPERIAL I;6548;F;;;;
PROSPERIDADE I;6549;F;;;;
IMPERIAL I;6550;F;;;;
IMPERIAL I;6552;F;;;;
IMPERIAL I;6553;F;;;;
IMPERIAL I;6554;F;;;;
IMPERIAL I;6555;F;;;;
PROSPERIDADE I;6556;F;;;;
IMPERIAL I;6557;F;;;;
PROSPERIDADE I;6558;F;;;;
IMPERIAL I;6559;F;;;;
IMPERIAL I;6560;F;;;;
PROSPERIDADE I;6561;F;;;;
IMPERIAL I;6562;F;;;;
PROSPERIDADE I;6563;F;;;;
PROSPERIDADE I;6564;F;;;;
PROSPERIDADE I;6565;F;;;;
PROSPERIDADE I;6566;F;;;;
IMPERIAL I;6567;F;;;;
IMPERIAL I;6568;F;;;;
PROSPERIDADE I;6569;F;;;;
PROSPERIDADE I;6570;F;;;;
PROSPERIDADE I;6571;F;;;;
PROSPERIDADE I;6572;F;;;;
IMPERIAL I;6573;F;;;;
IMPERIAL I;6574;F;;;;
PROSPERIDADE I;6575;F;;;;
IMPERIAL I;6576;F;;;;
PROSPERIDADE I;6577;F;;;;
IMPERIAL I;6578;F;;;;
IMPERIAL I;6579;F;;;;
IMPERIAL I;6580;F;;;;
IMPERIAL II;6581;F;;;;
PROSPERIDADE I;6582;F;;;;
PROSPERIDADE I;6583;F;;;;
PROSPERIDADE I;6584;F;;;;
IMPERIAL I;6585;F;;;;
IMPERIAL I;6586;F;;;;
IMPERIAL I;6587;F;;;;
IMPERIAL I;6588;F;;;;
PROSPERIDADE I;6589;F;;;;
PROSPERIDADE I;6590;F;;;;
PROSPERIDADE I;6591;F;;;;
PROSPERIDADE I;6592;F;;;;
IMPERIAL I;6593;F;;;;
IMPERIAL I;6594;F;;;;
PROSPERIDADE I;6595;F;;;;
IMPERIAL I;6596;F;;;;
IMPERIAL I;6597;F;;;;
IMPERIAL I;6598;F;;;;
PROSPERIDADE I;6599;F;;;;
IMPERIAL I;6600;F;;;;
IMPERIAL II;6601;F;;;;
IMPERIAL I;6602;F;;;;
IMPERIAL I;6603;F;;;;
IMPERIAL I;6604;F;;;;
IMPERIAL I;6605;F;;;;
IMPERIAL I;6606;F;;;;
PROSPERIDADE I;6607;F;;;;
IMPERIAL I;6608;F;;;;
IMPERIAL I;6609;F;;;;
IMPERIAL I;6610;F;;;;
PROSPERIDADE I;6611;F;;;;
IMPERIAL I;6612;F;;;;
PROSPERIDADE I;6613;F;;;;
PROSPERIDADE I;6614;F;;;;
PROSPERIDADE I;6615;F;;;;
IMPERIAL I;6616;F;;;;
PROSPERIDADE I;6617;F;;;;
IMPERIAL I;6618;F;;;;
IMPERIAL I;6619;F;;;;
PROSPERIDADE I;6620;F;;;;
IMPERIAL II;6621;F;;;;
IMPERIAL I;6622;F;;;;
PROSPERIDADE I;6623;F;;;;
PROSPERIDADE I;6624;F;;;;
PROSPERIDADE I;6625;F;;;;
PROSPERIDADE I;6626;F;;;;
IMPERIAL I;6627;F;;;;
IMPERIAL I;6628;F;;;;
PROSPERIDADE I;6629;F;;;;
PROSPERIDADE I;6630;F;;;;
BOA ESPERANÇA;6631;F;;;;
PROSPERIDADE I;6632;F;;;;
IMPERIAL I;6633;F;;;;
IMPERIAL I;6634;F;;;;
IMPERIAL I;6635;F;;;;
IMPERIAL I;6636;F;;;;
IMPERIAL I;6637;F;;;;
IMPERIAL I;6638;F;;;;
IMPERIAL I;6639;F;;;;
IMPERIAL I;6640;F;;;;
PROSPERIDADE I;6642;F;;;;
IMPERIAL I;6643;F;;;;
PROSPERIDADE I;6644;F;;;;
PROSPERIDADE I;6645;F;;;;
IMPERIAL I;6646;F;;;;
IMPERIAL I;6647;F;;;;
PROSPERIDADE I;6648;F;;;;
IMPERIAL I;6649;F;;;;
IMPERIAL I;6650;F;;;;
IMPERIAL I;6651;F;;;;
IMPERIAL I;6652;F;;;;
IMPERIAL I;6653;F;;;;
IMPERIAL I;6654;F;;;;
IMPERIAL I;6655;F;;;;
IMPERIAL I;6656;F;;;;
PROSPERIDADE I;6657;F;;;;
IMPERIAL I;6658;F;;;;
PROSPERIDADE I;6659;F;;;;
IMPERIAL I;6660;F;;;;
IMPERIAL I;6661;F;;;;
IMPERIAL I;6662;F;;;;
IMPERIAL I;6663;F;;;;
PROSPERIDADE I;6664;F;;;;
IMPERIAL I;6665;F;;;;
PROSPERIDADE I;6666;F;;;;
PROSPERIDADE I;6667;F;;;;
PROSPERIDADE I;6668;F;;;;
PROSPERIDADE I;6669;F;;;;
IMPERIAL I;6670;F;;;;
BOA ESPERANÇA;6671;F;;;;
IMPERIAL I;6672;F;;;;
PROSPERIDADE I;6673;F;;;;
IMPERIAL I;6674;F;;;;
PROSPERIDADE I;6675;F;;;;
IMPERIAL I;6676;F;;;;
IMPERIAL I;6677;F;;;;
PROSPERIDADE I;6678;F;;;;
PROSPERIDADE I;6679;F;;;;
IMPERIAL I;6680;F;;;;
PROSPERIDADE I;6681;F;;;;
BARRACÃO;6683;F;;;;
BARRACÃO;6684;F;;;;
PROSPERIDADE I;6685;M;;;;
PROSPERIDADE I;6686;M;;;;
MARIA DE JESUS;6687;M;;;;
MARIA DE JESUS;6688;M;;;;
FAZENDA JENIPAPO;6689;F;;;;
FAZENDA JENIPAPO;6690;F;;;;
PROSPERIDADE I;6694;F;;;;
PROSPERIDADE I;6695;F;;;;
PROSPERIDADE I;6697;F;;;;
IMPERIAL I;6701;F;;;;
PROSPERIDADE I;6702;F;;;;
IMPERIAL I;6703;F;;;;
PROSPERIDADE I;6704;F;;;;
PROSPERIDADE I;6705;F;;;;
IMPERIAL I;6706;F;;;;
PROSPERIDADE I;6707;F;;;;
PROSPERIDADE I;6708;F;;;;
IMPERIAL I;6709;F;;;;
PROSPERIDADE I;6710;F;;;;
BOA ESPERANÇA;6711;F;;;;
IMPERIAL I;6712;F;;;;
IMPERIAL I;6714;F;;;;
IMPERIAL I;6715;F;;;;
IMPERIAL I;6716;F;;;;
IMPERIAL I;6717;F;;;;
PROSPERIDADE I;6718;F;;;;
IMPERIAL I;6719;F;;;;
IMPERIAL I;6720;F;;;;
PROSPERIDADE I;6722;F;;;;
IMPERIAL I;6723;F;;;;
IMPERIAL I;6724;F;;;;
PROSPERIDADE I;6725;F;;;;
IMPERIAL I;6726;F;;;;
IMPERIAL I;6727;F;;;;
PROSPERIDADE I;6728;F;;;;
PROSPERIDADE I;6730;F;;;;
IMPERIAL II;6731;F;;;;
IMPERIAL I;6732;F;;;;
PROSPERIDADE I;6733;F;;;;
PROSPERIDADE I;6734;F;;;;
IMPERIAL I;6735;F;;;;
PROSPERIDADE I;6736;F;;;;
IMPERIAL I;6737;F;;;;
IMPERIAL I;6738;F;;;;
PROSPERIDADE I;6739;F;;;;
IMPERIAL I;6740;F;;;;
BOA ESPERANÇA III;6741;F;;;;
IMPERIAL I;6742;F;;;;
IMPERIAL I;6743;F;;;;
IMPERIAL I;6744;F;;;;
PROSPERIDADE I;6745;F;;;;
PROSPERIDADE I;6746;F;;;;
IMPERIAL I;6747;F;;;;
PROSPERIDADE I;6748;F;;;;
IMPERIAL I;6749;F;;;;
IMPERIAL I;6750;F;;;;
BOA ESPERANÇA;6751;F;;;;
PROSPERIDADE I;6752;F;;;;
PROSPERIDADE I;6754;F;;;;
PROSPERIDADE I;6755;F;;;;
IMPERIAL I;6757;F;;;;
PROSPERIDADE I;6758;F;;;;
PROSPERIDADE I;6759;F;;;;
PROSPERIDADE I;6760;F;;;;
IMPERIAL I;6761;F;;;;
IMPERIAL I;6762;F;;;;
IMPERIAL I;6763;F;;;;
IMPERIAL I;6764;F;;;;
IMPERIAL I;6765;F;;;;
IMPERIAL I;6766;F;;;;
PROSPERIDADE I;6767;F;;;;
IMPERIAL I;6768;F;;;;
IMPERIAL I;6769;F;;;;
IMPERIAL I;6770;F;;;;
IMPERIAL I;6771;F;;;;
IMPERIAL I;6772;F;;;;
IMPERIAL I;6773;F;;;;
IMPERIAL I;6774;F;;;;
IMPERIAL I;6775;F;;;;
PROSPERIDADE I;6776;F;;;;
IMPERIAL I;6777;F;;;;
IMPERIAL I;6778;F;;;;
IMPERIAL I;6779;F;;;;
IMPERIAL I;6780;F;;;;
IMPERIAL II;6781;F;;;;
IMPERIAL I;6782;F;;;;
IMPERIAL I;6783;F;;;;
IMPERIAL I;6784;F;;;;
IMPERIAL I;6785;F;;;;
IMPERIAL I;6786;F;;;;
IMPERIAL I;6787;F;;;;
IMPERIAL I;6788;F;;;;
IMPERIAL I;6789;F;;;;
IMPERIAL I;6790;F;;;;
BOA ESPERANÇA;6791;F;;;;
IMPERIAL I;6792;F;;;;
IMPERIAL I;6793;F;;;;
IMPERIAL I;6794;F;;;;
IMPERIAL I;6795;F;;;;
IMPERIAL I;6796;F;;;;
IMPERIAL I;6797;F;;;;
IMPERIAL I;6798;F;;;;
BOA ESPERANÇA III;6821;F;;;;
BOA ESPERANÇA;6831;F;;;;
IMPERIAL II;6851;F;;;;
IMPERIAL II;6854;F;;;;
BOA ESPERANÇA;6892;F;;;;
BOA ESPERANÇA III;6951;F;;;;
BOA ESPERANÇA;6981;F;;;;
BOA ESPERANÇA;7001;F;;;;
BOA ESPERANÇA;7031;F;;;;
IMPERIAL II;7051;F;;;;
BOA ESPERANÇA;7171;F;;;;
BOA ESPERANÇA;7201;F;;;;
BOA ESPERANÇA;7381;F;;;;
BOA ESPERANÇA;7391;F;;;;
BOA ESPERANÇA;7401;F;;;;
IMPERIAL II;7461;F;;;;
BOA ESPERANÇA III;7511;F;;;;
BOA ESPERANÇA;7551;F;;;;
IMPERIAL II;7561;F;;;;
BOA ESPERANÇA;7781;F;;;;
BOA ESPERANÇA;7811;F;;;;
BOA ESPERANÇA III;7851;F;;;;
BOA ESPERANÇA;7901;F;;;;
BOA ESPERANÇA III;7931;F;;;;
BOA ESPERANÇA;8001;F;;;;
PROSPERIDADE II;8011;F;;;;
BOA ESPERANÇA;8031;F;;;;
IMPERIAL II;8061;F;;;;
PROSPERIDADE II;8111;F;;;;
BOA ESPERANÇA III;8121;F;;;;
IMPERIAL I;8131;F;;;;
IMPERIAL II;8161;F;;;;
BOA ESPERANÇA III;8201;F;;;;
BARRACÃO;8211;F;;;;
BOA ESPERANÇA;8221;F;;;;
BOA ESPERANÇA;8351;F;;;;
IMPERIAL II;8361;F;;;;
BOA ESPERANÇA;8421;F;;;;
BARRACÃO;8441;F;;;;
IMPERIAL II;8451;F;;;;
BARRACÃO;8491;F;;;;
BOA ESPERANÇA;8531;F;;;;
IMPERIAL II;8611;F;;;;
IMPERIAL II;8711;F;;;;
BOA ESPERANÇA;8801;F;;;;
BOA ESPERANÇA;8851;F;;;;
IMPERIAL II;9001;F;;;;
BOA ESPERANÇA III;9010;F;;;;
BOA ESPERANÇA;9031;F;;;;
BOA ESPERANÇA;9231;F;;;;
BOA ESPERANÇA;9241;F;;;;
BOA ESPERANÇA III;9271;F;;;;
IMPERIAL II;9281;F;;;;
BOA ESPERANÇA III;9401;F;;;;
IMPERIAL I;9421;F;;;;
IMPERIAL II;9431;F;;;;
PROSPERIDADE II;9441;F;;;;
BOA ESPERANÇA;9511;F;;;;
PROSPERIDADE II;9521;F;;;;
PROSPERIDADE II;9531;F;;;;
IMPERIAL II;9541;F;;;;
BOA ESPERANÇA;9851;F;;;;
IMPERIAL II;9871;F;;;;
IMPERIAL I;9911;F;;;;
BOA ESPERANÇA;9931;F;;;;
BOA ESPERANÇA;9971;F;;;;
PROSPERIDADE III;11351;F;;;;
PROSPERIDADE III;11651;F;;;;
BOA ESPERANÇA III;11784;F;;;;
BOA ESPERANÇA;11785;F;;;;
BOA ESPERANÇA III;11786;F;;;;
BOA ESPERANÇA;11787;F;;;;
BOA ESPERANÇA III;11789;F;;;;
BOA ESPERANÇA;11790;F;;;;
BOA ESPERANÇA III;11791;F;;;;
BOA ESPERANÇA III;11792;F;;;;
BOA ESPERANÇA;11793;F;;;;
BOA ESPERANÇA III;11794;F;;;;
BOA ESPERANÇA;11795;F;;;;
BOA ESPERANÇA;11796;F;;;;
BOA ESPERANÇA;11797;F;;;;
BOA ESPERANÇA;11798;F;;;;
BOA ESPERANÇA III;11799;F;;;;
BOA ESPERANÇA III;11800;F;;;;
BOA ESPERANÇA;11801;F;;;;
BOA ESPERANÇA;11802;F;;;;
BOA ESPERANÇA;11803;F;;;;
BOA ESPERANÇA;11804;F;;;;
BOA ESPERANÇA III;11805;F;;;;
BOA ESPERANÇA;11806;F;;;;
BOA ESPERANÇA III;11807;F;;;;
BOA ESPERANÇA;11808;F;;;;
BOA ESPERANÇA;11809;F;;;;
BOA ESPERANÇA;11810;F;;;;
BOA ESPERANÇA III;11811;F;;;;
BOA ESPERANÇA;11812;F;;;;
BOA ESPERANÇA III;11813;F;;;;
BOA ESPERANÇA III;11814;F;;;;
BOA ESPERANÇA;11815;F;;;;
BOA ESPERANÇA;11816;F;;;;
BOA ESPERANÇA;11817;F;;;;
BOA ESPERANÇA;11818;F;;;;
BOA ESPERANÇA;11819;F;;;;
BOA ESPERANÇA;11820;F;;;;
BOA ESPERANÇA;11821;F;;;;
BOA ESPERANÇA;11822;F;;;;
BOA ESPERANÇA;11823;F;;;;
BOA ESPERANÇA;11825;F;;;;
BOA ESPERANÇA III;11826;F;;;;
BOA ESPERANÇA III;11827;F;;;;
BOA ESPERANÇA III;11828;F;;;;
BOA ESPERANÇA III;11829;F;;;;
BOA ESPERANÇA III;11831;F;;;;
BOA ESPERANÇA;11832;F;;;;
BOA ESPERANÇA;11833;F;;;;
BOA ESPERANÇA;11834;F;;;;
BOA ESPERANÇA;11835;F;;;;
BOA ESPERANÇA;11836;F;;;;
BOA ESPERANÇA;11838;F;;;;
BOA ESPERANÇA;11839;F;;;;
BOA ESPERANÇA;11840;F;;;;
BOA ESPERANÇA;11841;F;;;;
BOA ESPERANÇA;11842;F;;;;
BOA ESPERANÇA;11843;F;;;;
BOA ESPERANÇA;11844;F;;;;
BOA ESPERANÇA III;11845;F;;;;
BOA ESPERANÇA;11846;F;;;;
BOA ESPERANÇA;11847;F;;;;
BOA ESPERANÇA;11848;F;;;;
BOA ESPERANÇA;11849;F;;;;
BOA ESPERANÇA III;11850;F;;;;
BOA ESPERANÇA III;11851;F;;;;
BOA ESPERANÇA III;11852;F;;;;
BOA ESPERANÇA;11853;F;;;;
BOA ESPERANÇA;11854;F;;;;
BOA ESPERANÇA III;11855;F;;;;
BOA ESPERANÇA III;11856;F;;;;
BOA ESPERANÇA;11857;F;;;;
BOA ESPERANÇA;11858;F;;;;
BOA ESPERANÇA;11859;F;;;;
BOA ESPERANÇA;11860;F;;;;
BOA ESPERANÇA;11861;F;;;;
BOA ESPERANÇA III;11862;F;;;;
BOA ESPERANÇA;11863;F;;;;
BOA ESPERANÇA;11864;F;;;;
BOA ESPERANÇA;11866;F;;;;
BOA ESPERANÇA;11867;F;;;;
BOA ESPERANÇA;11868;F;;;;
BOA ESPERANÇA;11869;F;;;;
BOA ESPERANÇA;11870;F;;;;
BOA ESPERANÇA;11871;F;;;;
BOA ESPERANÇA III;11872;F;;;;
BOA ESPERANÇA III;11873;F;;;;
BOA ESPERANÇA;11875;F;;;;
BOA ESPERANÇA;11876;F;;;;
BOA ESPERANÇA III;11877;F;;;;
BOA ESPERANÇA;11878;F;;;;
BOA ESPERANÇA;11881;F;;;;
BOA ESPERANÇA III;11882;F;;;;
BOA ESPERANÇA III;11883;F;;;;
BOA ESPERANÇA III;11884;F;;;;
BOA ESPERANÇA III;11885;F;;;;
BOA ESPERANÇA;11886;F;;;;
BOA ESPERANÇA;11887;F;;;;
BOA ESPERANÇA III;11888;F;;;;
BOA ESPERANÇA III;11889;F;;;;
BOA ESPERANÇA III;11890;F;;;;
BOA ESPERANÇA III;11891;F;;;;
BOA ESPERANÇA;11892;F;;;;
BOA ESPERANÇA;11893;F;;;;
BOA ESPERANÇA III;11895;F;;;;
BOA ESPERANÇA;11896;F;;;;
BOA ESPERANÇA III;11897;F;;;;
BOA ESPERANÇA;11898;F;;;;
BOA ESPERANÇA;11899;F;;;;
BOA ESPERANÇA;11900;F;;;;
BOA ESPERANÇA III;11901;F;;;;
BOA ESPERANÇA III;11902;F;;;;
BOA ESPERANÇA III;11903;F;;;;
BOA ESPERANÇA III;11904;F;;;;
BOA ESPERANÇA;11905;F;;;;
BOA ESPERANÇA;11907;F;;;;
BOA ESPERANÇA;11908;F;;;;
BOA ESPERANÇA;11909;F;;;;
BOA ESPERANÇA;11910;F;;;;
BOA ESPERANÇA III;11911;F;;;;
BOA ESPERANÇA;11912;F;;;;
BOA ESPERANÇA III;11913;F;;;;
BOA ESPERANÇA III;11915;F;;;;
BOA ESPERANÇA;11916;F;;;;
BOA ESPERANÇA III;11918;F;;;;
BOA ESPERANÇA III;11919;F;;;;
BOA ESPERANÇA;11921;F;;;;
BOA ESPERANÇA;11922;F;;;;
BOA ESPERANÇA;11923;F;;;;
BOA ESPERANÇA;11925;F;;;;
BOA ESPERANÇA;11926;F;;;;
BOA ESPERANÇA III;11927;F;;;;
BOA ESPERANÇA;11928;F;;;;
BOA ESPERANÇA III;11929;F;;;;
BOA ESPERANÇA;11930;F;;;;
BOA ESPERANÇA III;11931;F;;;;
BOA ESPERANÇA;11932;F;;;;
BOA ESPERANÇA;11933;F;;;;
BOA ESPERANÇA;11934;F;;;;
BOA ESPERANÇA;11935;F;;;;
BOA ESPERANÇA;11936;F;;;;
BOA ESPERANÇA;11937;F;;;;
BOA ESPERANÇA;11938;F;;;;
BOA ESPERANÇA;11939;F;;;;
BOA ESPERANÇA;11940;F;;;;
BOA ESPERANÇA III;11941;F;;;;
BOA ESPERANÇA;11942;F;;;;
BOA ESPERANÇA;11943;F;;;;
BOA ESPERANÇA;11944;F;;;;
BOA ESPERANÇA;11945;F;;;;
BOA ESPERANÇA III;11946;F;;;;
BOA ESPERANÇA;11947;F;;;;
BOA ESPERANÇA III;11948;F;;;;
BOA ESPERANÇA;11949;F;;;;
BOA ESPERANÇA III;11950;F;;;;
BOA ESPERANÇA III;11951;F;;;;
BOA ESPERANÇA III;11952;F;;;;
BOA ESPERANÇA;11953;F;;;;
BOA ESPERANÇA;11954;F;;;;
BOA ESPERANÇA;11955;F;;;;
BOA ESPERANÇA;11956;F;;;;
BOA ESPERANÇA III;11958;F;;;;
BOA ESPERANÇA;11959;F;;;;
BOA ESPERANÇA III;11960;F;;;;
BOA ESPERANÇA III;11961;F;;;;
BOA ESPERANÇA;11962;F;;;;
BOA ESPERANÇA;11963;F;;;;
IMPERIAL II;11964;F;;;;
BOA ESPERANÇA;11965;F;;;;
BOA ESPERANÇA III;11966;F;;;;
BOA ESPERANÇA;11967;F;;;;
FAZENDA COROATÁ;11969;F;;;;
IMPERIAL I;11970;M;;;;
PROSPERIDADE I;11972;F;;;;
IMPERATRIZ (ALUGUEL);11974;F;;;;
IMPERIAL I;11975;M;;;;
IMPERATRIZ (ALUGUEL);11977;F;;;;
BARRACÃO;11978;F;;;;
IMPERIAL I;11983;M;;;;
IMPERATRIZ (ALUGUEL);11984;F;;;;
FAZENDA COROATÁ;11988;F;;;;
FAZENDA COROATÁ;11992;F;;;;
IMPERATRIZ (ALUGUEL);11993;F;;;;
FAZENDA COROATÁ;11994;F;;;;
IMPERATRIZ (ALUGUEL);11995;F;;;;
FAZENDA JENIPAPO;11997;F;;;;
IMPERATRIZ (ALUGUEL);11998;F;;;;
FAZENDA COROATÁ;11999;F;;;;
IMPERATRIZ (ALUGUEL);12000;F;;;;
FAZENDA COROATÁ;12001;F;;;;
FAZENDA COROATÁ;12002;F;;;;
FAZENDA COROATÁ;12007;F;;;;
FAZENDA COROATÁ;12009;F;;;;
FAZENDA COROATÁ;12016;F;;;;
FAZENDA JENIPAPO;12017;F;;;;
FAZENDA JENIPAPO;12018;F;;;;
FAZENDA JENIPAPO;12021;F;;;;
IMPERATRIZ (ALUGUEL);12023;F;;;;
FAZENDA COROATÁ;12024;F;;;;
FAZENDA JENIPAPO;12025;F;;;;
FAZENDA JENIPAPO;12028;F;;;;
FAZENDA COROATÁ;12031;F;;;;
FAZENDA COROATÁ;12032;F;;;;
FAZENDA JENIPAPO;12034;F;;;;
BOA ESPERANÇA III;12035;F;;;;
FAZENDA JENIPAPO;12038;F;;;;
IMPERIAL II;12039;M;;;;
FAZENDA JENIPAPO;12042;F;;;;
FAZENDA JENIPAPO;12044;F;;;;
FAZENDA JENIPAPO;12046;F;;;;
FAZENDA COROATÁ;12047;F;;;;
BARRACÃO;12049;F;;;;
FAZENDA JENIPAPO;12052;F;;;;
FAZENDA JENIPAPO;12053;F;;;;
FAZENDA JENIPAPO;12056;F;;;;
FAZENDA COROATÁ;12059;F;;;;
BOA ESPERANÇA III;12061;F;;;;
PROSPERIDADE I;12063;F;;;;
FAZENDA JENIPAPO;12064;F;;;;
IMPERATRIZ (ALUGUEL);12065;F;;;;
IMPERATRIZ (ALUGUEL);12067;F;;;;
FAZENDA COROATÁ;12068;F;;;;
FAZENDA JENIPAPO;12069;F;;;;
IMPERATRIZ (ALUGUEL);12070;F;;;;
FAZENDA JENIPAPO;12072;F;;;;
FAZENDA COROATÁ;12073;F;;;;
FAZENDA COROATÁ;12076;F;;;;
IMPERIAL II;12080;M;;;;
FAZENDA JENIPAPO;12086;F;;;;
FAZENDA COROATÁ;12087;F;;;;
FAZENDA COROATÁ;12088;F;;;;
FAZENDA JENIPAPO;12089;F;;;;
FAZENDA COROATÁ;12091;F;;;;
IMPERATRIZ (ALUGUEL);12092;F;;;;
IMPERATRIZ (ALUGUEL);12094;F;;;;
FAZENDA JENIPAPO;12095;F;;;;
FAZENDA JENIPAPO;12096;F;;;;
FAZENDA COROATÁ;12098;F;;;;
FAZENDA COROATÁ;12099;F;;;;
IMPERIAL II;12101;F;;;;
PROSPERIDADE II;12102;F;;;;
FAZENDA COROATÁ;12103;F;;;;
FAZENDA JENIPAPO;12104;F;;;;
IMPERIAL II;12107;M;;;;
FAZENDA JENIPAPO;12108;F;;;;
FAZENDA COROATÁ;12109;F;;;;
IMPERATRIZ (ALUGUEL);12110;F;;;;
BARRACÃO;12111;F;;;;
FAZENDA COROATÁ;12114;F;;;;
FAZENDA COROATÁ;12115;F;;;;
FAZENDA COROATÁ;12121;F;;;;
FAZENDA JENIPAPO;12123;F;;;;
FAZENDA JENIPAPO;12124;F;;;;
FAZENDA JENIPAPO;12125;F;;;;
BOA ESPERANÇA III;12126;F;;;;
FAZENDA JENIPAPO;12130;F;;;;
IMPERATRIZ (ALUGUEL);12136;F;;;;
FAZENDA COROATÁ;12137;F;;;;
FAZENDA JENIPAPO;12139;F;;;;
FAZENDA COROATÁ;12141;F;;;;
PROSPERIDADE II;12143;M;;;;
FAZENDA COROATÁ;12144;F;;;;
IMPERATRIZ (ALUGUEL);12145;F;;;;
FAZENDA COROATÁ;12147;F;;;;
FAZENDA JENIPAPO;12148;F;;;;
FAZENDA JENIPAPO;12149;F;;;;
FAZENDA JENIPAPO;12150;F;;;;
FAZENDA JENIPAPO;12151;F;;;;
FAZENDA JENIPAPO;12152;F;;;;
FAZENDA JENIPAPO;12153;F;;;;
FAZENDA COROATÁ;12154;F;;;;
FAZENDA JENIPAPO;12157;F;;;;
FAZENDA COROATÁ;12159;F;;;;
FAZENDA JENIPAPO;12160;F;;;;
FAZENDA JENIPAPO;12161;F;;;;
FAZENDA COROATÁ;12165;F;;;;
FAZENDA COROATÁ;12167;F;;;;
FAZENDA COROATÁ;12169;F;;;;
FAZENDA JENIPAPO;12171;F;;;;
FAZENDA JENIPAPO;12172;F;;;;
FAZENDA JENIPAPO;12173;F;;;;
FAZENDA JENIPAPO;12175;F;;;;
FAZENDA JENIPAPO;12176;F;;;;
FAZENDA JENIPAPO;12177;F;;;;
FAZENDA JENIPAPO;12180;F;;;;
FAZENDA JENIPAPO;12181;F;;;;
FAZENDA JENIPAPO;12182;F;;;;
FAZENDA COROATÁ;12185;F;;;;
FAZENDA COROATÁ;12187;F;;;;
FAZENDA JENIPAPO;12189;F;;;;
FAZENDA COROATÁ;12192;F;;;;
FAZENDA JENIPAPO;12193;F;;;;
FAZENDA JENIPAPO;12194;F;;;;
FAZENDA JENIPAPO;12197;F;;;;
FAZENDA JENIPAPO;12198;F;;;;
FAZENDA JENIPAPO;12199;F;;;;
FAZENDA COROATÁ;12202;F;;;;
FAZENDA JENIPAPO;12203;F;;;;
FAZENDA JENIPAPO;12204;F;;;;
FAZENDA JENIPAPO;12206;F;;;;
FAZENDA COROATÁ;12208;F;;;;
FAZENDA JENIPAPO;12209;F;;;;
FAZENDA JENIPAPO;12211;F;;;;
FAZENDA JENIPAPO;12212;F;;;;
FAZENDA JENIPAPO;12213;F;;;;
FAZENDA JENIPAPO;12216;F;;;;
FAZENDA JENIPAPO;12219;F;;;;
IMPERATRIZ (ALUGUEL);12222;F;;;;
FAZENDA COROATÁ;12225;F;;;;
FAZENDA COROATÁ;12234;F;;;;
IMPERATRIZ (ALUGUEL);12236;F;;;;
FAZENDA COROATÁ;12239;F;;;;
IMPERATRIZ (ALUGUEL);12240;F;;;;
FAZENDA COROATÁ;12241;F;;;;
PROSPERIDADE II;12244;M;;;;
FAZENDA COROATÁ;12245;F;;;;
FAZENDA COROATÁ;12246;F;;;;
IMPERATRIZ (ALUGUEL);12247;F;;;;
FAZENDA COROATÁ;12250;F;;;;
FAZENDA COROATÁ;12254;F;;;;
FAZENDA JENIPAPO;12257;F;;;;
FAZENDA JENIPAPO;12263;F;;;;
FAZENDA JENIPAPO;12264;F;;;;
IMPERIAL II;12265;M;;;;
FAZENDA JENIPAPO;12267;F;;;;
FAZENDA JENIPAPO;12270;F;;;;
PROSPERIDADE II;12271;F;;;;
IMPERIAL II;12272;M;;;;
FAZENDA JENIPAPO;12273;F;;;;
FAZENDA JENIPAPO;12275;F;;;;
FAZENDA JENIPAPO;12276;F;;;;
FAZENDA COROATÁ;12277;F;;;;
FAZENDA JENIPAPO;12279;F;;;;
FAZENDA JENIPAPO;12285;F;;;;
IMPERATRIZ (ALUGUEL);12287;F;;;;
FAZENDA JENIPAPO;12289;F;;;;
FAZENDA JENIPAPO;12291;F;;;;
FAZENDA JENIPAPO;12292;F;;;;
FAZENDA JENIPAPO;12294;F;;;;
FAZENDA JENIPAPO;12297;F;;;;
IMPERATRIZ (ALUGUEL);12300;F;;;;
FAZENDA JENIPAPO;12302;F;;;;
FAZENDA JENIPAPO;12303;F;;;;
FAZENDA JENIPAPO;12304;F;;;;
FAZENDA JENIPAPO;12305;F;;;;
FAZENDA JENIPAPO;12306;F;;;;
IMPERIAL II;12310;F;;;;
PROSPERIDADE I;12311;F;;;;
FAZENDA JENIPAPO;12314;F;;;;
FAZENDA JENIPAPO;12317;F;;;;
FAZENDA JENIPAPO;12318;F;;;;
FAZENDA JENIPAPO;12319;F;;;;
FAZENDA JENIPAPO;12321;F;;;;
IMPERIAL II;12324;F;;;;
IMPERIAL II;12326;F;;;;
FAZENDA JENIPAPO;12330;F;;;;
FAZENDA JENIPAPO;12331;F;;;;
FAZENDA JENIPAPO;12332;F;;;;
FAZENDA JENIPAPO;12334;F;;;;
FAZENDA JENIPAPO;12336;F;;;;
FAZENDA JENIPAPO;12340;F;;;;
FAZENDA JENIPAPO;12341;F;;;;
PROSPERIDADE II;12344;F;;;;
FAZENDA JENIPAPO;12345;F;;;;
IMPERATRIZ (ALUGUEL);12346;F;;;;
FAZENDA JENIPAPO;12348;F;;;;
FAZENDA JENIPAPO;12349;F;;;;
FAZENDA JENIPAPO;12350;F;;;;
IMPERATRIZ (ALUGUEL);12351;F;;;;
FAZENDA JENIPAPO;12352;F;;;;
IMPERATRIZ (ALUGUEL);12355;F;;;;
FAZENDA JENIPAPO;12356;F;;;;
FAZENDA JENIPAPO;12358;F;;;;
FAZENDA JENIPAPO;12362;F;;;;
FAZENDA JENIPAPO;12363;F;;;;
FAZENDA JENIPAPO;12364;F;;;;
IMPERIAL II;12366;F;;;;
IMPERIAL II;12368;M;;;;
IMPERIAL II;12371;M;;;;
FAZENDA JENIPAPO;12372;F;;;;
FAZENDA JENIPAPO;12373;F;;;;
FAZENDA JENIPAPO;12375;F;;;;
FAZENDA JENIPAPO;12376;F;;;;
FAZENDA JENIPAPO;12378;F;;;;
FAZENDA JENIPAPO;12382;F;;;;
FAZENDA JENIPAPO;12384;F;;;;
FAZENDA COROATÁ;12385;F;;;;
FAZENDA JENIPAPO;12387;F;;;;
FAZENDA COROATÁ;12390;F;;;;
BOA ESPERANÇA;12391;M;;;;
FAZENDA JENIPAPO;12395;F;;;;
FAZENDA COROATÁ;12396;F;;;;
FAZENDA COROATÁ;12398;F;;;;
FAZENDA COROATÁ;12399;F;;;;
FAZENDA COROATÁ;12404;F;;;;
FAZENDA JENIPAPO;12405;F;;;;
FAZENDA JENIPAPO;12407;F;;;;
FAZENDA COROATÁ;12408;F;;;;
FAZENDA JENIPAPO;12411;F;;;;
FAZENDA COROATÁ;12412;F;;;;
FAZENDA JENIPAPO;12413;F;;;;
FAZENDA JENIPAPO;12416;F;;;;
FAZENDA JENIPAPO;12417;F;;;;
FAZENDA COROATÁ;12418;F;;;;
FAZENDA COROATÁ;12422;F;;;;
FAZENDA JENIPAPO;12423;F;;;;
FAZENDA JENIPAPO;12424;F;;;;
FAZENDA JENIPAPO;12428;F;;;;
FAZENDA JENIPAPO;12448;F;;;;
PROSPERIDADE I;12450;F;;;;
FAZENDA JENIPAPO;12452;F;;;;
FAZENDA JENIPAPO;12453;F;;;;
FAZENDA JENIPAPO;12454;F;;;;
PROSPERIDADE II;12456;F;;;;
FAZENDA COROATÁ;12457;F;;;;
IMPERIAL I;12458;M;;;;
IMPERATRIZ (ALUGUEL);12459;F;;;;
IMPERATRIZ (ALUGUEL);12460;F;;;;
IMPERATRIZ (ALUGUEL);12461;F;;;;
FAZENDA COROATÁ;12463;F;;;;
IMPERATRIZ (ALUGUEL);12464;F;;;;
IMPERIAL I;12465;M;;;;
FAZENDA COROATÁ;12467;F;;;;
FAZENDA COROATÁ;12468;F;;;;
IMPERATRIZ (ALUGUEL);12469;F;;;;
IMPERIAL I;12470;M;;;;
IMPERATRIZ (ALUGUEL);12472;F;;;;
FAZENDA COROATÁ;12473;F;;;;
FAZENDA COROATÁ;12475;F;;;;
FAZENDA COROATÁ;12476;F;;;;
FAZENDA COROATÁ;12482;F;;;;
PROSPERIDADE II;12483;M;;;;
IMPERATRIZ (ALUGUEL);12484;F;;;;
IMPERATRIZ (ALUGUEL);12488;F;;;;
FAZENDA COROATÁ;12489;F;;;;
FAZENDA COROATÁ;12493;F;;;;
FAZENDA JENIPAPO;12494;F;;;;
BOA ESPERANÇA;12497;F;;;;
BOA ESPERANÇA;12498;F;;;;
BOA ESPERANÇA;12500;F;;;;
IMPERIAL I;12501;F;;;;
IMPERIAL I;12502;F;;;;
IMPERIAL I;12503;F;;;;
IMPERIAL I;12504;F;;;;
IMPERIAL I;12505;F;;;;
IMPERIAL I;12506;F;;;;
IMPERIAL I;12507;F;;;;
IMPERIAL I;12508;F;;;;
IMPERIAL I;12509;F;;;;
IMPERIAL I;12510;F;;;;
IMPERIAL I;12511;F;;;;
IMPERIAL I;12512;F;;;;
IMPERIAL I;12513;F;;;;
IMPERIAL I;12514;F;;;;
IMPERIAL I;12515;F;;;;
IMPERIAL I;12516;F;;;;
IMPERIAL I;12517;F;;;;
IMPERIAL I;12518;F;;;;
IMPERIAL I;12519;F;;;;
BARRACÃO;12520;F;;;;
IMPERIAL I;12521;F;;;;
IMPERIAL I;12522;F;;;;
IMPERIAL I;12523;F;;;;
IMPERIAL I;12524;F;;;;
IMPERIAL I;12525;F;;;;
IMPERIAL I;12526;F;;;;
IMPERIAL I;12527;F;;;;
IMPERIAL I;12528;F;;;;
IMPERIAL I;12529;F;;;;
IMPERIAL I;12530;F;;;;
IMPERIAL I;12531;F;;;;
IMPERIAL I;12532;F;;;;
IMPERIAL I;12533;F;;;;
IMPERIAL I;12534;F;;;;
IMPERIAL I;12535;F;;;;
IMPERIAL I;12536;F;;;;
IMPERIAL I;12537;F;;;;
IMPERIAL I;12538;F;;;;
IMPERIAL I;12539;F;;;;
IMPERIAL I;12540;F;;;;
IMPERIAL I;12541;F;;;;
IMPERIAL I;12543;F;;;;
IMPERIAL I;12545;F;;;;
IMPERIAL I;12546;F;;;;
IMPERIAL I;12547;F;;;;
IMPERIAL I;12548;F;;;;
IMPERIAL I;12549;F;;;;
IMPERIAL I;12550;F;;;;
IMPERIAL I;12551;F;;;;
IMPERIAL I;12552;F;;;;
FAZENDA JENIPAPO;12555;F;;;;
FAZENDA JENIPAPO;12559;F;;;;
FAZENDA COROATÁ;12561;F;;;;
FAZENDA JENIPAPO;12562;F;;;;
FAZENDA JENIPAPO;12563;F;;;;
FAZENDA JENIPAPO;12564;F;;;;
FAZENDA JENIPAPO;12565;F;;;;
BOA ESPERANÇA;12568;F;;;;
IMPERIAL I;12569;F;;;;
IMPERIAL I;12570;F;;;;
IMPERIAL I;12571;F;;;;
IMPERIAL I;12572;F;;;;
IMPERIAL I;12573;F;;;;
IMPERIAL I;12574;F;;;;
IMPERIAL I;12575;F;;;;
IMPERIAL I;12576;F;;;;
IMPERIAL I;12578;F;;;;
IMPERIAL I;12579;F;;;;
IMPERIAL I;12580;F;;;;
IMPERIAL I;12581;F;;;;
IMPERIAL I;12582;F;;;;
IMPERIAL I;12584;F;;;;
IMPERIAL I;12585;F;;;;
IMPERIAL I;12586;F;;;;
IMPERIAL I;12587;F;;;;
IMPERIAL I;12588;F;;;;
IMPERIAL I;12589;F;;;;
IMPERIAL I;12590;F;;;;
IMPERIAL I;12591;F;;;;
IMPERIAL I;12592;F;;;;
IMPERIAL I;12593;F;;;;
IMPERIAL I;12594;F;;;;
IMPERIAL I;12595;F;;;;
IMPERIAL I;12596;F;;;;
IMPERIAL I;12597;F;;;;
IMPERIAL I;12598;F;;;;
IMPERIAL I;12600;F;;;;
IMPERIAL I;12601;F;;;;
IMPERIAL I;12602;F;;;;
IMPERIAL I;12603;F;;;;
IMPERIAL I;12604;F;;;;
IMPERIAL I;12605;F;;;;
IMPERIAL I;12606;F;;;;
IMPERIAL I;12607;F;;;;
IMPERIAL I;12608;F;;;;
IMPERIAL I;12609;F;;;;
IMPERIAL I;12610;F;;;;
IMPERIAL I;12611;F;;;;
IMPERIAL I;12612;F;;;;
IMPERIAL I;12614;F;;;;
IMPERIAL I;12615;F;;;;
IMPERIAL I;12616;F;;;;
IMPERIAL I;12617;F;;;;
IMPERIAL I;12618;F;;;;
IMPERIAL I;12619;F;;;;
IMPERIAL I;12620;F;;;;
IMPERIAL I;12621;F;;;;
IMPERIAL I;12622;F;;;;
IMPERIAL I;12623;F;;;;
IMPERIAL I;12624;F;;;;
IMPERIAL I;12625;F;;;;
IMPERIAL I;12626;F;;;;
IMPERIAL I;12627;F;;;;
IMPERIAL I;12630;F;;;;
IMPERIAL I;12631;F;;;;
IMPERIAL I;12632;F;;;;
IMPERIAL I;12633;F;;;;
IMPERIAL I;12634;F;;;;
IMPERIAL I;12635;F;;;;
IMPERIAL I;12636;F;;;;
IMPERIAL I;12637;F;;;;
IMPERIAL I;12638;F;;;;
IMPERIAL I;12639;F;;;;
IMPERIAL I;12640;F;;;;
IMPERIAL I;12642;F;;;;
IMPERIAL I;12643;F;;;;
IMPERIAL I;12644;F;;;;
IMPERIAL I;12645;F;;;;
IMPERIAL I;12646;F;;;;
IMPERIAL I;12647;F;;;;
IMPERIAL I;12648;F;;;;
IMPERIAL I;12649;F;;;;
IMPERIAL I;12650;F;;;;
IMPERIAL I;12651;F;;;;
IMPERIAL I;12652;F;;;;
IMPERIAL I;12653;F;;;;
IMPERIAL I;12654;F;;;;
IMPERIAL I;12655;F;;;;
IMPERIAL I;12656;F;;;;
IMPERIAL I;12657;F;;;;
IMPERIAL I;12659;F;;;;
IMPERIAL I;12660;F;;;;
IMPERIAL I;12661;F;;;;
IMPERIAL I;12662;F;;;;
IMPERIAL I;12663;F;;;;
IMPERIAL I;12664;F;;;;
IMPERIAL I;12665;F;;;;
IMPERIAL I;12666;F;;;;
IMPERIAL I;12667;F;;;;
IMPERIAL I;12668;F;;;;
IMPERIAL I;12669;F;;;;
IMPERIAL I;12670;F;;;;
IMPERIAL I;12671;F;;;;
IMPERIAL I;12672;F;;;;
IMPERIAL I;12673;F;;;;
IMPERIAL I;12674;F;;;;
IMPERIAL I;12675;F;;;;
IMPERIAL I;12676;F;;;;
IMPERIAL I;12677;F;;;;
IMPERIAL I;12678;F;;;;
IMPERIAL I;12679;F;;;;
IMPERIAL I;12681;F;;;;
IMPERIAL I;12682;F;;;;
IMPERIAL I;12683;F;;;;
IMPERIAL I;12684;F;;;;
IMPERIAL I;12685;F;;;;
BOA ESPERANÇA III;12686;F;;;;
BOA ESPERANÇA III;12687;F;;;;
BOA ESPERANÇA;12688;F;;;;
BOA ESPERANÇA;12689;F;;;;
BOA ESPERANÇA;12691;F;;;;
BOA ESPERANÇA;12692;F;;;;
BOA ESPERANÇA III;12693;F;;;;
BOA ESPERANÇA;12694;F;;;;
BOA ESPERANÇA III;12695;F;;;;
BOA ESPERANÇA III;12697;F;;;;
BOA ESPERANÇA;12698;F;;;;
BOA ESPERANÇA;12699;F;;;;
BOA ESPERANÇA;12700;F;;;;
BOA ESPERANÇA;12701;F;;;;
BOA ESPERANÇA;12702;F;;;;
BOA ESPERANÇA;12703;F;;;;
BOA ESPERANÇA;12704;F;;;;
BOA ESPERANÇA;12705;F;;;;
BOA ESPERANÇA III;12706;F;;;;
BOA ESPERANÇA;12707;F;;;;
BOA ESPERANÇA;12708;F;;;;
BOA ESPERANÇA;12709;F;;;;
BOA ESPERANÇA;12710;F;;;;
BOA ESPERANÇA;12711;F;;;;
BOA ESPERANÇA;12712;F;;;;
BOA ESPERANÇA;12713;F;;;;
BOA ESPERANÇA;12715;F;;;;
BOA ESPERANÇA;12716;F;;;;
BOA ESPERANÇA;12717;F;;;;
BOA ESPERANÇA;12718;F;;;;
BOA ESPERANÇA III;12719;F;;;;
BOA ESPERANÇA;12720;F;;;;
BOA ESPERANÇA;12721;F;;;;
BOA ESPERANÇA;12723;F;;;;
BOA ESPERANÇA;12725;F;;;;
BOA ESPERANÇA;12726;F;;;;
BOA ESPERANÇA;12727;F;;;;
BOA ESPERANÇA;12728;F;;;;
BOA ESPERANÇA;12729;F;;;;
BOA ESPERANÇA;12731;F;;;;
BOA ESPERANÇA;12732;F;;;;
BOA ESPERANÇA;12733;F;;;;
BOA ESPERANÇA;12735;F;;;;
BOA ESPERANÇA;12736;F;;;;
BOA ESPERANÇA;12737;F;;;;
BOA ESPERANÇA;12738;F;;;;
BOA ESPERANÇA;12739;F;;;;
BOA ESPERANÇA;12740;F;;;;
BOA ESPERANÇA;12741;F;;;;
BOA ESPERANÇA;12742;F;;;;
BOA ESPERANÇA;12743;F;;;;
BOA ESPERANÇA;12744;F;;;;
BOA ESPERANÇA III;12746;F;;;;
BOA ESPERANÇA;12747;F;;;;
BOA ESPERANÇA;12748;F;;;;
BOA ESPERANÇA;12749;F;;;;
BOA ESPERANÇA;12750;F;;;;
BOA ESPERANÇA;12751;F;;;;
BOA ESPERANÇA;12752;F;;;;
BOA ESPERANÇA;12753;F;;;;
BOA ESPERANÇA III;12754;F;;;;
BOA ESPERANÇA;12755;F;;;;
BOA ESPERANÇA;12756;F;;;;
BOA ESPERANÇA;12757;F;;;;
BOA ESPERANÇA;12758;F;;;;
BOA ESPERANÇA;12759;F;;;;
BOA ESPERANÇA;12760;F;;;;
BOA ESPERANÇA;12761;F;;;;
BOA ESPERANÇA;12763;F;;;;
BOA ESPERANÇA;12764;F;;;;
BOA ESPERANÇA;12765;F;;;;
BOA ESPERANÇA III;12766;F;;;;
BOA ESPERANÇA;12768;F;;;;
BOA ESPERANÇA;12769;F;;;;
BOA ESPERANÇA;12770;F;;;;
BOA ESPERANÇA;12771;F;;;;
BOA ESPERANÇA;12772;F;;;;
BOA ESPERANÇA;12773;F;;;;
BOA ESPERANÇA;12774;F;;;;
BOA ESPERANÇA;12775;F;;;;
BOA ESPERANÇA;12776;F;;;;
BOA ESPERANÇA;12777;F;;;;
BOA ESPERANÇA;12778;F;;;;
BOA ESPERANÇA;12779;F;;;;
BOA ESPERANÇA;12780;F;;;;
BOA ESPERANÇA;12782;F;;;;
BOA ESPERANÇA;12783;F;;;;
BOA ESPERANÇA;12784;F;;;;
BOA ESPERANÇA;12785;F;;;;
BOA ESPERANÇA;12786;F;;;;
BOA ESPERANÇA;12787;F;;;;
BOA ESPERANÇA;12788;F;;;;
BOA ESPERANÇA III;12790;F;;;;
BOA ESPERANÇA III;12791;F;;;;
BOA ESPERANÇA;12792;F;;;;
BOA ESPERANÇA;12793;F;;;;
BOA ESPERANÇA;12794;F;;;;
BOA ESPERANÇA;12795;F;;;;
BOA ESPERANÇA;12796;F;;;;
BOA ESPERANÇA;12797;F;;;;
BOA ESPERANÇA III;12799;F;;;;
BOA ESPERANÇA III;12800;F;;;;
BOA ESPERANÇA;12801;F;;;;
BOA ESPERANÇA;12802;F;;;;
BOA ESPERANÇA;12803;F;;;;
BOA ESPERANÇA III;12804;F;;;;
BOA ESPERANÇA;12805;F;;;;
BOA ESPERANÇA;12806;F;;;;
BOA ESPERANÇA;12807;F;;;;
BOA ESPERANÇA;12808;F;;;;
BOA ESPERANÇA;12809;F;;;;
BOA ESPERANÇA;12810;F;;;;
BOA ESPERANÇA III;12811;F;;;;
BOA ESPERANÇA III;12812;F;;;;
BOA ESPERANÇA III;12813;F;;;;
BOA ESPERANÇA;12814;F;;;;
BOA ESPERANÇA;12815;F;;;;
BOA ESPERANÇA;12816;F;;;;
BOA ESPERANÇA;12817;F;;;;
BOA ESPERANÇA;12818;F;;;;
BOA ESPERANÇA III;12819;F;;;;
BOA ESPERANÇA;12820;F;;;;
BOA ESPERANÇA;12822;F;;;;
BOA ESPERANÇA;12823;F;;;;
BOA ESPERANÇA;12824;F;;;;
BOA ESPERANÇA;12825;F;;;;
BOA ESPERANÇA;12826;F;;;;
BOA ESPERANÇA;12827;F;;;;
BOA ESPERANÇA;12830;F;;;;
BOA ESPERANÇA;12831;F;;;;
BOA ESPERANÇA;12832;F;;;;
BOA ESPERANÇA;12835;F;;;;
BOA ESPERANÇA;12836;F;;;;
BOA ESPERANÇA;12837;F;;;;
BOA ESPERANÇA;12838;F;;;;
BOA ESPERANÇA;12840;F;;;;
BOA ESPERANÇA;12841;F;;;;
BOA ESPERANÇA III;12842;F;;;;
BOA ESPERANÇA;12843;F;;;;
BOA ESPERANÇA;12844;F;;;;
BOA ESPERANÇA;12845;F;;;;
BOA ESPERANÇA;12846;F;;;;
BOA ESPERANÇA;12847;F;;;;
BOA ESPERANÇA;12848;F;;;;
BOA ESPERANÇA;12849;F;;;;
BOA ESPERANÇA;12850;F;;;;
BOA ESPERANÇA;12851;F;;;;
BOA ESPERANÇA;12852;F;;;;
BOA ESPERANÇA;12853;F;;;;
BOA ESPERANÇA;12855;F;;;;
BOA ESPERANÇA;12856;F;;;;
BOA ESPERANÇA;12857;F;;;;
BOA ESPERANÇA;12858;F;;;;
BOA ESPERANÇA;12859;F;;;;
BOA ESPERANÇA;12860;F;;;;
BOA ESPERANÇA;12861;F;;;;
BOA ESPERANÇA;12862;F;;;;
BOA ESPERANÇA III;12863;F;;;;
BOA ESPERANÇA III;12864;F;;;;
BOA ESPERANÇA;12865;F;;;;
BOA ESPERANÇA III;12866;F;;;;
BOA ESPERANÇA;12867;F;;;;
BOA ESPERANÇA;12868;F;;;;
BOA ESPERANÇA;12869;F;;;;
BOA ESPERANÇA III;12870;F;;;;
BOA ESPERANÇA;12871;F;;;;
BOA ESPERANÇA;12872;F;;;;
BOA ESPERANÇA III;12873;F;;;;
BOA ESPERANÇA;12874;F;;;;
BOA ESPERANÇA;12875;F;;;;
BOA ESPERANÇA;12876;F;;;;
BOA ESPERANÇA;12877;F;;;;
BOA ESPERANÇA;12878;F;;;;
BOA ESPERANÇA;12879;F;;;;
BOA ESPERANÇA;12880;F;;;;
BOA ESPERANÇA;12881;F;;;;
BOA ESPERANÇA;12882;F;;;;
BOA ESPERANÇA;12883;F;;;;
BOA ESPERANÇA;12884;F;;;;
BOA ESPERANÇA;12886;F;;;;
BOA ESPERANÇA;12890;F;;;;
IMPERATRIZ (ALUGUEL);12892;F;;;;
IMPERIAL II;12893;F;;;;
BARRACÃO;12894;F;;;;
FAZENDA COROATÁ;12900;F;;;;
IMPERATRIZ (ALUGUEL);12902;F;;;;
IMPERATRIZ (ALUGUEL);12907;F;;;;
IMPERIAL II;12910;F;;;;
FAZENDA COROATÁ;12911;F;;;;
FAZENDA JENIPAPO;12912;F;;;;
BARRACÃO;12915;F;;;;
IMPERATRIZ (ALUGUEL);12916;F;;;;
IMPERATRIZ (ALUGUEL);12918;F;;;;
FAZENDA JENIPAPO;12931;F;;;;
FAZENDA JENIPAPO;12932;F;;;;
FAZENDA JENIPAPO;12935;F;;;;
FAZENDA JENIPAPO;12936;F;;;;
FAZENDA JENIPAPO;12938;F;;;;
FAZENDA JENIPAPO;12939;F;;;;
FAZENDA COROATÁ;12942;F;;;;
FAZENDA COROATÁ;12945;F;;;;
FAZENDA COROATÁ;12948;F;;;;
FAZENDA COROATÁ;12949;F;;;;
FAZENDA COROATÁ;12952;F;;;;
FAZENDA COROATÁ;12953;F;;;;
FAZENDA COROATÁ;12956;F;;;;
FAZENDA COROATÁ;12958;F;;;;
FAZENDA COROATÁ;12961;F;;;;
IMPERATRIZ (ALUGUEL);12962;F;;;;
FAZENDA COROATÁ;12964;F;;;;
FAZENDA JENIPAPO;12969;F;;;;
IMPERIAL I;12971;F;;;;
IMPERIAL I;12972;F;;;;
FAZENDA JENIPAPO;12973;F;;;;
IMPERIAL II;12975;M;;;;
BOA ESPERANÇA;12978;F;;;;
BOA ESPERANÇA;12980;F;;;;
BOA ESPERANÇA;12981;F;;;;
BOA ESPERANÇA;12982;F;;;;
BOA ESPERANÇA;12983;F;;;;
BOA ESPERANÇA;12984;F;;;;
IMPERIAL II;12986;M;;;;
BOA ESPERANÇA;12990;F;;;;
BOA ESPERANÇA;12991;M;;;;
BOA ESPERANÇA;12992;F;;;;
BOA ESPERANÇA;12993;F;;;;
MARIA DE JESUS;13006;F;;;;
IMPERIAL I;13007;F;;;;
MARIA DE JESUS;13008;F;;;;
IMPERIAL I;13009;F;;;;
MARIA DE JESUS;13010;F;;;;
IMPERIAL I;13011;F;;;;
IMPERIAL I;13012;F;;;;
MARIA DE JESUS;13016;F;;;;
PROSPERIDADE I;13017;F;;;;
MARIA DE JESUS;13018;F;;;;
MARIA DE JESUS;13019;F;;;;
IMPERIAL I;13020;F;;;;
IMPERIAL I;13022;F;;;;
MARIA DE JESUS;13025;F;;;;
MARIA DE JESUS;13026;F;;;;
IMPERIAL I;13027;F;;;;
MARIA DE JESUS;13028;F;;;;
MARIA DE JESUS;13030;F;;;;
MARIA DE JESUS;13032;F;;;;
PROSPERIDADE I;13040;F;;;;
PROSPERIDADE I;13041;F;;;;
PROSPERIDADE I;13042;F;;;;
PROSPERIDADE I;13043;F;;;;
PROSPERIDADE I;13044;F;;;;
PROSPERIDADE I;13045;F;;;;
PROSPERIDADE I;13046;F;;;;
PROSPERIDADE I;13047;F;;;;
PROSPERIDADE I;13048;F;;;;
PROSPERIDADE I;13049;F;;;;
PROSPERIDADE I;13050;F;;;;
PROSPERIDADE I;13051;F;;;;
PROSPERIDADE I;13052;F;;;;
MARIA DE JESUS;13053;F;;;;
PROSPERIDADE I;13054;F;;;;
PROSPERIDADE I;13055;F;;;;
PROSPERIDADE I;13056;F;;;;
PROSPERIDADE I;13057;F;;;;
PROSPERIDADE I;13058;F;;;;
PROSPERIDADE I;13059;F;;;;
PROSPERIDADE I;13060;F;;;;
PROSPERIDADE I;13061;F;;;;
PROSPERIDADE I;13062;F;;;;
PROSPERIDADE I;13063;F;;;;
PROSPERIDADE I;13064;F;;;;
PROSPERIDADE I;13065;F;;;;
PROSPERIDADE I;13066;F;;;;
PROSPERIDADE I;13067;F;;;;
PROSPERIDADE I;13068;F;;;;
PROSPERIDADE I;13069;F;;;;
PROSPERIDADE I;13070;F;;;;
PROSPERIDADE I;13071;F;;;;
PROSPERIDADE I;13072;F;;;;
PROSPERIDADE I;13073;F;;;;
PROSPERIDADE I;13074;F;;;;
PROSPERIDADE I;13075;F;;;;
PROSPERIDADE I;13076;F;;;;
PROSPERIDADE I;13078;F;;;;
PROSPERIDADE I;13079;F;;;;
PROSPERIDADE II;13080;F;;;;
PROSPERIDADE I;13081;F;;;;
PROSPERIDADE I;13082;F;;;;
PROSPERIDADE I;13083;F;;;;
PROSPERIDADE I;13084;F;;;;
PROSPERIDADE I;13086;F;;;;
PROSPERIDADE I;13087;F;;;;
PROSPERIDADE I;13088;F;;;;
PROSPERIDADE I;13089;F;;;;
PROSPERIDADE I;13090;F;;;;
PROSPERIDADE I;13091;F;;;;
PROSPERIDADE I;13092;F;;;;
PROSPERIDADE I;13093;F;;;;
PROSPERIDADE I;13094;F;;;;
PROSPERIDADE I;13095;F;;;;
PROSPERIDADE I;13096;F;;;;
PROSPERIDADE I;13097;F;;;;
PROSPERIDADE I;13098;F;;;;
PROSPERIDADE I;13099;F;;;;
MARIA DE JESUS;13100;F;;;;
PROSPERIDADE I;13101;F;;;;
PROSPERIDADE I;13102;F;;;;
PROSPERIDADE I;13103;F;;;;
PROSPERIDADE I;13104;F;;;;
PROSPERIDADE I;13105;F;;;;
FAZENDA JENIPAPO;13106;F;;;;
MARIA DE JESUS;13129;M;;;;
PROSPERIDADE II;13152;M;;;;
BOA ESPERANÇA;13155;F;;;;
BOA ESPERANÇA;13156;F;;;;
BOA ESPERANÇA;13161;F;;;;
BOA ESPERANÇA;13165;F;;;;
FAZENDA JENIPAPO;13167;F;;;;
FAZENDA JENIPAPO;13168;F;;;;
FAZENDA JENIPAPO;13170;F;;;;
BOA ESPERANÇA;13172;F;;;;
BOA ESPERANÇA;13174;F;;;;
FAZENDA JENIPAPO;13175;F;;;;
FAZENDA JENIPAPO;13176;F;;;;
FAZENDA COROATÁ;13177;F;;;;
FAZENDA COROATÁ;13178;F;;;;
FAZENDA COROATÁ;13179;F;;;;
BOA ESPERANÇA;13183;F;;;;
BOA ESPERANÇA;13185;F;;;;
BOA ESPERANÇA;13187;F;;;;
BOA ESPERANÇA;13190;F;;;;
BOA ESPERANÇA;13193;F;;;;
BOA ESPERANÇA;13194;F;;;;
BOA ESPERANÇA;13195;F;;;;
BOA ESPERANÇA;13196;F;;;;
BOA ESPERANÇA;13198;F;;;;
BOA ESPERANÇA;13200;M;;;;
BOA ESPERANÇA;13201;F;;;;
BOA ESPERANÇA;13202;M;;;;
BOA ESPERANÇA;13205;F;;;;
BOA ESPERANÇA;13207;F;;;;
BOA ESPERANÇA;13208;F;;;;
BOA ESPERANÇA;13213;F;;;;
BOA ESPERANÇA;13214;F;;;;
BOA ESPERANÇA;13217;F;;;;
BOA ESPERANÇA;13218;F;;;;
BOA ESPERANÇA;13219;F;;;;
BOA ESPERANÇA;13221;F;;;;
BOA ESPERANÇA;13226;F;;;;
BOA ESPERANÇA;13228;F;;;;
BOA ESPERANÇA;13229;F;;;;
BOA ESPERANÇA;13230;F;;;;
BOA ESPERANÇA;13231;F;;;;
BOA ESPERANÇA;13232;F;;;;
BOA ESPERANÇA;13234;F;;;;
BOA ESPERANÇA;13236;M;;;;
FAZENDA JENIPAPO;13237;F;;;;
BOA ESPERANÇA;13238;F;;;;
BOA ESPERANÇA;13239;F;;;;
BOA ESPERANÇA;13241;F;;;;
FAZENDA JENIPAPO;13242;F;;;;
MARIA DE JESUS;13245;F;;;;
BARRACÃO;13248;F;;;;
MARIA DE JESUS;13249;F;;;;
MARIA DE JESUS;13250;F;;;;
MARIA DE JESUS;13251;F;;;;
MARIA DE JESUS;13252;F;;;;
IMPERIAL I;13253;F;;;;
MARIA DE JESUS;13256;F;;;;
IMPERIAL I;13259;F;;;;
MARIA DE JESUS;13260;F;;;;
IMPERIAL I;13261;F;;;;
IMPERIAL I;13264;F;;;;
IMPERIAL I;13265;F;;;;
MARIA DE JESUS;13266;F;;;;
MARIA DE JESUS;13267;F;;;;
MARIA DE JESUS;13269;F;;;;
MARIA DE JESUS;13270;F;;;;
IMPERIAL I;13271;F;;;;
IMPERIAL I;13273;F;;;;
MARIA DE JESUS;13275;F;;;;
MARIA DE JESUS;13276;F;;;;
BARRACÃO;13278;F;;;;
MARIA DE JESUS;13279;F;;;;
MARIA DE JESUS;13280;F;;;;
MARIA DE JESUS;13281;F;;;;
MARIA DE JESUS;13282;F;;;;
IMPERIAL I;13283;F;;;;
IMPERIAL I;13284;F;;;;
MARIA DE JESUS;13285;F;;;;
IMPERIAL I;13289;F;;;;
MARIA DE JESUS;13290;F;;;;
IMPERIAL I;13291;F;;;;
IMPERIAL I;13292;F;;;;
MARIA DE JESUS;13293;F;;;;
IMPERIAL I;13294;F;;;;
BARRACÃO;13295;F;;;;
MARIA DE JESUS;13296;F;;;;
IMPERIAL I;13297;F;;;;
IMPERIAL I;13298;F;;;;
IMPERIAL I;13299;F;;;;
MARIA DE JESUS;13300;F;;;;
MARIA DE JESUS;13301;F;;;;
IMPERIAL I;13302;F;;;;
IMPERIAL I;13303;F;;;;
MARIA DE JESUS;13304;F;;;;
BARRACÃO;13305;F;;;;
MARIA DE JESUS;13306;F;;;;
MARIA DE JESUS;13308;F;;;;
MARIA DE JESUS;13309;F;;;;
IMPERIAL I;13311;F;;;;
IMPERIAL I;13313;F;;;;
IMPERIAL I;13314;F;;;;
BARRACÃO;13315;F;;;;
MARIA DE JESUS;13316;F;;;;
MARIA DE JESUS;13317;F;;;;
MARIA DE JESUS;13319;F;;;;
IMPERIAL I;13320;F;;;;
IMPERIAL I;13321;F;;;;
PROSPERIDADE II;13322;F;;;;
MARIA DE JESUS;13323;F;;;;
PROSPERIDADE II;13324;F;;;;
IMPERIAL I;13325;F;;;;
MARIA DE JESUS;13326;F;;;;
IMPERIAL I;13327;F;;;;
MARIA DE JESUS;13329;F;;;;
IMPERIAL I;13331;F;;;;
IMPERIAL I;13332;F;;;;
BARRACÃO;13333;F;;;;
IMPERIAL I;13336;F;;;;
IMPERIAL I;13337;F;;;;
IMPERIAL I;13338;F;;;;
MARIA DE JESUS;13339;F;;;;
IMPERIAL I;13340;F;;;;
IMPERIAL I;13341;F;;;;
IMPERIAL I;13342;F;;;;
MARIA DE JESUS;13343;F;;;;
MARIA DE JESUS;13344;F;;;;
MARIA DE JESUS;13345;F;;;;
IMPERIAL I;13346;F;;;;
IMPERIAL I;13348;F;;;;
IMPERIAL I;13351;F;;;;
MARIA DE JESUS;13352;F;;;;
MARIA DE JESUS;13353;F;;;;
FAZENDA JENIPAPO;13354;F;;;;
FAZENDA JENIPAPO;13357;F;;;;
FAZENDA JENIPAPO;13359;F;;;;
BARRACÃO;13360;F;;;;
MARIA DE JESUS;13364;F;;;;
FAZENDA JENIPAPO;13367;F;;;;
FAZENDA COROATÁ;13368;F;;;;
IMPERATRIZ (ALUGUEL);13369;F;;;;
FAZENDA COROATÁ;13371;F;;;;
FAZENDA JENIPAPO;13374;F;;;;
MARIA DE JESUS;13377;F;;;;
FAZENDA JENIPAPO;13379;F;;;;
FAZENDA JENIPAPO;13380;F;;;;
BARRACÃO;13381;M;;;;
FAZENDA JENIPAPO;13382;F;;;;
FAZENDA JENIPAPO;13386;F;;;;
FAZENDA JENIPAPO;13388;F;;;;
FAZENDA JENIPAPO;13389;F;;;;
MARIA DE JESUS;13390;M;;;;
FAZENDA COROATÁ;13391;F;;;;
MARIA DE JESUS;13392;F;;;;
BARRACÃO;13394;F;;;;
FAZENDA JENIPAPO;13398;F;;;;
FAZENDA JENIPAPO;13399;F;;;;
FAZENDA JENIPAPO;13400;F;;;;
FAZENDA JENIPAPO;13401;F;;;;
FAZENDA JENIPAPO;13402;F;;;;
IMPERIAL I;13403;M;;;;
FAZENDA JENIPAPO;13406;F;;;;
IMPERIAL I;13407;F;;;;
FAZENDA JENIPAPO;13408;F;;;;
FAZENDA JENIPAPO;13409;F;;;;
FAZENDA JENIPAPO;13410;F;;;;
FAZENDA JENIPAPO;13413;F;;;;
MARIA DE JESUS;13426;F;;;;
MARIA DE JESUS;13427;F;;;;
IMPERIAL I;13428;F;;;;
MARIA DE JESUS;13429;F;;;;
MARIA DE JESUS;13430;F;;;;
MARIA DE JESUS;13431;F;;;;
MARIA DE JESUS;13432;F;;;;
MARIA DE JESUS;13433;F;;;;
MARIA DE JESUS;13434;F;;;;
MARIA DE JESUS;13435;F;;;;
MARIA DE JESUS;13437;F;;;;
MARIA DE JESUS;13438;F;;;;
MARIA DE JESUS;13439;F;;;;
IMPERIAL I;13440;F;;;;
IMPERIAL I;13441;F;;;;
MARIA DE JESUS;13443;F;;;;
IMPERIAL I;13444;F;;;;
MARIA DE JESUS;13445;F;;;;
MARIA DE JESUS;13446;F;;;;
IMPERIAL I;13447;F;;;;
IMPERIAL I;13448;F;;;;
MARIA DE JESUS;13449;F;;;;
MARIA DE JESUS;13450;F;;;;
MARIA DE JESUS;13451;F;;;;
BARRACÃO;13452;F;;;;
BARRACÃO;13454;F;;;;
MARIA DE JESUS;13455;F;;;;
MARIA DE JESUS;13456;F;;;;
MARIA DE JESUS;13457;F;;;;
MARIA DE JESUS;13458;F;;;;
MARIA DE JESUS;13459;F;;;;
MARIA DE JESUS;13461;F;;;;
PROSPERIDADE I;13462;F;;;;
PROSPERIDADE I;13463;F;;;;
PROSPERIDADE I;13464;F;;;;
PROSPERIDADE I;13465;F;;;;
PROSPERIDADE I;13466;F;;;;
PROSPERIDADE I;13467;F;;;;
PROSPERIDADE I;13468;F;;;;
PROSPERIDADE I;13469;F;;;;
IMPERATRIZ (ALUGUEL);13477;F;;;;
FAZENDA COROATÁ;13478;F;;;;
FAZENDA COROATÁ;13479;F;;;;
FAZENDA COROATÁ;13480;F;;;;
MARIA DE JESUS;13481;F;;;;
MARIA DE JESUS;13482;F;;;;
IMPERATRIZ (ALUGUEL);13485;F;;;;
IMPERIAL I;13487;F;;;;
IMPERIAL I;13488;F;;;;
MARIA DE JESUS;13489;F;;;;
PROSPERIDADE II;13491;M;;;;
BOA ESPERANÇA;13493;F;;;;
FAZENDA JENIPAPO;13494;F;;;;
FAZENDA JENIPAPO;13497;F;;;;
IMPERIAL II;13498;M;;;;
BOA ESPERANÇA;13499;M;;;;
FAZENDA JENIPAPO;13501;F;;;;
FAZENDA JENIPAPO;13503;F;;;;
BOA ESPERANÇA;13504;M;;;;
BOA ESPERANÇA;13510;F;;;;
FAZENDA JENIPAPO;13512;F;;;;
FAZENDA JENIPAPO;13517;F;;;;
FAZENDA JENIPAPO;13518;F;;;;
FAZENDA JENIPAPO;13519;F;;;;
FAZENDA JENIPAPO;13522;F;;;;
IMPERIAL II;13523;M;;;;
IMPERIAL II;13525;M;;;;
BOA ESPERANÇA;13528;F;;;;
FAZENDA JENIPAPO;13531;F;;;;
BOA ESPERANÇA;13532;F;;;;
FAZENDA JENIPAPO;13533;F;;;;
BOA ESPERANÇA;13538;F;;;;
FAZENDA JENIPAPO;13539;F;;;;
BOA ESPERANÇA;13540;F;;;;
BOA ESPERANÇA;13541;F;;;;
FAZENDA JENIPAPO;13542;F;;;;
IMPERIAL II;13544;M;;;;
FAZENDA JENIPAPO;13545;F;;;;
FAZENDA JENIPAPO;13546;F;;;;
FAZENDA JENIPAPO;13548;F;;;;
FAZENDA JENIPAPO;13549;F;;;;
FAZENDA JENIPAPO;13550;F;;;;
BOA ESPERANÇA;13552;F;;;;
FAZENDA JENIPAPO;13554;F;;;;
BOA ESPERANÇA;13556;F;;;;
FAZENDA JENIPAPO;13557;F;;;;
FAZENDA JENIPAPO;13558;F;;;;
FAZENDA JENIPAPO;13559;F;;;;
FAZENDA JENIPAPO;13560;F;;;;
FAZENDA JENIPAPO;13562;F;;;;
FAZENDA JENIPAPO;13564;F;;;;
FAZENDA JENIPAPO;13565;F;;;;
FAZENDA JENIPAPO;13566;F;;;;
FAZENDA JENIPAPO;13567;F;;;;
FAZENDA JENIPAPO;13569;F;;;;
FAZENDA JENIPAPO;13570;F;;;;
FAZENDA JENIPAPO;13571;F;;;;
FAZENDA JENIPAPO;13574;F;;;;
FAZENDA JENIPAPO;13575;F;;;;
FAZENDA JENIPAPO;13576;F;;;;
FAZENDA JENIPAPO;13577;F;;;;
IMPERIAL I;13579;M;;;;
FAZENDA JENIPAPO;13581;F;;;;
IMPERIAL I;13584;F;;;;
PROSPERIDADE II;13585;M;;;;
IMPERIAL II;13588;M;;;;
BOA ESPERANÇA;13589;F;;;;
IMPERIAL II;13593;M;;;;
FAZENDA JENIPAPO;13594;F;;;;
BOA ESPERANÇA;13595;F;;;;
BOA ESPERANÇA;13596;F;;;;
FAZENDA JENIPAPO;13597;F;;;;
BOA ESPERANÇA;13600;F;;;;
BOA ESPERANÇA;13601;F;;;;
FAZENDA JENIPAPO;13603;F;;;;
IMPERIAL II;13604;M;;;;
BOA ESPERANÇA;13606;M;;;;
BOA ESPERANÇA III;13608;F;;;;
BOA ESPERANÇA III;13609;F;;;;
BOA ESPERANÇA III;13610;F;;;;
BOA ESPERANÇA III;13611;F;;;;
BOA ESPERANÇA III;13612;F;;;;
BOA ESPERANÇA III;13613;F;;;;
BOA ESPERANÇA III;13614;F;;;;
BOA ESPERANÇA III;13615;F;;;;
BOA ESPERANÇA III;13616;F;;;;
BOA ESPERANÇA III;13617;F;;;;
BOA ESPERANÇA III;13618;F;;;;
BOA ESPERANÇA III;13619;F;;;;
BOA ESPERANÇA III;13620;F;;;;
BOA ESPERANÇA III;13621;F;;;;
BOA ESPERANÇA III;13622;F;;;;
BOA ESPERANÇA III;13623;F;;;;
BOA ESPERANÇA III;13624;F;;;;
BOA ESPERANÇA III;13625;F;;;;
BOA ESPERANÇA III;13626;F;;;;
BOA ESPERANÇA III;13627;F;;;;
BOA ESPERANÇA III;13628;F;;;;
BOA ESPERANÇA III;13629;F;;;;
BOA ESPERANÇA III;13630;F;;;;
BOA ESPERANÇA III;13631;F;;;;
BOA ESPERANÇA III;13632;F;;;;
BOA ESPERANÇA III;13633;F;;;;
BOA ESPERANÇA III;13634;F;;;;
BOA ESPERANÇA III;13635;F;;;;
BOA ESPERANÇA III;13636;F;;;;
BOA ESPERANÇA III;13637;F;;;;
BOA ESPERANÇA III;13638;F;;;;
BOA ESPERANÇA III;13639;F;;;;
BOA ESPERANÇA III;13640;F;;;;
BOA ESPERANÇA III;13641;F;;;;
BOA ESPERANÇA III;13642;F;;;;
BOA ESPERANÇA III;13643;F;;;;
BOA ESPERANÇA III;13644;F;;;;
BOA ESPERANÇA III;13645;F;;;;
BOA ESPERANÇA III;13646;F;;;;
BOA ESPERANÇA III;13647;F;;;;
BOA ESPERANÇA III;13648;F;;;;
BOA ESPERANÇA III;13649;F;;;;
BOA ESPERANÇA III;13650;F;;;;
BOA ESPERANÇA III;13651;F;;;;
BOA ESPERANÇA III;13652;F;;;;
BOA ESPERANÇA III;13653;F;;;;
BOA ESPERANÇA III;13654;F;;;;
BOA ESPERANÇA III;13655;F;;;;
BOA ESPERANÇA III;13656;F;;;;
BOA ESPERANÇA III;13657;F;;;;
BOA ESPERANÇA III;13658;F;;;;
BOA ESPERANÇA III;13659;F;;;;
BOA ESPERANÇA III;13660;F;;;;
BOA ESPERANÇA III;13661;F;;;;
BOA ESPERANÇA III;13662;F;;;;
BOA ESPERANÇA III;13663;F;;;;
BOA ESPERANÇA III;13664;F;;;;
BOA ESPERANÇA III;13665;F;;;;
BOA ESPERANÇA III;13666;F;;;;
BOA ESPERANÇA III;13667;F;;;;
BOA ESPERANÇA III;13668;F;;;;
BOA ESPERANÇA III;13669;F;;;;
BOA ESPERANÇA III;13670;F;;;;
BOA ESPERANÇA III;13671;F;;;;
BOA ESPERANÇA III;13672;F;;;;
BOA ESPERANÇA III;13673;F;;;;
BOA ESPERANÇA III;13674;F;;;;
BOA ESPERANÇA III;13675;F;;;;
BOA ESPERANÇA III;13676;F;;;;
BOA ESPERANÇA III;13677;F;;;;
BOA ESPERANÇA III;13678;F;;;;
BOA ESPERANÇA III;13679;F;;;;
BOA ESPERANÇA III;13680;F;;;;
BOA ESPERANÇA III;13681;F;;;;
BOA ESPERANÇA III;13682;F;;;;
BOA ESPERANÇA III;13683;F;;;;
BOA ESPERANÇA III;13684;F;;;;
BOA ESPERANÇA III;13685;F;;;;
BOA ESPERANÇA III;13686;F;;;;
BOA ESPERANÇA III;13687;F;;;;
BOA ESPERANÇA III;13688;F;;;;
BOA ESPERANÇA III;13689;F;;;;
BOA ESPERANÇA III;13690;F;;;;
BOA ESPERANÇA III;13691;F;;;;
BOA ESPERANÇA III;13692;F;;;;
BOA ESPERANÇA III;13693;F;;;;
BOA ESPERANÇA III;13694;F;;;;
BOA ESPERANÇA III;13695;F;;;;
BOA ESPERANÇA III;13696;F;;;;
BOA ESPERANÇA III;13697;F;;;;
BOA ESPERANÇA III;13698;F;;;;
BOA ESPERANÇA III;13699;F;;;;
BOA ESPERANÇA III;13700;F;;;;
BOA ESPERANÇA III;13701;F;;;;
BOA ESPERANÇA III;13702;F;;;;
BOA ESPERANÇA III;13703;F;;;;
BOA ESPERANÇA III;13704;F;;;;
BOA ESPERANÇA III;13705;F;;;;
BOA ESPERANÇA III;13706;F;;;;
BOA ESPERANÇA III;13707;F;;;;
BOA ESPERANÇA III;13708;F;;;;
BOA ESPERANÇA III;13709;F;;;;
BOA ESPERANÇA III;13710;F;;;;
BOA ESPERANÇA III;13711;F;;;;
BOA ESPERANÇA III;13712;F;;;;
BOA ESPERANÇA III;13713;F;;;;
BOA ESPERANÇA III;13714;F;;;;
BOA ESPERANÇA III;13715;F;;;;
BOA ESPERANÇA III;13716;F;;;;
BOA ESPERANÇA III;13717;F;;;;
BOA ESPERANÇA III;13718;F;;;;
BOA ESPERANÇA III;13719;F;;;;
BOA ESPERANÇA III;13720;F;;;;
BOA ESPERANÇA III;13721;F;;;;
BOA ESPERANÇA III;13722;F;;;;
BOA ESPERANÇA III;13723;F;;;;
BOA ESPERANÇA III;13724;F;;;;
BOA ESPERANÇA III;13725;F;;;;
BOA ESPERANÇA III;13726;F;;;;
BOA ESPERANÇA III;13727;F;;;;
BOA ESPERANÇA III;13728;F;;;;
BOA ESPERANÇA III;13729;F;;;;
BOA ESPERANÇA III;13730;F;;;;
BOA ESPERANÇA III;13731;F;;;;
BOA ESPERANÇA III;13732;F;;;;
BOA ESPERANÇA III;13733;F;;;;
BOA ESPERANÇA III;13734;F;;;;
BOA ESPERANÇA III;13735;F;;;;
BOA ESPERANÇA III;13736;F;;;;
BOA ESPERANÇA III;13737;F;;;;
BOA ESPERANÇA III;13738;F;;;;
BOA ESPERANÇA III;13739;F;;;;
BOA ESPERANÇA III;13740;F;;;;
BOA ESPERANÇA III;13741;F;;;;
BOA ESPERANÇA III;13742;F;;;;
BOA ESPERANÇA III;13743;F;;;;
BOA ESPERANÇA III;13744;F;;;;
BOA ESPERANÇA III;13745;F;;;;
BOA ESPERANÇA III;13746;F;;;;
BOA ESPERANÇA III;13747;F;;;;
BOA ESPERANÇA III;13748;F;;;;
BOA ESPERANÇA III;13749;F;;;;
BOA ESPERANÇA III;13750;F;;;;
BOA ESPERANÇA III;13751;F;;;;
BOA ESPERANÇA III;13752;F;;;;
BOA ESPERANÇA III;13753;F;;;;
BOA ESPERANÇA III;13754;F;;;;
BOA ESPERANÇA III;13755;F;;;;
BOA ESPERANÇA III;13756;F;;;;
BOA ESPERANÇA III;13757;F;;;;
BOA ESPERANÇA III;13758;F;;;;
BOA ESPERANÇA III;13759;F;;;;
BOA ESPERANÇA III;13760;F;;;;
BOA ESPERANÇA III;13761;F;;;;
BOA ESPERANÇA III;13762;F;;;;
BOA ESPERANÇA III;13763;F;;;;
BOA ESPERANÇA III;13764;F;;;;
BOA ESPERANÇA III;13765;F;;;;
BOA ESPERANÇA III;13766;F;;;;
BOA ESPERANÇA III;13767;F;;;;
BOA ESPERANÇA III;13768;F;;;;
BOA ESPERANÇA III;13769;F;;;;
BOA ESPERANÇA III;13770;F;;;;
BOA ESPERANÇA III;13771;F;;;;
BOA ESPERANÇA III;13772;F;;;;
BOA ESPERANÇA III;13773;F;;;;
BOA ESPERANÇA III;13774;F;;;;
FAZENDA COROATÁ;13775;F;;;;
BOA ESPERANÇA III;13776;F;;;;
BOA ESPERANÇA III;13777;F;;;;
BOA ESPERANÇA III;13778;F;;;;
BOA ESPERANÇA III;13779;F;;;;
BOA ESPERANÇA III;13780;F;;;;
BOA ESPERANÇA III;13781;F;;;;
BOA ESPERANÇA III;13782;F;;;;
BOA ESPERANÇA III;13783;F;;;;
BOA ESPERANÇA III;13784;F;;;;
BOA ESPERANÇA III;13785;F;;;;
BOA ESPERANÇA III;13786;F;;;;
BOA ESPERANÇA III;13787;F;;;;
BOA ESPERANÇA III;13788;F;;;;
BOA ESPERANÇA III;13789;F;;;;
BOA ESPERANÇA III;13790;F;;;;
BOA ESPERANÇA III;13791;F;;;;
BOA ESPERANÇA III;13792;F;;;;
BOA ESPERANÇA III;13793;F;;;;
BOA ESPERANÇA III;13794;F;;;;
BOA ESPERANÇA III;13795;F;;;;
BOA ESPERANÇA III;13796;F;;;;
BOA ESPERANÇA III;13797;F;;;;
BOA ESPERANÇA III;13798;F;;;;
BOA ESPERANÇA III;13799;F;;;;
MARIA DE JESUS;13800;M;;;;
MARIA DE JESUS;13801;M;;;;
MARIA DE JESUS;13803;M;;;;
MARIA DE JESUS;13804;M;;;;
MARIA DE JESUS;13805;M;;;;
BARRACÃO;13806;F;;;;
MARIA DE JESUS;13807;F;;;;
IMPERIAL I;13808;F;;;;
BARRACÃO;13809;F;;;;
MARIA DE JESUS;13810;F;;;;
MARIA DE JESUS;13811;F;;;;
FAZENDA JENIPAPO;13813;F;;;;
BARRACÃO;13814;F;;;;
MARIA DE JESUS;13815;F;;;;
BARRACÃO;13816;F;;;;
IMPERIAL I;13817;F;;;;
MARIA DE JESUS;13818;F;;;;
FAZENDA JENIPAPO;13819;F;;;;
MARIA DE JESUS;13820;F;;;;
MARIA DE JESUS;13821;F;;;;
BARRACÃO;13822;F;;;;
MARIA DE JESUS;13823;F;;;;
BOA ESPERANÇA III;13824;F;;;;
FAZENDA JENIPAPO;14125;F;;;;
IMPERATRIZ (ALUGUEL);14126;F;;;;
BARRACÃO;14127;F;;;;
FAZENDA COROATÁ;14128;F;;;;
MARIA DE JESUS;14130;M;;;;
FAZENDA COROATÁ;14131;F;;;;
MARIA DE JESUS;14132;F;;;;
MARIA DE JESUS;14133;M;;;;
MARIA DE JESUS;14134;M;;;;
MARIA DE JESUS;14136;M;;;;
MARIA DE JESUS;14137;M;;;;
MARIA DE JESUS;14138;M;;;;
FAZENDA JENIPAPO;14140;F;;;;
FAZENDA COROATÁ;14141;F;;;;
FAZENDA COROATÁ;14142;F;;;;
FAZENDA JENIPAPO;14147;F;;;;
FAZENDA JENIPAPO;14148;F;;;;
FAZENDA JENIPAPO;14150;F;;;;
FAZENDA JENIPAPO;14153;F;;;;
FAZENDA JENIPAPO;14154;F;;;;
FAZENDA JENIPAPO;14156;F;;;;
FAZENDA JENIPAPO;14157;F;;;;
IMPERIAL I;14159;F;;;;
FAZENDA JENIPAPO;14160;F;;;;
MARIA DE JESUS;14161;F;;;;
PROSPERIDADE II;14164;F;;;;
IMPERIAL I;14165;F;;;;
MARIA DE JESUS;14166;F;;;;
MARIA DE JESUS;14167;F;;;;
MARIA DE JESUS;14168;F;;;;
MARIA DE JESUS;14169;F;;;;
MARIA DE JESUS;14170;F;;;;
MARIA DE JESUS;14172;F;;;;
MARIA DE JESUS;14173;F;;;;
MARIA DE JESUS;14174;F;;;;
BARRACÃO;14176;F;;;;
MARIA DE JESUS;14177;F;;;;
MARIA DE JESUS;14178;F;;;;
MARIA DE JESUS;14180;F;;;;
MARIA DE JESUS;14181;F;;;;
MARIA DE JESUS;14182;F;;;;
MARIA DE JESUS;14183;F;;;;
MARIA DE JESUS;14184;F;;;;
MARIA DE JESUS;14185;F;;;;
MARIA DE JESUS;14186;F;;;;
IMPERIAL I;14187;F;;;;
MARIA DE JESUS;14189;F;;;;
MARIA DE JESUS;14190;F;;;;
MARIA DE JESUS;14191;F;;;;
MARIA DE JESUS;14192;F;;;;
IMPERIAL I;14193;F;;;;
BARRACÃO;14194;F;;;;
IMPERIAL I;14196;F;;;;
MARIA DE JESUS;14197;F;;;;
IMPERIAL I;14198;F;;;;
MARIA DE JESUS;14199;F;;;;
IMPERIAL I;14200;F;;;;
BARRACÃO;14201;F;;;;
MARIA DE JESUS;14202;F;;;;
IMPERIAL I;14203;F;;;;
PROSPERIDADE II;14204;F;;;;
BARRACÃO;14205;F;;;;
BARRACÃO;14206;F;;;;
PROSPERIDADE II;14207;F;;;;
IMPERIAL I;14209;F;;;;
BARRACÃO;14210;F;;;;
MARIA DE JESUS;14211;F;;;;
MARIA DE JESUS;14212;F;;;;
BARRACÃO;14213;F;;;;
MARIA DE JESUS;14214;F;;;;
MARIA DE JESUS;14216;F;;;;
MARIA DE JESUS;14217;F;;;;
IMPERIAL I;14218;F;;;;
MARIA DE JESUS;14219;F;;;;
MARIA DE JESUS;14220;F;;;;
BARRACÃO;14221;F;;;;
MARIA DE JESUS;14224;F;;;;
FAZENDA JENIPAPO;14225;F;;;;
BARRACÃO;14226;F;;;;
BARRACÃO;14227;F;;;;
FAZENDA JENIPAPO;14228;F;;;;
BARRACÃO;14229;F;;;;
BARRACÃO;14230;F;;;;
FAZENDA JENIPAPO;14231;F;;;;
FAZENDA JENIPAPO;14232;F;;;;
FAZENDA JENIPAPO;14233;F;;;;
MARIA DE JESUS;14234;M;;;;
MARIA DE JESUS;14237;F;;;;
MARIA DE JESUS;14238;F;;;;
MARIA DE JESUS;14239;F;;;;
IMPERATRIZ (ALUGUEL);14240;F;;;;
MARIA DE JESUS;14241;F;;;;
MARIA DE JESUS;14242;F;;;;
MARIA DE JESUS;14243;F;;;;
MARIA DE JESUS;14244;F;;;;
MARIA DE JESUS;14245;F;;;;
BARRACÃO;14246;F;;;;
MARIA DE JESUS;14247;F;;;;
FAZENDA JENIPAPO;14248;F;;;;
MARIA DE JESUS;14250;F;;;;
IMPERIAL I;14251;F;;;;
MARIA DE JESUS;14252;F;;;;
FAZENDA JENIPAPO;14253;F;;;;
MARIA DE JESUS;14254;F;;;;
FAZENDA JENIPAPO;14255;F;;;;
MARIA DE JESUS;14257;F;;;;
MARIA DE JESUS;14258;F;;;;
FAZENDA JENIPAPO;14260;F;;;;
FAZENDA JENIPAPO;14261;F;;;;
FAZENDA JENIPAPO;14263;F;;;;
PROSPERIDADE II;14264;M;;;;
PROSPERIDADE II;14265;M;;;;
FAZENDA JENIPAPO;14267;F;;;;
PROSPERIDADE II;14268;M;;;;
MARIA DE JESUS;14270;F;;;;
MARIA DE JESUS;14271;F;;;;
BARRACÃO;14272;F;;;;
MARIA DE JESUS;14275;F;;;;
FAZENDA JENIPAPO;14276;F;;;;
FAZENDA JENIPAPO;14277;F;;;;
FAZENDA JENIPAPO;14278;F;;;;
FAZENDA JENIPAPO;14280;F;;;;
MARIA DE JESUS;14281;F;;;;
PROSPERIDADE II;14282;M;;;;
FAZENDA COROATÁ;14283;F;;;;
PROSPERIDADE II;14284;M;;;;
MARIA DE JESUS;14285;F;;;;
FAZENDA JENIPAPO;14286;F;;;;
MARIA DE JESUS;14287;F;;;;
FAZENDA JENIPAPO;14289;F;;;;
MARIA DE JESUS;14290;F;;;;
FAZENDA JENIPAPO;14291;F;;;;
FAZENDA COROATÁ;14292;F;;;;
PROSPERIDADE II;14293;M;;;;
FAZENDA JENIPAPO;14294;F;;;;
FAZENDA JENIPAPO;14295;F;;;;
FAZENDA JENIPAPO;14296;F;;;;
MARIA DE JESUS;14297;F;;;;
FAZENDA COROATÁ;14298;F;;;;
MARIA DE JESUS;14299;M;;;;
PROSPERIDADE II;14300;F;;;;
PROSPERIDADE II;14301;M;;;;
FAZENDA COROATÁ;14302;F;;;;
BARRACÃO;14303;M;;;;
FAZENDA JENIPAPO;14305;F;;;;
FAZENDA JENIPAPO;14306;F;;;;
FAZENDA COROATÁ;14309;F;;;;
FAZENDA JENIPAPO;14310;F;;;;
FAZENDA JENIPAPO;14315;F;;;;
BOA ESPERANÇA;14317;F;;;;
BOA ESPERANÇA;14318;M;;;;
BOA ESPERANÇA;14320;F;;;;
BOA ESPERANÇA;14323;F;;;;
BOA ESPERANÇA;14325;F;;;;
BOA ESPERANÇA;14326;F;;;;
BOA ESPERANÇA;14327;F;;;;
BOA ESPERANÇA;14328;F;;;;
FAZENDA JENIPAPO;14329;F;;;;
BOA ESPERANÇA;14330;F;;;;
IMPERIAL II;14331;M;;;;
FAZENDA JENIPAPO;14333;F;;;;
FAZENDA JENIPAPO;14334;F;;;;
FAZENDA JENIPAPO;14338;F;;;;
BOA ESPERANÇA;14340;M;;;;
BOA ESPERANÇA;14341;M;;;;
FAZENDA JENIPAPO;14342;F;;;;
BOA ESPERANÇA;14344;F;;;;
FAZENDA JENIPAPO;14348;F;;;;
IMPERATRIZ (ALUGUEL);14353;F;;;;
IMPERIAL II;14358;M;;;;
IMPERIAL II;14360;M;;;;
BOA ESPERANÇA;14361;M;;;;
BOA ESPERANÇA;14362;M;;;;
IMPERIAL II;14364;M;;;;
FAZENDA JENIPAPO;14365;F;;;;
BOA ESPERANÇA;14369;F;;;;
BOA ESPERANÇA;14370;F;;;;
BOA ESPERANÇA;14372;F;;;;
BOA ESPERANÇA;14373;M;;;;
FAZENDA JENIPAPO;14374;F;;;;
IMPERIAL II;14377;M;;;;
IMPERIAL II;14379;M;;;;
BOA ESPERANÇA;14380;M;;;;
BOA ESPERANÇA;14381;M;;;;
BOA ESPERANÇA;14383;F;;;;
BOA ESPERANÇA;14384;F;;;;
BOA ESPERANÇA;14389;F;;;;
BOA ESPERANÇA;14390;F;;;;
BOA ESPERANÇA;14391;F;;;;
BOA ESPERANÇA;14392;F;;;;
IMPERIAL II;14393;M;;;;
IMPERIAL II;14394;M;;;;
BOA ESPERANÇA;14396;F;;;;
IMPERIAL II;14397;M;;;;
BOA ESPERANÇA;14398;M;;;;
PROSPERIDADE II;14400;M;;;;
PROSPERIDADE II;14401;M;;;;
FAZENDA JENIPAPO;14402;F;;;;
IMPERIAL II;14405;F;;;;
IMPERATRIZ (ALUGUEL);14406;F;;;;
IMPERATRIZ (ALUGUEL);14408;F;;;;
IMPERATRIZ (ALUGUEL);14409;F;;;;
IMPERATRIZ (ALUGUEL);14411;F;;;;
IMPERIAL II;14412;F;;;;
FAZENDA COROATÁ;14413;F;;;;
IMPERIAL I;14416;F;;;;
IMPERIAL I;14417;M;;;;
FAZENDA JENIPAPO;14420;F;;;;
FAZENDA COROATÁ;14421;F;;;;
MARIA DE JESUS;14425;M;;;;
FAZENDA COROATÁ;14427;F;;;;
FAZENDA COROATÁ;14428;F;;;;
IMPERIAL II;14429;M;;;;
FAZENDA COROATÁ;14430;F;;;;
FAZENDA COROATÁ;14431;F;;;;
PROSPERIDADE II;14433;M;;;;
MARIA DE JESUS;14434;M;;;;
MARIA DE JESUS;14435;F;;;;
MARIA DE JESUS;14436;F;;;;
FAZENDA JENIPAPO;14438;F;;;;
MARIA DE JESUS;14439;F;;;;
MARIA DE JESUS;14440;F;;;;
BARRACÃO;14441;F;;;;
MARIA DE JESUS;14442;F;;;;
MARIA DE JESUS;14445;F;;;;
IMPERIAL I;14448;F;;;;
MARIA DE JESUS;14449;F;;;;
BARRACÃO;14450;F;;;;
MARIA DE JESUS;14451;F;;;;
MARIA DE JESUS;14452;F;;;;
BARRACÃO;14453;F;;;;
MARIA DE JESUS;14454;F;;;;
IMPERIAL II;14455;F;;;;
BARRACÃO;14456;F;;;;
IMPERIAL II;14457;F;;;;
MARIA DE JESUS;14458;F;;;;
IMPERIAL II;14459;F;;;;
IMPERIAL II;14460;F;;;;
IMPERIAL II;14461;F;;;;
IMPERIAL II;14462;F;;;;
IMPERIAL II;14463;F;;;;
IMPERIAL II;14464;F;;;;
IMPERIAL II;14465;F;;;;
IMPERIAL II;14467;F;;;;
IMPERIAL II;14468;F;;;;
IMPERIAL II;14469;F;;;;
BARRACÃO;14470;F;;;;
IMPERIAL II;14471;F;;;;
IMPERIAL II;14473;F;;;;
IMPERIAL II;14474;F;;;;
MARIA DE JESUS;14475;F;;;;
IMPERIAL II;14476;F;;;;
IMPERIAL II;14477;F;;;;
IMPERIAL II;14478;F;;;;
IMPERIAL II;14480;F;;;;
IMPERIAL II;14481;F;;;;
MARIA DE JESUS;14482;F;;;;
BARRACÃO;14483;F;;;;
MARIA DE JESUS;14484;F;;;;
IMPERIAL II;14485;F;;;;
IMPERIAL II;14486;F;;;;
IMPERIAL II;14487;F;;;;
IMPERIAL II;14488;F;;;;
IMPERIAL II;14489;F;;;;
IMPERIAL II;14490;F;;;;
PROSPERIDADE II;14491;F;;;;
IMPERIAL II;14492;F;;;;
IMPERIAL II;14493;F;;;;
FAZENDA COROATÁ;14494;F;;;;
FAZENDA COROATÁ;14496;F;;;;
FAZENDA JENIPAPO;14497;F;;;;
FAZENDA JENIPAPO;14499;F;;;;
FAZENDA JENIPAPO;14501;F;;;;
FAZENDA COROATÁ;14503;F;;;;
BOA ESPERANÇA;14504;M;;;;
FAZENDA JENIPAPO;14505;F;;;;
FAZENDA COROATÁ;14507;F;;;;
FAZENDA JENIPAPO;14509;F;;;;
FAZENDA JENIPAPO;14510;F;;;;
IMPERIAL II;14512;M;;;;
IMPERATRIZ (ALUGUEL);14513;F;;;;
BARRACÃO;14514;F;;;;
PROSPERIDADE II;14516;M;;;;
IMPERIAL II;14517;F;;;;
PROSPERIDADE II;14518;F;;;;
IMPERIAL II;14520;F;;;;
IMPERATRIZ (ALUGUEL);14522;F;;;;
IMPERATRIZ (ALUGUEL);14523;F;;;;
PROSPERIDADE II;14525;M;;;;
PROSPERIDADE II;14526;M;;;;
FAZENDA COROATÁ;14527;F;;;;
PROSPERIDADE II;14528;F;;;;
IMPERIAL II;14529;M;;;;
IMPERIAL II;14530;F;;;;
BOA ESPERANÇA;14531;F;;;;
IMPERIAL II;14532;M;;;;
IMPERIAL II;14533;M;;;;
IMPERIAL II;14534;M;;;;
IMPERIAL II;14535;M;;;;
BOA ESPERANÇA;14536;F;;;;
PROSPERIDADE I;16511;F;;;;
IMPERIAL II;16661;F;;;;
BOA ESPERANÇA III;19411;F;;;;
BOA ESPERANÇA III;31761;F;;;;
IMPERIAL II;36961;F;;;;
IMPERIAL II;37211;F;;;;
BOA ESPERANÇA;37811;F;;;;
BOA ESPERANÇA;37911;F;;;;
BOA ESPERANÇA;38311;F;;;;
BOA ESPERANÇA;38411;F;;;;
BOA ESPERANÇA;38511;F;;;;
BARRACÃO;39011;F;;;;
BOA ESPERANÇA;39511;F;;;;
IMPERIAL II;50221;F;;;;
PROSPERIDADE III;53551;F;;;;
IMPERIAL II;55591;F;;;;
BARRACÃO;57571;F;;;;
BARRACÃO;58981;F;;;;
PROSPERIDADE I;60651;F;;;;
IMPERIAL I;65611;F;;;;
BOA ESPERANÇA;67611;F;;;;
IMPERIAL I;67761;F;;;;
IMPERIAL I;130171;F;;;;
MARIA DE JESUS;132501;F;;;;
BOA ESPERANÇA;A0001;F;;;;
BOA ESPERANÇA;A0002;F;;;;
BOA ESPERANÇA;A0003;F;;;;
BOA ESPERANÇA;A0004;F;;;;
BOA ESPERANÇA;A0005;F;;;;
BOA ESPERANÇA;A0006;F;;;;
BOA ESPERANÇA;A0007;F;;;;
BOA ESPERANÇA;A0009;F;;;;
BOA ESPERANÇA;A0010;F;;;;
BOA ESPERANÇA;A0011;F;;;;
BOA ESPERANÇA;A0012;F;;;;
BOA ESPERANÇA;A0013;F;;;;
BOA ESPERANÇA;A0014;F;;;;
BOA ESPERANÇA;A0015;F;;;;
BOA ESPERANÇA;A0016;F;;;;
BOA ESPERANÇA;A0017;F;;;;
BOA ESPERANÇA;A0018;F;;;;
BOA ESPERANÇA;A0019;F;;;;
BOA ESPERANÇA;A0020;F;;;;
BOA ESPERANÇA;A0021;F;;;;
BOA ESPERANÇA;A0022;F;;;;
BOA ESPERANÇA;A0023;F;;;;
BOA ESPERANÇA;A0024;F;;;;
BOA ESPERANÇA;A0025;F;;;;
BOA ESPERANÇA;A0026;F;;;;
BOA ESPERANÇA;A0027;F;;;;
BOA ESPERANÇA;A0028;F;;;;
BOA ESPERANÇA;A0029;F;;;;
BOA ESPERANÇA;A0030;F;;;;
BOA ESPERANÇA;A0031;F;;;;
BOA ESPERANÇA;A0032;F;;;;
BOA ESPERANÇA;A0033;F;;;;
BOA ESPERANÇA;A0034;F;;;;
BOA ESPERANÇA;A0035;F;;;;
BOA ESPERANÇA;A0036;F;;;;
BOA ESPERANÇA;A0037;F;;;;
BOA ESPERANÇA III;A0038;F;;;;
BOA ESPERANÇA;A0039;F;;;;
BOA ESPERANÇA;A0040;F;;;;
BOA ESPERANÇA;A0041;F;;;;
BOA ESPERANÇA;A0042;F;;;;
BOA ESPERANÇA;A0043;F;;;;
BOA ESPERANÇA;A0044;F;;;;
BOA ESPERANÇA;A0045;F;;;;
BOA ESPERANÇA;A0046;F;;;;
BOA ESPERANÇA;A0047;F;;;;
BOA ESPERANÇA;A0048;F;;;;
BOA ESPERANÇA;A100;F;;;;
FAZENDA JENIPAPO;A1000;F;;;;
FAZENDA COROATÁ;A1002;F;;;;
FAZENDA JENIPAPO;A1003;F;;;;
FAZENDA JENIPAPO;A1004;F;;;;
FAZENDA JENIPAPO;A1006;F;;;;
FAZENDA JENIPAPO;A1008;F;;;;
FAZENDA JENIPAPO;A1009;F;;;;
BOA ESPERANÇA;A101;F;;;;
FAZENDA JENIPAPO;A1010;F;;;;
FAZENDA JENIPAPO;A1012;F;;;;
FAZENDA JENIPAPO;A1014;F;;;;
FAZENDA JENIPAPO;A1018;F;;;;
IMPERATRIZ (ALUGUEL);A1019;F;;;;
BOA ESPERANÇA;A102;F;;;;
FAZENDA JENIPAPO;A1020;F;;;;
FAZENDA COROATÁ;A1022;F;;;;
IMPERATRIZ (ALUGUEL);A1024;F;;;;
FAZENDA JENIPAPO;A1026;F;;;;
FAZENDA JENIPAPO;A1027;F;;;;
BOA ESPERANÇA;A103;F;;;;
FAZENDA JENIPAPO;A1032;F;;;;
FAZENDA JENIPAPO;A1034;F;;;;
FAZENDA JENIPAPO;A1037;F;;;;
FAZENDA JENIPAPO;A1038;F;;;;
BOA ESPERANÇA;A104;F;;;;
FAZENDA COROATÁ;A1040;F;;;;
FAZENDA JENIPAPO;A1041;F;;;;
FAZENDA JENIPAPO;A1042;F;;;;
FAZENDA JENIPAPO;A1043;F;;;;
FAZENDA COROATÁ;A1045;F;;;;
BOA ESPERANÇA;A1046;F;;;;
IMPERATRIZ (ALUGUEL);A1047;F;;;;
FAZENDA JENIPAPO;A1048;F;;;;
IMPERATRIZ (ALUGUEL);A1049;F;;;;
FAZENDA COROATÁ;A1050;F;;;;
FAZENDA COROATÁ;A1051;F;;;;
BARRACÃO;A1052;F;;;;
IMPERATRIZ (ALUGUEL);A1053;F;;;;
FAZENDA COROATÁ;A1054;F;;;;
FAZENDA COROATÁ;A1055;F;;;;
FAZENDA COROATÁ;A1056;F;;;;
FAZENDA COROATÁ;A1057;F;;;;
FAZENDA COROATÁ;A1058;F;;;;
IMPERATRIZ (ALUGUEL);A1059;F;;;;
BOA ESPERANÇA;A106;F;;;;
FAZENDA COROATÁ;A1060;F;;;;
FAZENDA COROATÁ;A1061;F;;;;
FAZENDA COROATÁ;A1062;F;;;;
FAZENDA COROATÁ;A1063;F;;;;
IMPERATRIZ (ALUGUEL);A1064;F;;;;
IMPERATRIZ (ALUGUEL);A1065;F;;;;
FAZENDA COROATÁ;A1066;F;;;;
FAZENDA COROATÁ;A1067;F;;;;
IMPERATRIZ (ALUGUEL);A1068;F;;;;
FAZENDA JENIPAPO;A1069;F;;;;
BOA ESPERANÇA;A107;F;;;;
FAZENDA COROATÁ;A1070;F;;;;
FAZENDA JENIPAPO;A1071;F;;;;
FAZENDA COROATÁ;A1072;F;;;;
IMPERATRIZ (ALUGUEL);A1073;F;;;;
FAZENDA JENIPAPO;A1074;F;;;;
IMPERATRIZ (ALUGUEL);A1075;F;;;;
FAZENDA COROATÁ;A1076;F;;;;
FAZENDA COROATÁ;A1077;F;;;;
FAZENDA COROATÁ;A1078;F;;;;
FAZENDA COROATÁ;A1079;F;;;;
BOA ESPERANÇA;A108;F;;;;
FAZENDA COROATÁ;A1080;F;;;;
IMPERATRIZ (ALUGUEL);A1081;F;;;;
IMPERATRIZ (ALUGUEL);A1082;F;;;;
IMPERATRIZ (ALUGUEL);A1083;F;;;;
IMPERATRIZ (ALUGUEL);A1084;F;;;;
FAZENDA COROATÁ;A1085;F;;;;
IMPERATRIZ (ALUGUEL);A1086;F;;;;
FAZENDA COROATÁ;A1087;F;;;;
FAZENDA COROATÁ;A1088;F;;;;
FAZENDA COROATÁ;A1089;F;;;;
BOA ESPERANÇA;A109;F;;;;
FAZENDA COROATÁ;A1090;F;;;;
FAZENDA COROATÁ;A1091;F;;;;
FAZENDA JENIPAPO;A1092;F;;;;
FAZENDA JENIPAPO;A1093;F;;;;
FAZENDA JENIPAPO;A1097;F;;;;
BOA ESPERANÇA;A110;F;;;;
FAZENDA JENIPAPO;A1101;F;;;;
FAZENDA JENIPAPO;A1104;F;;;;
IMPERATRIZ (ALUGUEL);A1107;F;;;;
FAZENDA COROATÁ;A1108;F;;;;
BOA ESPERANÇA;A111;F;;;;
FAZENDA COROATÁ;A1110;F;;;;
FAZENDA JENIPAPO;A1111;F;;;;
BOA ESPERANÇA;A1113;M;;;;
BOA ESPERANÇA;A112;F;;;;
BOA ESPERANÇA;A113;F;;;;
BOA ESPERANÇA;A114;F;;;;
BOA ESPERANÇA;A115;F;;;;
BOA ESPERANÇA;A116;F;;;;
BOA ESPERANÇA;A117;F;;;;
BOA ESPERANÇA;A118;F;;;;
BOA ESPERANÇA;A119;F;;;;
BOA ESPERANÇA;A120;F;;;;
BOA ESPERANÇA;A121;F;;;;
BOA ESPERANÇA;A122;F;;;;
BOA ESPERANÇA;A123;F;;;;
BOA ESPERANÇA;A124;F;;;;
BOA ESPERANÇA;A125;F;;;;
BOA ESPERANÇA;A126;F;;;;
BOA ESPERANÇA;A127;F;;;;
BOA ESPERANÇA;A128;F;;;;
BOA ESPERANÇA;A129;F;;;;
BOA ESPERANÇA;A130;F;;;;
BOA ESPERANÇA;A131;F;;;;
BOA ESPERANÇA;A132;F;;;;
BOA ESPERANÇA;A133;F;;;;
BOA ESPERANÇA;A134;F;;;;
BOA ESPERANÇA;A135;F;;;;
BOA ESPERANÇA;A136;F;;;;
BOA ESPERANÇA;A137;F;;;;
BOA ESPERANÇA;A138;F;;;;
BOA ESPERANÇA;A139;F;;;;
BOA ESPERANÇA;A140;F;;;;
BOA ESPERANÇA;A141;F;;;;
BOA ESPERANÇA;A142;F;;;;
BOA ESPERANÇA;A143;F;;;;
BOA ESPERANÇA;A144;F;;;;
BOA ESPERANÇA;A145;F;;;;
BOA ESPERANÇA;A146;F;;;;
BOA ESPERANÇA;A147;F;;;;
BOA ESPERANÇA;A148;F;;;;
BOA ESPERANÇA;A149;F;;;;
BOA ESPERANÇA;A150;F;;;;
BOA ESPERANÇA;A151;F;;;;
BOA ESPERANÇA;A152;F;;;;
BOA ESPERANÇA;A153;F;;;;
BOA ESPERANÇA;A154;F;;;;
BOA ESPERANÇA;A155;F;;;;
BOA ESPERANÇA;A156;F;;;;
BOA ESPERANÇA;A157;F;;;;
BOA ESPERANÇA;A158;F;;;;
BOA ESPERANÇA;A159;F;;;;
BOA ESPERANÇA;A160;F;;;;
BOA ESPERANÇA;A162;F;;;;
BOA ESPERANÇA;A163;F;;;;
BOA ESPERANÇA;A164;F;;;;
BOA ESPERANÇA;A165;F;;;;
BOA ESPERANÇA;A166;F;;;;
BOA ESPERANÇA;A167;F;;;;
BOA ESPERANÇA;A168;F;;;;
BOA ESPERANÇA;A169;F;;;;
BOA ESPERANÇA;A170;F;;;;
BOA ESPERANÇA;A171;F;;;;
BOA ESPERANÇA;A172;F;;;;
BOA ESPERANÇA;A173;F;;;;
BOA ESPERANÇA;A174;F;;;;
BOA ESPERANÇA;A175;F;;;;
BOA ESPERANÇA;A176;F;;;;
BOA ESPERANÇA;A177;F;;;;
BOA ESPERANÇA;A178;F;;;;
BOA ESPERANÇA;A179;F;;;;
BOA ESPERANÇA;A180;F;;;;
BOA ESPERANÇA;A181;F;;;;
BOA ESPERANÇA;A182;F;;;;
BOA ESPERANÇA;A183;F;;;;
BOA ESPERANÇA;A184;F;;;;
BOA ESPERANÇA;A185;F;;;;
BOA ESPERANÇA;A186;F;;;;
BOA ESPERANÇA;A187;F;;;;
BOA ESPERANÇA;A188;F;;;;
BOA ESPERANÇA;A189;F;;;;
BOA ESPERANÇA;A190;F;;;;
BOA ESPERANÇA;A191;F;;;;
BOA ESPERANÇA;A192;F;;;;
BOA ESPERANÇA;A193;F;;;;
BOA ESPERANÇA;A194;F;;;;
BOA ESPERANÇA;A195;F;;;;
BOA ESPERANÇA;A196;F;;;;
BOA ESPERANÇA;A197;F;;;;
BOA ESPERANÇA;A198;F;;;;
BOA ESPERANÇA;A199;F;;;;
BOA ESPERANÇA;A200;F;;;;
BOA ESPERANÇA;A201;F;;;;
BOA ESPERANÇA;A202;F;;;;
BOA ESPERANÇA;A203;F;;;;
BOA ESPERANÇA;A204;F;;;;
BOA ESPERANÇA;A205;F;;;;
BOA ESPERANÇA;A206;F;;;;
BOA ESPERANÇA;A207;F;;;;
BOA ESPERANÇA;A208;F;;;;
BOA ESPERANÇA;A209;F;;;;
BOA ESPERANÇA;A210;F;;;;
BOA ESPERANÇA;A211;F;;;;
BOA ESPERANÇA;A212;F;;;;
BOA ESPERANÇA;A213;F;;;;
BOA ESPERANÇA;A214;F;;;;
BOA ESPERANÇA;A215;F;;;;
BOA ESPERANÇA;A216;F;;;;
BOA ESPERANÇA;A217;F;;;;
BOA ESPERANÇA;A218;F;;;;
BOA ESPERANÇA;A219;F;;;;
BOA ESPERANÇA;A220;F;;;;
BOA ESPERANÇA;A221;F;;;;
BOA ESPERANÇA;A222;F;;;;
BOA ESPERANÇA;A223;F;;;;
BOA ESPERANÇA;A224;F;;;;
BOA ESPERANÇA;A225;F;;;;
BOA ESPERANÇA;A226;F;;;;
BOA ESPERANÇA;A227;F;;;;
BOA ESPERANÇA;A228;F;;;;
BOA ESPERANÇA;A229;F;;;;
BOA ESPERANÇA;A230;F;;;;
BOA ESPERANÇA;A231;F;;;;
BOA ESPERANÇA;A232;F;;;;
BOA ESPERANÇA;A233;F;;;;
BOA ESPERANÇA;A234;F;;;;
BOA ESPERANÇA;A235;F;;;;
BOA ESPERANÇA;A236;F;;;;
BOA ESPERANÇA;A237;F;;;;
BOA ESPERANÇA;A238;F;;;;
BOA ESPERANÇA;A239;F;;;;
BOA ESPERANÇA;A240;F;;;;
BOA ESPERANÇA;A241;F;;;;
BOA ESPERANÇA;A242;F;;;;
BOA ESPERANÇA;A243;F;;;;
BOA ESPERANÇA;A244;F;;;;
BOA ESPERANÇA;A245;F;;;;
BOA ESPERANÇA;A246;F;;;;
BOA ESPERANÇA;A247;F;;;;
BOA ESPERANÇA;A248;F;;;;
BOA ESPERANÇA;A249;F;;;;
BOA ESPERANÇA III;A250;F;;;;
BOA ESPERANÇA;A251;F;;;;
BOA ESPERANÇA;A252;F;;;;
BOA ESPERANÇA;A253;F;;;;
BOA ESPERANÇA;A254;F;;;;
BOA ESPERANÇA;A255;F;;;;
BOA ESPERANÇA;A256;F;;;;
BOA ESPERANÇA;A257;F;;;;
BOA ESPERANÇA;A258;F;;;;
BOA ESPERANÇA;A259;F;;;;
BOA ESPERANÇA;A260;F;;;;
BOA ESPERANÇA;A261;F;;;;
BOA ESPERANÇA;A262;F;;;;
BOA ESPERANÇA;A263;F;;;;
BOA ESPERANÇA;A264;F;;;;
BOA ESPERANÇA;A265;F;;;;
BOA ESPERANÇA;A266;F;;;;
BOA ESPERANÇA;A267;F;;;;
BOA ESPERANÇA;A268;F;;;;
BOA ESPERANÇA;A269;F;;;;
BOA ESPERANÇA;A270;F;;;;
BOA ESPERANÇA;A271;F;;;;
BOA ESPERANÇA;A272;F;;;;
BOA ESPERANÇA;A273;F;;;;
BOA ESPERANÇA;A274;F;;;;
BOA ESPERANÇA;A275;F;;;;
BOA ESPERANÇA;A276;F;;;;
BOA ESPERANÇA;A277;F;;;;
BOA ESPERANÇA;A278;F;;;;
BOA ESPERANÇA;A279;F;;;;
BOA ESPERANÇA;A280;F;;;;
BOA ESPERANÇA;A281;F;;;;
BOA ESPERANÇA III;A282;F;;;;
BOA ESPERANÇA;A283;F;;;;
BOA ESPERANÇA;A284;F;;;;
BOA ESPERANÇA;A285;F;;;;
BOA ESPERANÇA;A286;F;;;;
BOA ESPERANÇA;A287;F;;;;
BOA ESPERANÇA;A288;F;;;;
BOA ESPERANÇA;A289;F;;;;
BOA ESPERANÇA;A290;F;;;;
BOA ESPERANÇA;A291;F;;;;
BOA ESPERANÇA;A292;F;;;;
BOA ESPERANÇA;A293;F;;;;
BOA ESPERANÇA;A294;F;;;;
BOA ESPERANÇA;A295;F;;;;
BOA ESPERANÇA;A296;F;;;;
BOA ESPERANÇA;A297;F;;;;
BOA ESPERANÇA;A298;F;;;;
BOA ESPERANÇA;A299;F;;;;
BOA ESPERANÇA;A300;F;;;;
BOA ESPERANÇA;A301;F;;;;
BOA ESPERANÇA;A302;F;;;;
BOA ESPERANÇA;A303;F;;;;
BOA ESPERANÇA;A304;F;;;;
BOA ESPERANÇA;A305;F;;;;
BOA ESPERANÇA;A306;F;;;;
BOA ESPERANÇA;A307;F;;;;
BOA ESPERANÇA;A308;F;;;;
BOA ESPERANÇA;A309;F;;;;
BOA ESPERANÇA;A310;F;;;;
BOA ESPERANÇA;A311;F;;;;
BOA ESPERANÇA;A312;F;;;;
BOA ESPERANÇA;A313;F;;;;
BOA ESPERANÇA;A314;F;;;;
BOA ESPERANÇA;A315;F;;;;
BOA ESPERANÇA;A316;F;;;;
BOA ESPERANÇA;A317;F;;;;
BOA ESPERANÇA;A318;F;;;;
BOA ESPERANÇA;A319;F;;;;
BOA ESPERANÇA;A320;F;;;;
BOA ESPERANÇA;A321;F;;;;
BOA ESPERANÇA;A322;F;;;;
BOA ESPERANÇA;A323;F;;;;
BOA ESPERANÇA;A324;F;;;;
BOA ESPERANÇA;A325;F;;;;
BOA ESPERANÇA;A326;F;;;;
BOA ESPERANÇA;A327;F;;;;
BOA ESPERANÇA;A328;F;;;;
BOA ESPERANÇA;A329;F;;;;
BOA ESPERANÇA;A330;F;;;;
BOA ESPERANÇA;A331;F;;;;
BOA ESPERANÇA;A332;F;;;;
BOA ESPERANÇA;A333;F;;;;
BOA ESPERANÇA;A334;F;;;;
BOA ESPERANÇA;A335;F;;;;
BOA ESPERANÇA III;A336;F;;;;
BOA ESPERANÇA;A337;F;;;;
BOA ESPERANÇA;A339;F;;;;
BOA ESPERANÇA;A340;F;;;;
BOA ESPERANÇA;A341;F;;;;
BOA ESPERANÇA;A342;F;;;;
BOA ESPERANÇA;A343;F;;;;
BOA ESPERANÇA;A344;F;;;;
BOA ESPERANÇA;A345;F;;;;
BOA ESPERANÇA;A346;F;;;;
BOA ESPERANÇA;A347;F;;;;
BOA ESPERANÇA;A348;F;;;;
BOA ESPERANÇA;A349;F;;;;
BOA ESPERANÇA;A350;F;;;;
BOA ESPERANÇA;A351;F;;;;
BOA ESPERANÇA;A352;F;;;;
BOA ESPERANÇA;A353;F;;;;
BOA ESPERANÇA;A354;F;;;;
BOA ESPERANÇA;A355;F;;;;
BOA ESPERANÇA;A356;F;;;;
BOA ESPERANÇA;A357;F;;;;
BOA ESPERANÇA;A359;F;;;;
BOA ESPERANÇA;A360;F;;;;
BOA ESPERANÇA;A361;F;;;;
BOA ESPERANÇA;A362;F;;;;
BOA ESPERANÇA;A363;F;;;;
BOA ESPERANÇA;A364;F;;;;
BOA ESPERANÇA;A365;F;;;;
BOA ESPERANÇA;A366;F;;;;
BOA ESPERANÇA;A367;F;;;;
BOA ESPERANÇA III;A368;F;;;;
BOA ESPERANÇA;A369;F;;;;
BOA ESPERANÇA;A370;F;;;;
BOA ESPERANÇA;A371;F;;;;
BOA ESPERANÇA III;A372;F;;;;
BOA ESPERANÇA;A373;F;;;;
BOA ESPERANÇA;A375;F;;;;
BOA ESPERANÇA;A376;F;;;;
BOA ESPERANÇA;A377;F;;;;
BOA ESPERANÇA;A378;F;;;;
BOA ESPERANÇA;A379;F;;;;
BOA ESPERANÇA;A380;F;;;;
BOA ESPERANÇA;A381;F;;;;
BOA ESPERANÇA;A382;F;;;;
BOA ESPERANÇA;A383;F;;;;
BOA ESPERANÇA;A384;F;;;;
BOA ESPERANÇA III;A385;F;;;;
BOA ESPERANÇA;A386;F;;;;
BOA ESPERANÇA;A387;F;;;;
BOA ESPERANÇA;A388;F;;;;
BOA ESPERANÇA;A389;F;;;;
BOA ESPERANÇA;A390;F;;;;
BOA ESPERANÇA;A391;F;;;;
BOA ESPERANÇA;A392;F;;;;
BOA ESPERANÇA III;A393;F;;;;
BOA ESPERANÇA;A394;F;;;;
BOA ESPERANÇA;A395;F;;;;
BOA ESPERANÇA;A396;F;;;;
BOA ESPERANÇA;A397;F;;;;
BOA ESPERANÇA;A398;F;;;;
BOA ESPERANÇA;A399;F;;;;
BOA ESPERANÇA III;A400;F;;;;
BOA ESPERANÇA;A401;F;;;;
BOA ESPERANÇA;A402;F;;;;
BOA ESPERANÇA;A403;F;;;;
BOA ESPERANÇA;A404;F;;;;
BOA ESPERANÇA;A405;F;;;;
BOA ESPERANÇA;A406;F;;;;
BOA ESPERANÇA;A407;F;;;;
BOA ESPERANÇA;A408;F;;;;
BOA ESPERANÇA;A409;F;;;;
BOA ESPERANÇA;A410;F;;;;
BOA ESPERANÇA III;A411;F;;;;
BOA ESPERANÇA;A412;F;;;;
BOA ESPERANÇA;A413;F;;;;
BOA ESPERANÇA;A414;F;;;;
BOA ESPERANÇA III;A415;F;;;;
BOA ESPERANÇA;A416;F;;;;
BOA ESPERANÇA;A417;F;;;;
BOA ESPERANÇA;A419;F;;;;
BOA ESPERANÇA;A420;F;;;;
BOA ESPERANÇA;A421;F;;;;
BOA ESPERANÇA;A422;F;;;;
BOA ESPERANÇA;A423;F;;;;
BOA ESPERANÇA;A424;F;;;;
BOA ESPERANÇA;A425;F;;;;
BOA ESPERANÇA;A426;F;;;;
BOA ESPERANÇA;A427;F;;;;
BOA ESPERANÇA;A428;F;;;;
BOA ESPERANÇA III;A429;F;;;;
BOA ESPERANÇA;A430;F;;;;
BOA ESPERANÇA;A431;F;;;;
BOA ESPERANÇA III;A432;F;;;;
BOA ESPERANÇA;A433;F;;;;
BOA ESPERANÇA;A434;F;;;;
FAZENDA COROATÁ;A435;F;;;;
FAZENDA JENIPAPO;A437;F;;;;
FAZENDA JENIPAPO;A438;F;;;;
BOA ESPERANÇA;A439;F;;;;
IMPERATRIZ (ALUGUEL);A440;F;;;;
IMPERATRIZ (ALUGUEL);A442;F;;;;
FAZENDA COROATÁ;A445;F;;;;
FAZENDA JENIPAPO;A447;F;;;;
FAZENDA COROATÁ;A449;F;;;;
IMPERATRIZ (ALUGUEL);A453;F;;;;
IMPERATRIZ (ALUGUEL);A454;F;;;;
FAZENDA COROATÁ;A455;F;;;;
FAZENDA JENIPAPO;A456;F;;;;
FAZENDA JENIPAPO;A458;F;;;;
FAZENDA COROATÁ;A459;F;;;;
FAZENDA JENIPAPO;A462;F;;;;
IMPERATRIZ (ALUGUEL);A463;F;;;;
FAZENDA JENIPAPO;A464;F;;;;
FAZENDA JENIPAPO;A465;F;;;;
BARRACÃO;A466;F;;;;
FAZENDA JENIPAPO;A467;F;;;;
FAZENDA COROATÁ;A468;F;;;;
BOA ESPERANÇA III;A470;F;;;;
FAZENDA COROATÁ;A471;F;;;;
FAZENDA JENIPAPO;A472;F;;;;
IMPERATRIZ (ALUGUEL);A473;F;;;;
IMPERATRIZ (ALUGUEL);A476;F;;;;
IMPERATRIZ (ALUGUEL);A477;F;;;;
FAZENDA JENIPAPO;A478;F;;;;
FAZENDA COROATÁ;A479;F;;;;
FAZENDA JENIPAPO;A481;F;;;;
FAZENDA JENIPAPO;A486;F;;;;
FAZENDA JENIPAPO;A487;F;;;;
IMPERATRIZ (ALUGUEL);A489;F;;;;
BOA ESPERANÇA;A49;F;;;;
FAZENDA COROATÁ;A493;F;;;;
FAZENDA COROATÁ;A497;F;;;;
FAZENDA JENIPAPO;A499;F;;;;
BOA ESPERANÇA;A50;F;;;;
FAZENDA JENIPAPO;A503;F;;;;
FAZENDA JENIPAPO;A504;F;;;;
FAZENDA COROATÁ;A505;F;;;;
BOA ESPERANÇA;A51;F;;;;
IMPERATRIZ (ALUGUEL);A514;F;;;;
FAZENDA COROATÁ;A515;F;;;;
FAZENDA JENIPAPO;A516;F;;;;
IMPERATRIZ (ALUGUEL);A517;F;;;;
IMPERATRIZ (ALUGUEL);A518;F;;;;
FAZENDA COROATÁ;A519;F;;;;
BOA ESPERANÇA;A52;F;;;;
FAZENDA COROATÁ;A520;F;;;;
IMPERATRIZ (ALUGUEL);A524;F;;;;
FAZENDA JENIPAPO;A527;F;;;;
BOA ESPERANÇA;A528;M;;;;
FAZENDA COROATÁ;A529;F;;;;
BOA ESPERANÇA;A53;F;;;;
IMPERATRIZ (ALUGUEL);A530;F;;;;
FAZENDA COROATÁ;A531;F;;;;
FAZENDA JENIPAPO;A532;F;;;;
BOA ESPERANÇA;A533;F;;;;
FAZENDA COROATÁ;A534;F;;;;
IMPERATRIZ (ALUGUEL);A536;F;;;;
FAZENDA JENIPAPO;A538;F;;;;
FAZENDA JENIPAPO;A539;F;;;;
FAZENDA COROATÁ;A541;F;;;;
FAZENDA JENIPAPO;A543;F;;;;
FAZENDA COROATÁ;A545;F;;;;
IMPERATRIZ (ALUGUEL);A546;F;;;;
BOA ESPERANÇA;A548;F;;;;
BOA ESPERANÇA;A550;F;;;;
BOA ESPERANÇA;A551;F;;;;
BOA ESPERANÇA;A552;F;;;;
BOA ESPERANÇA;A553;F;;;;
BOA ESPERANÇA;A554;F;;;;
BOA ESPERANÇA;A555;F;;;;
BOA ESPERANÇA III;A556;F;;;;
BOA ESPERANÇA;A557;F;;;;
BOA ESPERANÇA;A558;F;;;;
BOA ESPERANÇA;A56;F;;;;
BOA ESPERANÇA III;A560;F;;;;
BOA ESPERANÇA;A561;F;;;;
BOA ESPERANÇA;A562;F;;;;
BOA ESPERANÇA III;A564;F;;;;
BOA ESPERANÇA III;A565;F;;;;
BOA ESPERANÇA III;A566;F;;;;
BOA ESPERANÇA;A567;F;;;;
BOA ESPERANÇA;A568;F;;;;
BOA ESPERANÇA;A569;F;;;;
BOA ESPERANÇA;A57;F;;;;
BOA ESPERANÇA;A570;F;;;;
BOA ESPERANÇA;A571;F;;;;
BOA ESPERANÇA III;A572;F;;;;
BOA ESPERANÇA;A573;F;;;;
BOA ESPERANÇA III;A574;F;;;;
BOA ESPERANÇA;A575;F;;;;
BOA ESPERANÇA;A576;F;;;;
BOA ESPERANÇA;A577;F;;;;
BOA ESPERANÇA;A578;F;;;;
BOA ESPERANÇA;A579;F;;;;
BOA ESPERANÇA;A58;F;;;;
BOA ESPERANÇA;A580;F;;;;
BOA ESPERANÇA;A581;F;;;;
BOA ESPERANÇA;A582;F;;;;
BOA ESPERANÇA;A583;F;;;;
BOA ESPERANÇA;A584;F;;;;
BOA ESPERANÇA;A585;F;;;;
BOA ESPERANÇA;A586;F;;;;
BOA ESPERANÇA;A587;F;;;;
BOA ESPERANÇA;A588;F;;;;
BOA ESPERANÇA III;A589;F;;;;
BOA ESPERANÇA;A59;F;;;;
BOA ESPERANÇA;A590;F;;;;
BOA ESPERANÇA;A591;F;;;;
BOA ESPERANÇA;A592;F;;;;
BOA ESPERANÇA;A593;F;;;;
BOA ESPERANÇA;A594;F;;;;
BOA ESPERANÇA;A595;F;;;;
BOA ESPERANÇA III;A596;F;;;;
BOA ESPERANÇA III;A597;F;;;;
BOA ESPERANÇA;A598;F;;;;
BOA ESPERANÇA III;A599;F;;;;
BOA ESPERANÇA;A60;F;;;;
BOA ESPERANÇA III;A600;F;;;;
BOA ESPERANÇA;A601;F;;;;
BOA ESPERANÇA;A602;F;;;;
BOA ESPERANÇA;A603;F;;;;
BOA ESPERANÇA;A604;F;;;;
BOA ESPERANÇA;A605;F;;;;
BOA ESPERANÇA;A606;F;;;;
BOA ESPERANÇA III;A607;F;;;;
BOA ESPERANÇA;A608;F;;;;
BOA ESPERANÇA;A609;F;;;;
BOA ESPERANÇA;A61;F;;;;
BOA ESPERANÇA;A610;F;;;;
BOA ESPERANÇA;A611;F;;;;
BOA ESPERANÇA;A612;F;;;;
BOA ESPERANÇA;A613;F;;;;
BOA ESPERANÇA;A614;F;;;;
BOA ESPERANÇA;A615;F;;;;
BOA ESPERANÇA;A616;F;;;;
BOA ESPERANÇA;A617;F;;;;
BOA ESPERANÇA;A618;F;;;;
BOA ESPERANÇA;A619;F;;;;
BOA ESPERANÇA;A62;F;;;;
BOA ESPERANÇA;A620;F;;;;
BOA ESPERANÇA III;A621;F;;;;
BOA ESPERANÇA;A622;F;;;;
BOA ESPERANÇA;A623;F;;;;
BOA ESPERANÇA;A624;F;;;;
BOA ESPERANÇA;A625;F;;;;
BOA ESPERANÇA;A626;F;;;;
BOA ESPERANÇA;A627;F;;;;
BOA ESPERANÇA;A628;F;;;;
BOA ESPERANÇA III;A629;F;;;;
BOA ESPERANÇA;A63;F;;;;
BOA ESPERANÇA;A630;F;;;;
BOA ESPERANÇA III;A631;F;;;;
BOA ESPERANÇA;A632;F;;;;
BOA ESPERANÇA;A633;F;;;;
BOA ESPERANÇA;A634;F;;;;
BOA ESPERANÇA;A635;F;;;;
BOA ESPERANÇA;A636;F;;;;
BOA ESPERANÇA;A637;F;;;;
BOA ESPERANÇA;A638;F;;;;
BOA ESPERANÇA III;A639;F;;;;
BOA ESPERANÇA;A64;F;;;;
BOA ESPERANÇA;A640;F;;;;
BOA ESPERANÇA;A641;F;;;;
BOA ESPERANÇA;A642;F;;;;
BOA ESPERANÇA;A643;F;;;;
BOA ESPERANÇA;A644;F;;;;
BOA ESPERANÇA;A645;F;;;;
BOA ESPERANÇA;A646;F;;;;
BOA ESPERANÇA III;A647;F;;;;
BOA ESPERANÇA;A648;F;;;;
BOA ESPERANÇA;A649;F;;;;
BOA ESPERANÇA;A65;F;;;;
BOA ESPERANÇA;A650;F;;;;
BOA ESPERANÇA;A651;F;;;;
BOA ESPERANÇA;A652;F;;;;
BOA ESPERANÇA;A653;F;;;;
BOA ESPERANÇA;A654;F;;;;
BOA ESPERANÇA;A655;F;;;;
BOA ESPERANÇA;A656;F;;;;
BOA ESPERANÇA;A657;F;;;;
BOA ESPERANÇA III;A658;F;;;;
BOA ESPERANÇA;A659;F;;;;
BOA ESPERANÇA;A66;F;;;;
BOA ESPERANÇA;A660;F;;;;
BOA ESPERANÇA III;A661;F;;;;
BOA ESPERANÇA;A662;F;;;;
BOA ESPERANÇA;A663;F;;;;
BOA ESPERANÇA;A664;F;;;;
BOA ESPERANÇA;A666;F;;;;
BOA ESPERANÇA;A667;F;;;;
BOA ESPERANÇA;A668;F;;;;
BOA ESPERANÇA;A669;F;;;;
BOA ESPERANÇA;A67;F;;;;
BOA ESPERANÇA;A670;F;;;;
BOA ESPERANÇA;A671;F;;;;
BOA ESPERANÇA III;A672;F;;;;
BOA ESPERANÇA;A673;F;;;;
BOA ESPERANÇA;A674;F;;;;
BOA ESPERANÇA;A675;F;;;;
BOA ESPERANÇA;A676;F;;;;
BOA ESPERANÇA;A677;F;;;;
BOA ESPERANÇA;A678;F;;;;
BOA ESPERANÇA;A679;F;;;;
BOA ESPERANÇA;A68;F;;;;
BOA ESPERANÇA;A680;F;;;;
BOA ESPERANÇA III;A681;F;;;;
BOA ESPERANÇA;A682;F;;;;
BOA ESPERANÇA;A683;F;;;;
BOA ESPERANÇA;A684;F;;;;
BOA ESPERANÇA;A686;F;;;;
BOA ESPERANÇA;A687;F;;;;
FAZENDA JENIPAPO;A688;F;;;;
BOA ESPERANÇA;A69;F;;;;
BOA ESPERANÇA;A691;M;;;;
FAZENDA COROATÁ;A693;F;;;;
FAZENDA JENIPAPO;A695;F;;;;
FAZENDA JENIPAPO;A698;F;;;;
FAZENDA COROATÁ;A700;F;;;;
IMPERATRIZ (ALUGUEL);A701;F;;;;
IMPERATRIZ (ALUGUEL);A704;F;;;;
IMPERATRIZ (ALUGUEL);A709;F;;;;
BOA ESPERANÇA;A71;F;;;;
FAZENDA COROATÁ;A710;F;;;;
IMPERATRIZ (ALUGUEL);A711;F;;;;
FAZENDA COROATÁ;A714;F;;;;
IMPERATRIZ (ALUGUEL);A715;F;;;;
FAZENDA JENIPAPO;A716;F;;;;
FAZENDA COROATÁ;A717;F;;;;
IMPERATRIZ (ALUGUEL);A718;F;;;;
IMPERATRIZ (ALUGUEL);A719;F;;;;
BOA ESPERANÇA;A72;F;;;;
IMPERATRIZ (ALUGUEL);A720;F;;;;
FAZENDA COROATÁ;A724;F;;;;
BOA ESPERANÇA;A725;M;;;;
FAZENDA COROATÁ;A729;F;;;;
BOA ESPERANÇA;A73;F;;;;
FAZENDA COROATÁ;A731;F;;;;
FAZENDA COROATÁ;A733;F;;;;
FAZENDA COROATÁ;A734;F;;;;
IMPERATRIZ (ALUGUEL);A735;F;;;;
IMPERATRIZ (ALUGUEL);A736;F;;;;
FAZENDA COROATÁ;A738;F;;;;
FAZENDA COROATÁ;A739;F;;;;
BOA ESPERANÇA;A74;F;;;;
FAZENDA COROATÁ;A740;F;;;;
FAZENDA COROATÁ;A742;F;;;;
IMPERATRIZ (ALUGUEL);A749;F;;;;
BOA ESPERANÇA;A75;F;;;;
BOA ESPERANÇA;A754;M;;;;
BARRACÃO;A757;F;;;;
FAZENDA JENIPAPO;A759;F;;;;
BOA ESPERANÇA;A76;F;;;;
FAZENDA JENIPAPO;A761;F;;;;
FAZENDA COROATÁ;A764;F;;;;
BOA ESPERANÇA;A77;F;;;;
IMPERATRIZ (ALUGUEL);A772;F;;;;
IMPERATRIZ (ALUGUEL);A773;F;;;;
FAZENDA COROATÁ;A774;F;;;;
BARRACÃO;A775;F;;;;
FAZENDA JENIPAPO;A777;F;;;;
BOA ESPERANÇA;A778;F;;;;
BOA ESPERANÇA;A78;F;;;;
FAZENDA COROATÁ;A780;F;;;;
FAZENDA COROATÁ;A783;F;;;;
IMPERATRIZ (ALUGUEL);A784;F;;;;
FAZENDA JENIPAPO;A786;F;;;;
FAZENDA COROATÁ;A789;F;;;;
BOA ESPERANÇA;A79;F;;;;
FAZENDA JENIPAPO;A790;F;;;;
FAZENDA JENIPAPO;A792;F;;;;
FAZENDA COROATÁ;A793;F;;;;
IMPERATRIZ (ALUGUEL);A794;F;;;;
FAZENDA COROATÁ;A796;F;;;;
FAZENDA COROATÁ;A797;F;;;;
IMPERATRIZ (ALUGUEL);A799;F;;;;
BOA ESPERANÇA;A80;F;;;;
BARRACÃO;A800;F;;;;
FAZENDA COROATÁ;A802;F;;;;
FAZENDA COROATÁ;A805;F;;;;
IMPERATRIZ (ALUGUEL);A806;F;;;;
FAZENDA COROATÁ;A807;F;;;;
BOA ESPERANÇA;A81;F;;;;
FAZENDA COROATÁ;A812;F;;;;
IMPERATRIZ (ALUGUEL);A814;F;;;;
IMPERATRIZ (ALUGUEL);A817;F;;;;
FAZENDA JENIPAPO;A818;F;;;;
FAZENDA JENIPAPO;A819;F;;;;
BOA ESPERANÇA III;A82;F;;;;
FAZENDA JENIPAPO;A820;F;;;;
FAZENDA JENIPAPO;A822;F;;;;
FAZENDA JENIPAPO;A826;F;;;;
FAZENDA JENIPAPO;A827;F;;;;
FAZENDA COROATÁ;A828;F;;;;
BOA ESPERANÇA;A829;F;;;;
BOA ESPERANÇA;A83;F;;;;
FAZENDA COROATÁ;A831;F;;;;
FAZENDA JENIPAPO;A832;F;;;;
FAZENDA JENIPAPO;A835;F;;;;
FAZENDA JENIPAPO;A836;F;;;;
FAZENDA JENIPAPO;A837;F;;;;
FAZENDA JENIPAPO;A838;F;;;;
BOA ESPERANÇA;A84;F;;;;
FAZENDA JENIPAPO;A840;F;;;;
FAZENDA JENIPAPO;A841;F;;;;
FAZENDA JENIPAPO;A842;F;;;;
FAZENDA JENIPAPO;A843;F;;;;
FAZENDA JENIPAPO;A844;F;;;;
FAZENDA JENIPAPO;A846;F;;;;
BOA ESPERANÇA;A847;F;;;;
FAZENDA COROATÁ;A848;F;;;;
FAZENDA JENIPAPO;A849;F;;;;
BOA ESPERANÇA;A85;F;;;;
FAZENDA JENIPAPO;A850;F;;;;
FAZENDA JENIPAPO;A855;F;;;;
FAZENDA COROATÁ;A856;F;;;;
FAZENDA COROATÁ;A858;F;;;;
BOA ESPERANÇA;A86;F;;;;
IMPERATRIZ (ALUGUEL);A860;F;;;;
FAZENDA JENIPAPO;A864;F;;;;
FAZENDA COROATÁ;A867;F;;;;
FAZENDA JENIPAPO;A868;F;;;;
FAZENDA JENIPAPO;A869;F;;;;
BOA ESPERANÇA;A87;F;;;;
FAZENDA JENIPAPO;A871;F;;;;
FAZENDA JENIPAPO;A872;F;;;;
BOA ESPERANÇA;A88;F;;;;
FAZENDA JENIPAPO;A880;F;;;;
FAZENDA JENIPAPO;A883;F;;;;
FAZENDA JENIPAPO;A884;F;;;;
FAZENDA JENIPAPO;A885;F;;;;
BOA ESPERANÇA;A89;F;;;;
IMPERATRIZ (ALUGUEL);A890;F;;;;
FAZENDA JENIPAPO;A892;F;;;;
FAZENDA JENIPAPO;A894;F;;;;
BOA ESPERANÇA;A895;F;;;;
IMPERATRIZ (ALUGUEL);A896;F;;;;
FAZENDA JENIPAPO;A899;F;;;;
BOA ESPERANÇA;A90;F;;;;
IMPERATRIZ (ALUGUEL);A902;F;;;;
FAZENDA JENIPAPO;A906;F;;;;
IMPERATRIZ (ALUGUEL);A907;F;;;;
FAZENDA COROATÁ;A908;F;;;;
BOA ESPERANÇA;A91;F;;;;
FAZENDA JENIPAPO;A914;F;;;;
FAZENDA COROATÁ;A916;F;;;;
FAZENDA JENIPAPO;A917;F;;;;
BOA ESPERANÇA;A92;F;;;;
FAZENDA COROATÁ;A920;F;;;;
FAZENDA JENIPAPO;A923;F;;;;
FAZENDA JENIPAPO;A925;F;;;;
FAZENDA JENIPAPO;A927;F;;;;
FAZENDA JENIPAPO;A928;F;;;;
FAZENDA JENIPAPO;A929;F;;;;
BOA ESPERANÇA;A93;F;;;;
FAZENDA JENIPAPO;A933;F;;;;
FAZENDA JENIPAPO;A936;F;;;;
FAZENDA JENIPAPO;A938;F;;;;
FAZENDA JENIPAPO;A939;F;;;;
BOA ESPERANÇA;A94;F;;;;
FAZENDA JENIPAPO;A940;F;;;;
FAZENDA JENIPAPO;A941;F;;;;
FAZENDA JENIPAPO;A946;F;;;;
FAZENDA JENIPAPO;A948;F;;;;
FAZENDA COROATÁ;A949;F;;;;
BOA ESPERANÇA;A95;F;;;;
FAZENDA JENIPAPO;A950;F;;;;
FAZENDA JENIPAPO;A952;F;;;;
FAZENDA JENIPAPO;A955;F;;;;
FAZENDA JENIPAPO;A957;F;;;;
BOA ESPERANÇA;A96;F;;;;
FAZENDA JENIPAPO;A961;F;;;;
FAZENDA JENIPAPO;A963;F;;;;
FAZENDA JENIPAPO;A965;F;;;;
FAZENDA JENIPAPO;A966;F;;;;
FAZENDA COROATÁ;A968;F;;;;
BOA ESPERANÇA;A97;F;;;;
FAZENDA JENIPAPO;A970;F;;;;
FAZENDA JENIPAPO;A971;F;;;;
FAZENDA COROATÁ;A972;F;;;;
FAZENDA JENIPAPO;A973;F;;;;
IMPERATRIZ (ALUGUEL);A974;F;;;;
FAZENDA COROATÁ;A978;F;;;;
FAZENDA JENIPAPO;A979;F;;;;
BOA ESPERANÇA;A98;F;;;;
FAZENDA JENIPAPO;A983;F;;;;
FAZENDA JENIPAPO;A984;F;;;;
FAZENDA JENIPAPO;A988;F;;;;
BOA ESPERANÇA;A99;F;;;;
FAZENDA JENIPAPO;A991;F;;;;
FAZENDA JENIPAPO;A992;F;;;;
FAZENDA JENIPAPO;A994;F;;;;
FAZENDA JENIPAPO;A995;F;;;;
FAZENDA JENIPAPO;A997;F;;;;
PROSPERIDADE II;ACAC 6509;F;;;;
PROSPERIDADE II;ACAC 6891;F;;;;
PROSPERIDADE II;AFOM 2293;F;;;;
PROSPERIDADE II;AFOM 3430;F;;;;
PROSPERIDADE II;AFOM 3473;F;;;;
PROSPERIDADE II;ARR D3853;F;;;;
PROSPERIDADE II;ARR D9554;F;;;;
PROSPERIDADE II;ARR E903;F;;;;
TROPA;ASN300;F;;;;
TROPA;ASN303;F;;;;
TROPA;ASN304;F;;;;
TROPA;ASN305;F;;;;
TROPA;ASN308;M;;;;
TROPA;ASN309;F;;;;
TROPA;ASN310;F;;;;
TROPA;ASN45;M;;;;
TROPA;ASN69;M;;;;
TROPA;ASN809;M;;;;
PROSPERIDADE II;ATG 3146;F;;;;
MARIA DE JESUS;B1;F;;;;
MARIA DE JESUS;B10;F;;;;
BOA ESPERANÇA;B101;F;;;;
BOA ESPERANÇA;B102;F;;;;
IMPERIAL II;B103;M;;;;
BOA ESPERANÇA;B104;F;;;;
IMPERIAL II;B105;M;;;;
IMPERIAL II;B106;M;;;;
BOA ESPERANÇA;B107;F;;;;
BOA ESPERANÇA;B108;F;;;;
FAZENDA COROATÁ;B11;F;;;;
IMPERIAL II;B110;M;;;;
IMPERIAL II;B112;M;;;;
BOA ESPERANÇA;B113;F;;;;
IMPERIAL II;B114;M;;;;
BOA ESPERANÇA;B115;F;;;;
IMPERIAL II;B116;M;;;;
BOA ESPERANÇA;B117;F;;;;
BOA ESPERANÇA;B118;F;;;;
MARIA DE JESUS;B12;F;;;;
IMPERIAL II;B121;M;;;;
BOA ESPERANÇA;B122;F;;;;
BOA ESPERANÇA;B123;F;;;;
IMPERIAL II;B124;M;;;;
BOA ESPERANÇA;B125;F;;;;
IMPERIAL II;B126;M;;;;
BOA ESPERANÇA;B127;M;;;;
IMPERIAL II;B128;M;;;;
BOA ESPERANÇA;B129;F;;;;
MARIA DE JESUS;B13;F;;;;
BOA ESPERANÇA;B131;F;;;;
IMPERIAL II;B132;M;;;;
IMPERIAL II;B133;M;;;;
IMPERIAL II;B134;M;;;;
IMPERIAL II;B135;M;;;;
IMPERIAL II;B136;M;;;;
IMPERIAL II;B137;M;;;;
IMPERIAL II;B138;M;;;;
IMPERIAL II;B139;M;;;;
MARIA DE JESUS;B14;F;;;;
IMPERIAL II;B140;M;;;;
FAZENDA JENIPAPO;B141;F;;;;
IMPERIAL II;B142;M;;;;
FAZENDA JENIPAPO;B143;F;;;;
BOA ESPERANÇA;B144;F;;;;
IMPERIAL II;B145;M;;;;
BOA ESPERANÇA;B146;M;;;;
IMPERIAL II;B147;M;;;;
IMPERIAL II;B148;M;;;;
IMPERIAL II;B149;M;;;;
MARIA DE JESUS;B15;F;;;;
IMPERIAL II;B151;M;;;;
BOA ESPERANÇA;B152;F;;;;
BOA ESPERANÇA;B153;F;;;;
BOA ESPERANÇA;B154;F;;;;
IMPERIAL II;B155;M;;;;
BOA ESPERANÇA;B156;F;;;;
BOA ESPERANÇA;B158;F;;;;
IMPERIAL I;B16;F;;;;
BOA ESPERANÇA;B160;F;;;;
IMPERIAL II;B161;F;;;;
IMPERIAL II;B162;M;;;;
IMPERIAL II;B163;M;;;;
BOA ESPERANÇA;B164;F;;;;
BOA ESPERANÇA;B165;F;;;;
BOA ESPERANÇA;B166;F;;;;
BOA ESPERANÇA;B167;F;;;;
MARIA DE JESUS;B17;F;;;;
BOA ESPERANÇA;B170;F;;;;
IMPERIAL I;B173;F;;;;
IMPERIAL I;B174;F;;;;
IMPERIAL I;B175;F;;;;
IMPERIAL I;B176;F;;;;
IMPERIAL I;B177;F;;;;
IMPERIAL I;B178;F;;;;
IMPERIAL I;B179;F;;;;
BARRACÃO;B18;F;;;;
IMPERIAL I;B180;F;;;;
IMPERIAL I;B181;F;;;;
IMPERIAL I;B182;F;;;;
IMPERIAL I;B183;F;;;;
IMPERIAL I;B184;F;;;;
IMPERIAL I;B185;F;;;;
IMPERIAL I;B186;F;;;;
IMPERIAL I;B187;F;;;;
IMPERIAL I;B188;F;;;;
IMPERIAL I;B189;F;;;;
MARIA DE JESUS;B19;F;;;;
IMPERIAL I;B190;F;;;;
IMPERIAL I;B191;F;;;;
IMPERIAL I;B192;F;;;;
IMPERIAL I;B193;F;;;;
IMPERIAL I;B194;F;;;;
IMPERIAL I;B195;F;;;;
IMPERIAL I;B196;F;;;;
IMPERIAL I;B197;F;;;;
IMPERIAL I;B198;F;;;;
IMPERIAL I;B199;F;;;;
BARRACÃO;B2;F;;;;
BARRACÃO;B20;F;;;;
IMPERIAL I;B200;F;;;;
IMPERIAL I;B201;F;;;;
IMPERIAL I;B202;F;;;;
IMPERIAL II;B203;F;;;;
IMPERIAL I;B204;F;;;;
IMPERIAL I;B205;F;;;;
IMPERIAL I;B206;F;;;;
IMPERIAL I;B207;F;;;;
IMPERIAL I;B208;F;;;;
IMPERIAL I;B209;F;;;;
IMPERATRIZ (ALUGUEL);B21;F;;;;
IMPERIAL I;B210;F;;;;
IMPERIAL I;B211;F;;;;
IMPERIAL I;B212;F;;;;
IMPERIAL I;B213;F;;;;
IMPERIAL I;B214;F;;;;
IMPERIAL I;B215;F;;;;
IMPERIAL I;B216;F;;;;
IMPERIAL I;B217;F;;;;
IMPERIAL I;B218;F;;;;
IMPERIAL I;B219;F;;;;
IMPERIAL I;B220;F;;;;
IMPERIAL I;B221;F;;;;
IMPERIAL I;B222;F;;;;
IMPERIAL I;B223;F;;;;
IMPERIAL I;B224;F;;;;
IMPERIAL I;B225;F;;;;
IMPERIAL I;B226;F;;;;
IMPERIAL I;B227;F;;;;
IMPERIAL I;B228;F;;;;
IMPERIAL I;B229;F;;;;
FAZENDA COROATÁ;B23;F;;;;
IMPERIAL I;B230;F;;;;
IMPERIAL I;B231;F;;;;
IMPERIAL I;B232;F;;;;
IMPERIAL I;B233;F;;;;
IMPERIAL I;B234;F;;;;
IMPERIAL I;B235;F;;;;
IMPERIAL I;B236;F;;;;
IMPERIAL I;B237;F;;;;
IMPERIAL I;B238;F;;;;
IMPERIAL I;B239;F;;;;
IMPERATRIZ (ALUGUEL);B24;F;;;;
IMPERIAL I;B240;F;;;;
IMPERIAL I;B241;F;;;;
IMPERIAL I;B242;F;;;;
IMPERIAL I;B243;F;;;;
IMPERIAL I;B244;F;;;;
IMPERIAL I;B245;F;;;;
IMPERIAL I;B246;F;;;;
IMPERIAL I;B247;F;;;;
IMPERIAL I;B248;F;;;;
IMPERIAL I;B249;F;;;;
IMPERIAL I;B250;F;;;;
IMPERIAL I;B251;F;;;;
IMPERIAL I;B252;F;;;;
IMPERIAL I;B253;F;;;;
IMPERIAL I;B254;F;;;;
IMPERIAL I;B255;F;;;;
IMPERIAL I;B256;F;;;;
IMPERIAL I;B257;F;;;;
IMPERIAL I;B258;F;;;;
IMPERIAL I;B259;F;;;;
PROSPERIDADE II;B26;M;;;;
IMPERIAL I;B260;F;;;;
IMPERIAL I;B261;F;;;;
IMPERIAL I;B262;F;;;;
IMPERIAL I;B263;F;;;;
IMPERIAL I;B264;F;;;;
IMPERIAL I;B265;F;;;;
IMPERIAL I;B266;F;;;;
IMPERIAL I;B267;F;;;;
IMPERIAL I;B268;F;;;;
IMPERIAL I;B269;F;;;;
IMPERATRIZ (ALUGUEL);B27;F;;;;
IMPERIAL I;B270;F;;;;
IMPERIAL I;B271;F;;;;
IMPERIAL I;B272;F;;;;
PROSPERIDADE II;B273;F;;;;
IMPERIAL I;B274;F;;;;
IMPERIAL I;B275;F;;;;
IMPERIAL I;B276;F;;;;
IMPERIAL I;B277;F;;;;
IMPERIAL I;B278;F;;;;
IMPERIAL I;B279;F;;;;
PROSPERIDADE II;B28;F;;;;
IMPERIAL I;B280;F;;;;
IMPERIAL I;B281;F;;;;
IMPERIAL I;B282;F;;;;
IMPERIAL I;B283;F;;;;
IMPERIAL I;B284;F;;;;
IMPERIAL I;B285;F;;;;
IMPERIAL I;B286;F;;;;
PROSPERIDADE II;B287;F;;;;
IMPERIAL I;B288;F;;;;
IMPERIAL I;B289;F;;;;
IMPERATRIZ (ALUGUEL);B29;F;;;;
IMPERIAL I;B290;F;;;;
IMPERIAL I;B291;F;;;;
PROSPERIDADE II;B292;F;;;;
IMPERIAL I;B293;F;;;;
IMPERIAL I;B294;F;;;;
IMPERIAL I;B295;F;;;;
IMPERIAL I;B296;F;;;;
IMPERIAL I;B297;F;;;;
IMPERIAL I;B298;F;;;;
IMPERIAL I;B299;F;;;;
MARIA DE JESUS;B3;F;;;;
MARIA DE JESUS;B30;M;;;;
IMPERIAL I;B300;F;;;;
IMPERIAL I;B301;F;;;;
IMPERIAL I;B302;F;;;;
IMPERIAL I;B303;F;;;;
IMPERIAL I;B304;F;;;;
IMPERIAL I;B305;F;;;;
IMPERIAL I;B306;F;;;;
PROSPERIDADE II;B307;F;;;;
IMPERIAL I;B308;F;;;;
IMPERIAL I;B309;F;;;;
MARIA DE JESUS;B31;F;;;;
IMPERIAL I;B310;F;;;;
IMPERIAL I;B311;F;;;;
IMPERIAL I;B312;F;;;;
IMPERIAL I;B313;F;;;;
BARRACÃO;B315;F;;;;
IMPERATRIZ (ALUGUEL);B316;F;;;;
BARRACÃO;B317;F;;;;
IMPERIAL I;B318;M;;;;
MARIA DE JESUS;B32;F;;;;
IMPERATRIZ (ALUGUEL);B321;F;;;;
IMPERIAL I;B323;F;;;;
IMPERATRIZ (ALUGUEL);B325;F;;;;
BARRACÃO;B326;F;;;;
IMPERATRIZ (ALUGUEL);B327;F;;;;
IMPERATRIZ (ALUGUEL);B328;F;;;;
IMPERIAL I;B329;F;;;;
PROSPERIDADE II;B33;M;;;;
PROSPERIDADE II;B330;M;;;;
IMPERATRIZ (ALUGUEL);B331;F;;;;
BARRACÃO;B332;F;;;;
IMPERATRIZ (ALUGUEL);B334;F;;;;
PROSPERIDADE II;B335;F;;;;
IMPERATRIZ (ALUGUEL);B337;F;;;;
IMPERATRIZ (ALUGUEL);B338;F;;;;
PROSPERIDADE II;B34;F;;;;
FAZENDA COROATÁ;B341;F;;;;
PROSPERIDADE II;B343;M;;;;
BARRACÃO;B344;F;;;;
IMPERIAL II;B349;M;;;;
MARIA DE JESUS;B35;F;;;;
IMPERIAL I;B350;M;;;;
BARRACÃO;B351;F;;;;
FAZENDA COROATÁ;B354;F;;;;
IMPERATRIZ (ALUGUEL);B356;F;;;;
PROSPERIDADE II;B358;F;;;;
IMPERATRIZ (ALUGUEL);B359;F;;;;
FAZENDA JENIPAPO;B36;F;;;;
BARRACÃO;B360;M;;;;
PROSPERIDADE II;B363;M;;;;
FAZENDA COROATÁ;B365;F;;;;
IMPERATRIZ (ALUGUEL);B366;F;;;;
IMPERIAL I;B367;M;;;;
BARRACÃO;B368;F;;;;
BARRACÃO;B369;F;;;;
FAZENDA COROATÁ;B37;F;;;;
FAZENDA COROATÁ;B370;F;;;;
PROSPERIDADE II;B377;F;;;;
IMPERATRIZ (ALUGUEL);B378;F;;;;
IMPERATRIZ (ALUGUEL);B379;F;;;;
IMPERIAL I;B380;F;;;;
BARRACÃO;B381;M;;;;
IMPERIAL I;B382;M;;;;
BARRACÃO;B383;F;;;;
IMPERIAL I;B385;F;;;;
IMPERATRIZ (ALUGUEL);B387;F;;;;
BARRACÃO;B388;F;;;;
IMPERATRIZ (ALUGUEL);B390;F;;;;
IMPERATRIZ (ALUGUEL);B391;F;;;;
FAZENDA COROATÁ;B392;F;;;;
BARRACÃO;B396;M;;;;
IMPERATRIZ (ALUGUEL);B397;F;;;;
FAZENDA COROATÁ;B398;F;;;;
BARRACÃO;B399;F;;;;
FAZENDA COROATÁ;B40;F;;;;
IMPERATRIZ (ALUGUEL);B401;F;;;;
IMPERATRIZ (ALUGUEL);B405;F;;;;
BARRACÃO;B406;F;;;;
BARRACÃO;B407;F;;;;
BARRACÃO;B409;F;;;;
BARRACÃO;B411;F;;;;
IMPERIAL I;B413;M;;;;
IMPERATRIZ (ALUGUEL);B415;F;;;;
IMPERATRIZ (ALUGUEL);B416;F;;;;
IMPERATRIZ (ALUGUEL);B418;F;;;;
IMPERIAL I;B419;F;;;;
FAZENDA COROATÁ;B42;F;;;;
IMPERATRIZ (ALUGUEL);B420;F;;;;
FAZENDA COROATÁ;B423;F;;;;
IMPERATRIZ (ALUGUEL);B424;F;;;;
BARRACÃO;B425;F;;;;
IMPERATRIZ (ALUGUEL);B427;F;;;;
IMPERATRIZ (ALUGUEL);B428;F;;;;
FAZENDA COROATÁ;B43;F;;;;
FAZENDA COROATÁ;B430;F;;;;
FAZENDA COROATÁ;B431;F;;;;
IMPERATRIZ (ALUGUEL);B432;F;;;;
IMPERIAL I;B433;F;;;;
IMPERIAL I;B434;M;;;;
BARRACÃO;B438;F;;;;
FAZENDA COROATÁ;B439;F;;;;
IMPERIAL I;B44;M;;;;
IMPERATRIZ (ALUGUEL);B440;F;;;;
BARRACÃO;B441;F;;;;
IMPERATRIZ (ALUGUEL);B442;F;;;;
IMPERATRIZ (ALUGUEL);B443;F;;;;
IMPERATRIZ (ALUGUEL);B447;F;;;;
IMPERIAL I;B448;M;;;;
PROSPERIDADE II;B45;M;;;;
IMPERIAL I;B450;M;;;;
FAZENDA JENIPAPO;B451;F;;;;
FAZENDA JENIPAPO;B452;F;;;;
FAZENDA COROATÁ;B453;F;;;;
FAZENDA COROATÁ;B454;F;;;;
FAZENDA COROATÁ;B455;F;;;;
FAZENDA COROATÁ;B456;F;;;;
IMPERATRIZ (ALUGUEL);B457;F;;;;
FAZENDA COROATÁ;B458;F;;;;
FAZENDA COROATÁ;B459;F;;;;
FAZENDA COROATÁ;B460;F;;;;
FAZENDA COROATÁ;B461;F;;;;
FAZENDA COROATÁ;B462;F;;;;
FAZENDA JENIPAPO;B463;F;;;;
FAZENDA COROATÁ;B464;F;;;;
FAZENDA COROATÁ;B465;F;;;;
FAZENDA COROATÁ;B466;F;;;;
FAZENDA COROATÁ;B467;F;;;;
FAZENDA COROATÁ;B468;F;;;;
FAZENDA COROATÁ;B469;F;;;;
FAZENDA COROATÁ;B47;F;;;;
FAZENDA COROATÁ;B470;F;;;;
FAZENDA COROATÁ;B471;F;;;;
FAZENDA COROATÁ;B472;F;;;;
FAZENDA JENIPAPO;B473;F;;;;
FAZENDA COROATÁ;B474;F;;;;
FAZENDA COROATÁ;B475;F;;;;
FAZENDA COROATÁ;B476;F;;;;
FAZENDA COROATÁ;B477;F;;;;
FAZENDA COROATÁ;B478;F;;;;
FAZENDA COROATÁ;B479;F;;;;
FAZENDA COROATÁ;B48;F;;;;
IMPERATRIZ (ALUGUEL);B480;F;;;;
FAZENDA COROATÁ;B481;F;;;;
FAZENDA COROATÁ;B482;F;;;;
FAZENDA COROATÁ;B483;F;;;;
FAZENDA COROATÁ;B484;F;;;;
FAZENDA COROATÁ;B485;F;;;;
FAZENDA COROATÁ;B486;F;;;;
FAZENDA COROATÁ;B487;F;;;;
FAZENDA JENIPAPO;B488;F;;;;
FAZENDA COROATÁ;B489;F;;;;
FAZENDA COROATÁ;B490;F;;;;
FAZENDA COROATÁ;B492;F;;;;
FAZENDA COROATÁ;B493;F;;;;
FAZENDA COROATÁ;B494;F;;;;
FAZENDA COROATÁ;B495;F;;;;
FAZENDA COROATÁ;B496;F;;;;
FAZENDA COROATÁ;B497;F;;;;
FAZENDA COROATÁ;B498;F;;;;
FAZENDA COROATÁ;B499;F;;;;
BARRACÃO;B5;F;;;;
FAZENDA COROATÁ;B50;F;;;;
FAZENDA COROATÁ;B500;F;;;;
FAZENDA COROATÁ;B501;F;;;;
FAZENDA COROATÁ;B502;F;;;;
FAZENDA COROATÁ;B503;F;;;;
FAZENDA COROATÁ;B504;F;;;;
FAZENDA COROATÁ;B505;F;;;;
FAZENDA COROATÁ;B506;F;;;;
FAZENDA COROATÁ;B507;F;;;;
FAZENDA COROATÁ;B508;F;;;;
FAZENDA COROATÁ;B509;F;;;;
FAZENDA COROATÁ;B510;F;;;;
FAZENDA COROATÁ;B511;F;;;;
FAZENDA COROATÁ;B512;F;;;;
FAZENDA COROATÁ;B513;F;;;;
FAZENDA COROATÁ;B514;F;;;;
BOA ESPERANÇA III;B515;F;;;;
FAZENDA COROATÁ;B516;F;;;;
FAZENDA COROATÁ;B517;F;;;;
FAZENDA COROATÁ;B518;F;;;;
FAZENDA JENIPAPO;B519;F;;;;
PROSPERIDADE II;B52;M;;;;
FAZENDA COROATÁ;B520;F;;;;
IMPERATRIZ (ALUGUEL);B521;F;;;;
FAZENDA COROATÁ;B522;F;;;;
FAZENDA JENIPAPO;B523;F;;;;
FAZENDA JENIPAPO;B524;F;;;;
FAZENDA COROATÁ;B525;F;;;;
FAZENDA COROATÁ;B526;F;;;;
FAZENDA COROATÁ;B527;F;;;;
FAZENDA COROATÁ;B528;F;;;;
FAZENDA COROATÁ;B529;F;;;;
FAZENDA JENIPAPO;B530;F;;;;
FAZENDA COROATÁ;B531;F;;;;
FAZENDA COROATÁ;B532;F;;;;
FAZENDA COROATÁ;B533;F;;;;
FAZENDA JENIPAPO;B534;F;;;;
FAZENDA COROATÁ;B535;F;;;;
FAZENDA COROATÁ;B536;F;;;;
FAZENDA JENIPAPO;B537;F;;;;
FAZENDA JENIPAPO;B538;F;;;;
FAZENDA COROATÁ;B539;F;;;;
FAZENDA COROATÁ;B54;F;;;;
FAZENDA COROATÁ;B540;F;;;;
FAZENDA COROATÁ;B541;F;;;;
FAZENDA COROATÁ;B542;F;;;;
FAZENDA COROATÁ;B543;F;;;;
FAZENDA COROATÁ;B544;F;;;;
FAZENDA JENIPAPO;B545;F;;;;
FAZENDA COROATÁ;B546;F;;;;
FAZENDA COROATÁ;B547;F;;;;
IMPERATRIZ (ALUGUEL);B548;F;;;;
FAZENDA COROATÁ;B549;F;;;;
FAZENDA COROATÁ;B55;F;;;;
FAZENDA COROATÁ;B550;F;;;;
FAZENDA COROATÁ;B551;F;;;;
FAZENDA COROATÁ;B552;F;;;;
FAZENDA COROATÁ;B553;F;;;;
FAZENDA JENIPAPO;B554;F;;;;
FAZENDA COROATÁ;B555;F;;;;
FAZENDA COROATÁ;B556;F;;;;
FAZENDA COROATÁ;B557;F;;;;
FAZENDA COROATÁ;B558;F;;;;
FAZENDA COROATÁ;B559;F;;;;
PROSPERIDADE II;B56;M;;;;
MARIA DE JESUS;B560;F;;;;
PROSPERIDADE II;B561;F;;;;
IMPERIAL II;B562;M;;;;
FAZENDA COROATÁ;B563;F;;;;
PROSPERIDADE II;B564;M;;;;
FAZENDA COROATÁ;B565;F;;;;
MARIA DE JESUS;B566;M;;;;
FAZENDA COROATÁ;B567;F;;;;
PROSPERIDADE II;B568;M;;;;
PROSPERIDADE II;B569;M;;;;
IMPERIAL II;B57;M;;;;
IMPERIAL II;B570;M;;;;
PROSPERIDADE II;B571;M;;;;
FAZENDA COROATÁ;B572;F;;;;
FAZENDA COROATÁ;B573;F;;;;
PROSPERIDADE II;B574;M;;;;
FAZENDA COROATÁ;B576;F;;;;
FAZENDA COROATÁ;B577;F;;;;
FAZENDA COROATÁ;B60;F;;;;
FAZENDA COROATÁ;B61;F;;;;
PROSPERIDADE II;B627;F;;;;
MARIA DE JESUS;B628;M;;;;
MARIA DE JESUS;B629;M;;;;
FAZENDA COROATÁ;B63;F;;;;
MARIA DE JESUS;B630;M;;;;
FAZENDA COROATÁ;B631;F;;;;
MARIA DE JESUS;B632;M;;;;
PROSPERIDADE II;B633;F;;;;
MARIA DE JESUS;B634;F;;;;
PROSPERIDADE II;B635;M;;;;
MARIA DE JESUS;B636;F;;;;
PROSPERIDADE II;B637;F;;;;
FAZENDA COROATÁ;B64;F;;;;
PROSPERIDADE II;B640;M;;;;
PROSPERIDADE II;B641;F;;;;
PROSPERIDADE II;B642;M;;;;
IMPERIAL I;B644;M;;;;
PROSPERIDADE II;B645;M;;;;
PROSPERIDADE II;B646;F;;;;
PROSPERIDADE II;B647;F;;;;
IMPERIAL I;B648;F;;;;
IMPERIAL I;B649;F;;;;
IMPERIAL II;B65;F;;;;
IMPERIAL I;B650;F;;;;
PROSPERIDADE II;B651;M;;;;
PROSPERIDADE II;B652;M;;;;
PROSPERIDADE II;B653;F;;;;
IMPERIAL I;B654;F;;;;
PROSPERIDADE II;B655;F;;;;
PROSPERIDADE II;B656;F;;;;
PROSPERIDADE II;B657;M;;;;
IMPERATRIZ (ALUGUEL);B658;F;;;;
IMPERATRIZ (ALUGUEL);B659;F;;;;
IMPERIAL I;B66;F;;;;
IMPERATRIZ (ALUGUEL);B660;F;;;;
IMPERATRIZ (ALUGUEL);B661;F;;;;
IMPERATRIZ (ALUGUEL);B662;F;;;;
IMPERATRIZ (ALUGUEL);B663;F;;;;
IMPERATRIZ (ALUGUEL);B664;F;;;;
IMPERATRIZ (ALUGUEL);B665;F;;;;
IMPERATRIZ (ALUGUEL);B666;F;;;;
IMPERATRIZ (ALUGUEL);B667;F;;;;
IMPERATRIZ (ALUGUEL);B668;F;;;;
BARRACÃO;B669;F;;;;
BARRACÃO;B670;F;;;;
IMPERATRIZ (ALUGUEL);B671;F;;;;
IMPERATRIZ (ALUGUEL);B672;F;;;;
IMPERATRIZ (ALUGUEL);B673;F;;;;
IMPERATRIZ (ALUGUEL);B674;F;;;;
IMPERATRIZ (ALUGUEL);B675;F;;;;
IMPERATRIZ (ALUGUEL);B676;F;;;;
BARRACÃO;B677;F;;;;
BARRACÃO;B678;F;;;;
IMPERATRIZ (ALUGUEL);B679;F;;;;
IMPERIAL I;B68;M;;;;
FAZENDA COROATÁ;B680;F;;;;
BARRACÃO;B681;F;;;;
IMPERATRIZ (ALUGUEL);B682;F;;;;
IMPERATRIZ (ALUGUEL);B683;F;;;;
IMPERATRIZ (ALUGUEL);B684;F;;;;
BARRACÃO;B685;F;;;;
IMPERIAL II;B686;F;;;;
IMPERATRIZ (ALUGUEL);B687;F;;;;
FAZENDA COROATÁ;B688;F;;;;
IMPERATRIZ (ALUGUEL);B689;F;;;;
FAZENDA COROATÁ;B69;F;;;;
IMPERATRIZ (ALUGUEL);B690;F;;;;
IMPERATRIZ (ALUGUEL);B691;F;;;;
BARRACÃO;B692;F;;;;
IMPERATRIZ (ALUGUEL);B693;F;;;;
IMPERATRIZ (ALUGUEL);B694;F;;;;
IMPERATRIZ (ALUGUEL);B695;F;;;;
IMPERATRIZ (ALUGUEL);B696;F;;;;
IMPERATRIZ (ALUGUEL);B697;F;;;;
IMPERATRIZ (ALUGUEL);B698;F;;;;
IMPERATRIZ (ALUGUEL);B699;F;;;;
MARIA DE JESUS;B7;F;;;;
FAZENDA COROATÁ;B70;F;;;;
IMPERATRIZ (ALUGUEL);B700;F;;;;
IMPERATRIZ (ALUGUEL);B701;F;;;;
IMPERATRIZ (ALUGUEL);B702;F;;;;
IMPERATRIZ (ALUGUEL);B703;F;;;;
IMPERATRIZ (ALUGUEL);B704;F;;;;
IMPERATRIZ (ALUGUEL);B705;F;;;;
IMPERATRIZ (ALUGUEL);B706;F;;;;
BARRACÃO;B707;F;;;;
IMPERATRIZ (ALUGUEL);B708;F;;;;
BARRACÃO;B709;F;;;;
IMPERIAL I;B71;F;;;;
IMPERATRIZ (ALUGUEL);B710;F;;;;
IMPERATRIZ (ALUGUEL);B711;F;;;;
FAZENDA COROATÁ;B712;F;;;;
BARRACÃO;B713;F;;;;
IMPERATRIZ (ALUGUEL);B714;F;;;;
IMPERATRIZ (ALUGUEL);B715;F;;;;
IMPERATRIZ (ALUGUEL);B716;F;;;;
IMPERATRIZ (ALUGUEL);B717;F;;;;
IMPERATRIZ (ALUGUEL);B718;F;;;;
BARRACÃO;B719;F;;;;
IMPERIAL I;B72;F;;;;
IMPERATRIZ (ALUGUEL);B720;F;;;;
BARRACÃO;B721;F;;;;
IMPERATRIZ (ALUGUEL);B722;F;;;;
IMPERATRIZ (ALUGUEL);B723;F;;;;
IMPERATRIZ (ALUGUEL);B724;F;;;;
IMPERATRIZ (ALUGUEL);B725;F;;;;
FAZENDA COROATÁ;B726;F;;;;
IMPERATRIZ (ALUGUEL);B727;F;;;;
IMPERATRIZ (ALUGUEL);B728;F;;;;
IMPERATRIZ (ALUGUEL);B729;F;;;;
IMPERATRIZ (ALUGUEL);B730;F;;;;
IMPERATRIZ (ALUGUEL);B731;F;;;;
IMPERATRIZ (ALUGUEL);B732;F;;;;
IMPERATRIZ (ALUGUEL);B733;F;;;;
IMPERATRIZ (ALUGUEL);B734;F;;;;
IMPERATRIZ (ALUGUEL);B735;F;;;;
IMPERATRIZ (ALUGUEL);B736;F;;;;
IMPERATRIZ (ALUGUEL);B737;F;;;;
IMPERATRIZ (ALUGUEL);B738;F;;;;
IMPERATRIZ (ALUGUEL);B739;F;;;;
FAZENDA COROATÁ;B74;F;;;;
IMPERATRIZ (ALUGUEL);B740;F;;;;
IMPERATRIZ (ALUGUEL);B741;F;;;;
IMPERATRIZ (ALUGUEL);B742;F;;;;
IMPERATRIZ (ALUGUEL);B743;F;;;;
IMPERATRIZ (ALUGUEL);B744;F;;;;
IMPERATRIZ (ALUGUEL);B745;F;;;;
IMPERATRIZ (ALUGUEL);B746;F;;;;
IMPERATRIZ (ALUGUEL);B747;F;;;;
IMPERATRIZ (ALUGUEL);B748;F;;;;
IMPERATRIZ (ALUGUEL);B749;F;;;;
IMPERATRIZ (ALUGUEL);B750;F;;;;
IMPERATRIZ (ALUGUEL);B751;F;;;;
FAZENDA COROATÁ;B752;F;;;;
IMPERATRIZ (ALUGUEL);B753;F;;;;
IMPERATRIZ (ALUGUEL);B754;F;;;;
IMPERATRIZ (ALUGUEL);B755;F;;;;
IMPERATRIZ (ALUGUEL);B756;F;;;;
BARRACÃO;B757;F;;;;
BARRACÃO;B758;F;;;;
IMPERATRIZ (ALUGUEL);B759;F;;;;
PROSPERIDADE II;B76;F;;;;
IMPERATRIZ (ALUGUEL);B760;F;;;;
IMPERATRIZ (ALUGUEL);B761;F;;;;
BARRACÃO;B762;F;;;;
IMPERATRIZ (ALUGUEL);B763;F;;;;
IMPERATRIZ (ALUGUEL);B764;F;;;;
IMPERATRIZ (ALUGUEL);B765;F;;;;
BARRACÃO;B766;F;;;;
IMPERATRIZ (ALUGUEL);B767;F;;;;
FAZENDA COROATÁ;B768;F;;;;
IMPERATRIZ (ALUGUEL);B769;F;;;;
FAZENDA COROATÁ;B77;F;;;;
IMPERATRIZ (ALUGUEL);B770;F;;;;
IMPERATRIZ (ALUGUEL);B771;F;;;;
IMPERATRIZ (ALUGUEL);B772;F;;;;
IMPERATRIZ (ALUGUEL);B773;F;;;;
IMPERATRIZ (ALUGUEL);B774;F;;;;
IMPERATRIZ (ALUGUEL);B775;F;;;;
FAZENDA COROATÁ;B776;F;;;;
IMPERATRIZ (ALUGUEL);B777;F;;;;
FAZENDA COROATÁ;B778;F;;;;
IMPERIAL II;B779;F;;;;
IMPERIAL I;B78;M;;;;
IMPERIAL II;B780;F;;;;
IMPERIAL II;B781;F;;;;
IMPERIAL II;B782;F;;;;
IMPERIAL II;B783;F;;;;
IMPERIAL II;B784;F;;;;
IMPERIAL II;B785;F;;;;
IMPERIAL II;B786;F;;;;
IMPERIAL II;B787;F;;;;
IMPERIAL II;B788;F;;;;
IMPERIAL II;B789;F;;;;
FAZENDA COROATÁ;B79;F;;;;
IMPERIAL II;B790;F;;;;
IMPERIAL II;B791;F;;;;
IMPERIAL II;B792;F;;;;
IMPERIAL II;B793;F;;;;
IMPERIAL II;B794;F;;;;
IMPERIAL II;B795;F;;;;
IMPERIAL II;B796;F;;;;
IMPERIAL II;B797;F;;;;
IMPERIAL II;B798;F;;;;
IMPERIAL II;B799;F;;;;
MARIA DE JESUS;B8;F;;;;
IMPERIAL II;B800;F;;;;
IMPERIAL II;B801;F;;;;
IMPERIAL II;B802;F;;;;
IMPERIAL II;B803;F;;;;
IMPERIAL II;B804;F;;;;
IMPERIAL II;B805;F;;;;
IMPERIAL II;B806;F;;;;
IMPERIAL II;B807;F;;;;
IMPERIAL II;B808;F;;;;
IMPERIAL II;B809;F;;;;
FAZENDA COROATÁ;B81;F;;;;
IMPERIAL II;B810;F;;;;
IMPERIAL II;B811;F;;;;
IMPERIAL II;B812;F;;;;
IMPERIAL II;B813;F;;;;
IMPERIAL II;B814;F;;;;
IMPERIAL II;B815;F;;;;
IMPERIAL II;B816;F;;;;
IMPERIAL II;B817;F;;;;
IMPERIAL II;B818;F;;;;
IMPERIAL II;B819;F;;;;
FAZENDA COROATÁ;B82;F;;;;
IMPERIAL II;B820;F;;;;
IMPERIAL II;B821;F;;;;
IMPERIAL II;B822;F;;;;
IMPERIAL II;B823;F;;;;
IMPERIAL II;B824;F;;;;
IMPERIAL II;B825;F;;;;
IMPERIAL II;B826;F;;;;
IMPERIAL II;B827;F;;;;
IMPERIAL II;B828;F;;;;
IMPERIAL II;B829;F;;;;
IMPERIAL I;B83;M;;;;
IMPERIAL II;B830;F;;;;
IMPERIAL II;B831;F;;;;
IMPERIAL II;B832;F;;;;
IMPERIAL II;B833;F;;;;
IMPERIAL II;B834;F;;;;
IMPERIAL II;B835;F;;;;
IMPERIAL II;B836;F;;;;
IMPERIAL II;B837;F;;;;
IMPERIAL II;B838;F;;;;
IMPERIAL II;B839;F;;;;
FAZENDA COROATÁ;B84;F;;;;
IMPERIAL II;B840;F;;;;
IMPERIAL II;B841;F;;;;
IMPERIAL II;B842;F;;;;
IMPERIAL II;B843;F;;;;
IMPERIAL II;B844;F;;;;
IMPERIAL II;B845;F;;;;
IMPERIAL II;B846;F;;;;
IMPERIAL II;B847;F;;;;
IMPERIAL II;B848;F;;;;
IMPERIAL II;B849;F;;;;
FAZENDA COROATÁ;B85;F;;;;
IMPERIAL II;B850;F;;;;
IMPERIAL II;B851;F;;;;
IMPERIAL II;B852;F;;;;
IMPERIAL II;B853;F;;;;
IMPERIAL II;B854;F;;;;
IMPERIAL II;B855;F;;;;
IMPERIAL II;B856;F;;;;
IMPERIAL II;B857;F;;;;
IMPERIAL II;B858;F;;;;
IMPERIAL II;B859;F;;;;
FAZENDA COROATÁ;B86;F;;;;
IMPERIAL II;B860;F;;;;
IMPERIAL II;B861;F;;;;
IMPERIAL II;B862;F;;;;
IMPERIAL II;B863;F;;;;
IMPERIAL II;B864;F;;;;
IMPERIAL II;B865;F;;;;
IMPERIAL II;B866;F;;;;
IMPERIAL II;B867;F;;;;
IMPERIAL II;B868;F;;;;
IMPERIAL II;B869;F;;;;
IMPERIAL I;B87;F;;;;
IMPERIAL II;B870;F;;;;
IMPERIAL II;B871;F;;;;
IMPERIAL II;B872;F;;;;
IMPERIAL II;B873;F;;;;
IMPERIAL II;B874;F;;;;
IMPERIAL II;B875;F;;;;
IMPERIAL II;B876;F;;;;
IMPERIAL II;B877;F;;;;
IMPERIAL II;B878;F;;;;
FAZENDA COROATÁ;B879;F;;;;
FAZENDA COROATÁ;B88;F;;;;
FAZENDA COROATÁ;B880;F;;;;
IMPERATRIZ (ALUGUEL);B881;F;;;;
FAZENDA COROATÁ;B882;F;;;;
IMPERATRIZ (ALUGUEL);B883;F;;;;
BARRACÃO;B884;F;;;;
IMPERATRIZ (ALUGUEL);B885;F;;;;
IMPERATRIZ (ALUGUEL);B886;F;;;;
FAZENDA COROATÁ;B887;F;;;;
FAZENDA COROATÁ;B888;F;;;;
IMPERATRIZ (ALUGUEL);B889;F;;;;
FAZENDA COROATÁ;B89;F;;;;
FAZENDA COROATÁ;B890;F;;;;
FAZENDA COROATÁ;B891;F;;;;
FAZENDA COROATÁ;B892;F;;;;
FAZENDA COROATÁ;B893;F;;;;
IMPERATRIZ (ALUGUEL);B894;F;;;;
FAZENDA COROATÁ;B895;F;;;;
IMPERATRIZ (ALUGUEL);B896;F;;;;
FAZENDA COROATÁ;B897;F;;;;
FAZENDA COROATÁ;B898;F;;;;
IMPERATRIZ (ALUGUEL);B899;F;;;;
FAZENDA COROATÁ;B9;F;;;;
FAZENDA COROATÁ;B900;F;;;;
IMPERATRIZ (ALUGUEL);B901;F;;;;
FAZENDA COROATÁ;B902;F;;;;
IMPERATRIZ (ALUGUEL);B903;F;;;;
IMPERATRIZ (ALUGUEL);B904;F;;;;
IMPERATRIZ (ALUGUEL);B905;F;;;;
FAZENDA COROATÁ;B906;F;;;;
IMPERATRIZ (ALUGUEL);B907;F;;;;
BARRACÃO;B908;F;;;;
FAZENDA COROATÁ;B909;F;;;;
FAZENDA COROATÁ;B91;F;;;;
IMPERATRIZ (ALUGUEL);B910;F;;;;
IMPERATRIZ (ALUGUEL);B911;F;;;;
FAZENDA COROATÁ;B912;F;;;;
FAZENDA COROATÁ;B913;F;;;;
FAZENDA COROATÁ;B914;F;;;;
FAZENDA COROATÁ;B915;F;;;;
FAZENDA COROATÁ;B916;F;;;;
FAZENDA COROATÁ;B917;F;;;;
IMPERATRIZ (ALUGUEL);B918;F;;;;
IMPERATRIZ (ALUGUEL);B919;F;;;;
PROSPERIDADE II;B92;F;;;;
IMPERATRIZ (ALUGUEL);B920;F;;;;
FAZENDA COROATÁ;B921;F;;;;
FAZENDA COROATÁ;B922;F;;;;
FAZENDA COROATÁ;B923;F;;;;
IMPERATRIZ (ALUGUEL);B924;F;;;;
FAZENDA COROATÁ;B925;F;;;;
FAZENDA COROATÁ;B926;F;;;;
IMPERATRIZ (ALUGUEL);B927;F;;;;
IMPERATRIZ (ALUGUEL);B928;F;;;;
FAZENDA COROATÁ;B929;F;;;;
PROSPERIDADE II;B93;M;;;;
FAZENDA COROATÁ;B930;F;;;;
FAZENDA COROATÁ;B931;F;;;;
FAZENDA COROATÁ;B932;F;;;;
FAZENDA COROATÁ;B933;F;;;;
FAZENDA COROATÁ;B934;F;;;;
FAZENDA COROATÁ;B935;F;;;;
FAZENDA COROATÁ;B936;F;;;;
FAZENDA COROATÁ;B937;F;;;;
FAZENDA COROATÁ;B938;F;;;;
FAZENDA COROATÁ;B939;F;;;;
FAZENDA COROATÁ;B940;F;;;;
BARRACÃO;B941;F;;;;
BARRACÃO;B942;F;;;;
IMPERATRIZ (ALUGUEL);B943;F;;;;
IMPERATRIZ (ALUGUEL);B944;F;;;;
FAZENDA COROATÁ;B945;F;;;;
FAZENDA COROATÁ;B946;F;;;;
FAZENDA COROATÁ;B948;F;;;;
FAZENDA COROATÁ;B949;F;;;;
FAZENDA COROATÁ;B95;F;;;;
FAZENDA COROATÁ;B950;F;;;;
FAZENDA COROATÁ;B951;F;;;;
IMPERATRIZ (ALUGUEL);B952;F;;;;
IMPERATRIZ (ALUGUEL);B953;F;;;;
IMPERATRIZ (ALUGUEL);B954;F;;;;
FAZENDA COROATÁ;B955;F;;;;
FAZENDA COROATÁ;B956;F;;;;
FAZENDA COROATÁ;B957;F;;;;
FAZENDA COROATÁ;B958;F;;;;
FAZENDA COROATÁ;B959;F;;;;
FAZENDA COROATÁ;B96;F;;;;
FAZENDA COROATÁ;B960;F;;;;
FAZENDA COROATÁ;B961;F;;;;
FAZENDA COROATÁ;B962;F;;;;
IMPERATRIZ (ALUGUEL);B963;F;;;;
IMPERATRIZ (ALUGUEL);B964;F;;;;
IMPERATRIZ (ALUGUEL);B965;F;;;;
IMPERATRIZ (ALUGUEL);B966;F;;;;
FAZENDA COROATÁ;B967;F;;;;
IMPERATRIZ (ALUGUEL);B968;F;;;;
FAZENDA COROATÁ;B969;F;;;;
BOA ESPERANÇA;B97;F;;;;
FAZENDA COROATÁ;B970;F;;;;
IMPERATRIZ (ALUGUEL);B971;F;;;;
IMPERATRIZ (ALUGUEL);B972;F;;;;
FAZENDA COROATÁ;B973;F;;;;
FAZENDA COROATÁ;B974;F;;;;
FAZENDA COROATÁ;B975;F;;;;
FAZENDA COROATÁ;B976;F;;;;
FAZENDA COROATÁ;B977;F;;;;
IMPERATRIZ (ALUGUEL);B978;F;;;;
FAZENDA COROATÁ;B979;F;;;;
IMPERIAL II;B98;M;;;;
FAZENDA COROATÁ;B980;F;;;;
FAZENDA COROATÁ;B981;F;;;;
FAZENDA COROATÁ;B982;F;;;;
FAZENDA COROATÁ;B983;F;;;;
IMPERATRIZ (ALUGUEL);B984;F;;;;
FAZENDA COROATÁ;B985;F;;;;
BARRACÃO;B986;F;;;;
IMPERATRIZ (ALUGUEL);B987;F;;;;
FAZENDA COROATÁ;B988;F;;;;
FAZENDA COROATÁ;B989;F;;;;
BOA ESPERANÇA;B99;F;;;;
IMPERATRIZ (ALUGUEL);B990;F;;;;
BARRACÃO;B991;F;;;;
BARRACÃO;B992;F;;;;
FAZENDA COROATÁ;B993;F;;;;
IMPERATRIZ (ALUGUEL);B994;F;;;;
FAZENDA COROATÁ;B995;F;;;;
FAZENDA COROATÁ;B996;F;;;;
FAZENDA COROATÁ;B997;F;;;;
IMPERATRIZ (ALUGUEL);B998;F;;;;
FAZENDA COROATÁ;B999;F;;;;
SANTA INES (LEITE);BASA 2531;F;;;;
MARIA DE JESUS;BASA 2561;F;;;;
SANTA INES (LEITE);BASA 2709;F;;;;
SANTA INES (LEITE);BASA 2742;F;;;;
MARIA DE JESUS;BASA 2746;F;;;;
SANTA INES (LEITE);BASA 2771;F;;;;
SANTA INES (LEITE);BASA 2849;F;;;;
SANTA INES (LEITE);BASA 2877;F;;;;
MARIA DE JESUS;BASA 2917;F;;;;
MARIA DE JESUS;BASA 2920;F;;;;
MARIA DE JESUS;BASA 3135;F;;;;
MARIA DE JESUS;BASA 3351;M;;;;
MARIA DE JESUS;BBBH 196;F;;;;
PROSPERIDADE II;BRMG 1703;F;;;;
MARIA DE JESUS;BUF12970;F;;;;
MARIA DE JESUS;BUF12978;F;;;;
MARIA DE JESUS;BUF12979;F;;;;
MARIA DE JESUS;BUF12980;F;;;;
MARIA DE JESUS;BUF12981;F;;;;
MARIA DE JESUS;BUF12982;F;;;;
MARIA DE JESUS;BUF12983;F;;;;
MARIA DE JESUS;BUF12984;F;;;;
MARIA DE JESUS;BUF12985;F;;;;
MARIA DE JESUS;BUF12986;F;;;;
MARIA DE JESUS;BUF12988;F;;;;
MARIA DE JESUS;BUF12989;M;;;;
MARIA DE JESUS;BUF14139;M;;;;
MARIA DE JESUS;BUF14424;M;;;;
MARIA DE JESUS;BUTI 124;F;;;;
IMPERATRIZ (ALUGUEL);C1;F;;;;
FAZENDA COROATÁ;C10;F;;;;
FAZENDA COROATÁ;C100;F;;;;
IMPERATRIZ (ALUGUEL);C101;F;;;;
FAZENDA COROATÁ;C102;F;;;;
FAZENDA COROATÁ;C103;F;;;;
FAZENDA COROATÁ;C104;F;;;;
FAZENDA COROATÁ;C105;F;;;;
FAZENDA COROATÁ;C106;F;;;;
IMPERATRIZ (ALUGUEL);C107;F;;;;
IMPERATRIZ (ALUGUEL);C108;F;;;;
FAZENDA COROATÁ;C109;F;;;;
BARRACÃO;C11;F;;;;
FAZENDA COROATÁ;C110;F;;;;
FAZENDA COROATÁ;C111;F;;;;
FAZENDA COROATÁ;C112;F;;;;
IMPERATRIZ (ALUGUEL);C113;F;;;;
IMPERATRIZ (ALUGUEL);C114;F;;;;
FAZENDA COROATÁ;C115;F;;;;
IMPERATRIZ (ALUGUEL);C116;F;;;;
IMPERATRIZ (ALUGUEL);C117;F;;;;
IMPERATRIZ (ALUGUEL);C118;F;;;;
FAZENDA COROATÁ;C119;F;;;;
FAZENDA COROATÁ;C12;F;;;;
FAZENDA COROATÁ;C120;F;;;;
IMPERATRIZ (ALUGUEL);C121;F;;;;
FAZENDA COROATÁ;C122;F;;;;
IMPERATRIZ (ALUGUEL);C123;F;;;;
BARRACÃO;C124;F;;;;
FAZENDA COROATÁ;C125;F;;;;
IMPERATRIZ (ALUGUEL);C126;F;;;;
FAZENDA COROATÁ;C127;F;;;;
IMPERATRIZ (ALUGUEL);C128;F;;;;
IMPERATRIZ (ALUGUEL);C129;F;;;;
FAZENDA COROATÁ;C13;F;;;;
FAZENDA COROATÁ;C130;F;;;;
BARRACÃO;C131;F;;;;
FAZENDA COROATÁ;C132;F;;;;
FAZENDA COROATÁ;C133;F;;;;
IMPERATRIZ (ALUGUEL);C134;F;;;;
IMPERIAL II;C135;F;;;;
IMPERIAL II;C136;F;;;;
IMPERIAL II;C137;F;;;;
IMPERIAL II;C138;F;;;;
IMPERIAL II;C139;F;;;;
IMPERATRIZ (ALUGUEL);C14;F;;;;
IMPERIAL II;C140;F;;;;
IMPERIAL II;C141;F;;;;
IMPERIAL II;C142;F;;;;
IMPERIAL II;C143;F;;;;
IMPERIAL II;C144;F;;;;
IMPERIAL II;C145;F;;;;
IMPERIAL II;C146;F;;;;
IMPERIAL II;C147;F;;;;
IMPERIAL II;C148;F;;;;
IMPERIAL II;C149;F;;;;
FAZENDA COROATÁ;C15;F;;;;
IMPERIAL II;C150;F;;;;
IMPERIAL II;C151;F;;;;
IMPERIAL II;C152;F;;;;
IMPERIAL II;C153;F;;;;
IMPERIAL II;C154;F;;;;
IMPERATRIZ (ALUGUEL);C155;F;;;;
INACIO - ALUGUEL DE PASTO;C156;F;;;;
INACIO - ALUGUEL DE PASTO;C157;F;;;;
INACIO - ALUGUEL DE PASTO;C158;F;;;;
INACIO - ALUGUEL DE PASTO;C159;F;;;;
FAZENDA COROATÁ;C16;F;;;;
INACIO - ALUGUEL DE PASTO;C160;F;;;;
INACIO - ALUGUEL DE PASTO;C161;F;;;;
INACIO - ALUGUEL DE PASTO;C162;F;;;;
INACIO - ALUGUEL DE PASTO;C163;F;;;;
INACIO - ALUGUEL DE PASTO;C164;F;;;;
INACIO - ALUGUEL DE PASTO;C165;F;;;;
INACIO - ALUGUEL DE PASTO;C166;F;;;;
INACIO - ALUGUEL DE PASTO;C167;F;;;;
INACIO - ALUGUEL DE PASTO;C168;F;;;;
INACIO - ALUGUEL DE PASTO;C169;F;;;;
FAZENDA COROATÁ;C17;F;;;;
INACIO - ALUGUEL DE PASTO;C170;F;;;;
INACIO - ALUGUEL DE PASTO;C171;F;;;;
INACIO - ALUGUEL DE PASTO;C172;F;;;;
INACIO - ALUGUEL DE PASTO;C173;F;;;;
INACIO - ALUGUEL DE PASTO;C174;F;;;;
INACIO - ALUGUEL DE PASTO;C175;F;;;;
INACIO - ALUGUEL DE PASTO;C176;F;;;;
INACIO - ALUGUEL DE PASTO;C177;F;;;;
INACIO - ALUGUEL DE PASTO;C178;F;;;;
INACIO - ALUGUEL DE PASTO;C179;F;;;;
FAZENDA COROATÁ;C18;F;;;;
INACIO - ALUGUEL DE PASTO;C180;F;;;;
INACIO - ALUGUEL DE PASTO;C181;F;;;;
INACIO - ALUGUEL DE PASTO;C182;F;;;;
INACIO - ALUGUEL DE PASTO;C183;F;;;;
INACIO - ALUGUEL DE PASTO;C184;F;;;;
INACIO - ALUGUEL DE PASTO;C185;F;;;;
INACIO - ALUGUEL DE PASTO;C186;F;;;;
INACIO - ALUGUEL DE PASTO;C187;F;;;;
INACIO - ALUGUEL DE PASTO;C188;F;;;;
INACIO - ALUGUEL DE PASTO;C189;F;;;;
IMPERATRIZ (ALUGUEL);C19;F;;;;
INACIO - ALUGUEL DE PASTO;C190;F;;;;
INACIO - ALUGUEL DE PASTO;C191;F;;;;
INACIO - ALUGUEL DE PASTO;C192;F;;;;
INACIO - ALUGUEL DE PASTO;C193;F;;;;
INACIO - ALUGUEL DE PASTO;C194;F;;;;
INACIO - ALUGUEL DE PASTO;C195;F;;;;
INACIO - ALUGUEL DE PASTO;C196;F;;;;
INACIO - ALUGUEL DE PASTO;C197;F;;;;
INACIO - ALUGUEL DE PASTO;C198;F;;;;
INACIO - ALUGUEL DE PASTO;C199;F;;;;
FAZENDA COROATÁ;C2;F;;;;
FAZENDA COROATÁ;C20;F;;;;
INACIO - ALUGUEL DE PASTO;C200;F;;;;
INACIO - ALUGUEL DE PASTO;C201;F;;;;
INACIO - ALUGUEL DE PASTO;C202;F;;;;
INACIO - ALUGUEL DE PASTO;C203;F;;;;
INACIO - ALUGUEL DE PASTO;C204;F;;;;
INACIO - ALUGUEL DE PASTO;C205;F;;;;
INACIO - ALUGUEL DE PASTO;C206;F;;;;
INACIO - ALUGUEL DE PASTO;C207;F;;;;
INACIO - ALUGUEL DE PASTO;C208;F;;;;
INACIO - ALUGUEL DE PASTO;C209;F;;;;
IMPERATRIZ (ALUGUEL);C21;F;;;;
INACIO - ALUGUEL DE PASTO;C210;F;;;;
INACIO - ALUGUEL DE PASTO;C211;F;;;;
INACIO - ALUGUEL DE PASTO;C212;F;;;;
INACIO - ALUGUEL DE PASTO;C213;F;;;;
INACIO - ALUGUEL DE PASTO;C214;F;;;;
INACIO - ALUGUEL DE PASTO;C215;F;;;;
INACIO - ALUGUEL DE PASTO;C216;F;;;;
INACIO - ALUGUEL DE PASTO;C217;F;;;;
INACIO - ALUGUEL DE PASTO;C218;F;;;;
INACIO - ALUGUEL DE PASTO;C219;F;;;;
IMPERATRIZ (ALUGUEL);C22;F;;;;
INACIO - ALUGUEL DE PASTO;C220;F;;;;
INACIO - ALUGUEL DE PASTO;C221;F;;;;
INACIO - ALUGUEL DE PASTO;C222;F;;;;
INACIO - ALUGUEL DE PASTO;C223;F;;;;
INACIO - ALUGUEL DE PASTO;C224;F;;;;
INACIO - ALUGUEL DE PASTO;C225;F;;;;
INACIO - ALUGUEL DE PASTO;C226;F;;;;
INACIO - ALUGUEL DE PASTO;C227;F;;;;
INACIO - ALUGUEL DE PASTO;C228;F;;;;
INACIO - ALUGUEL DE PASTO;C229;F;;;;
FAZENDA COROATÁ;C23;F;;;;
INACIO - ALUGUEL DE PASTO;C230;F;;;;
INACIO - ALUGUEL DE PASTO;C231;F;;;;
INACIO - ALUGUEL DE PASTO;C232;F;;;;
INACIO - ALUGUEL DE PASTO;C233;F;;;;
INACIO - ALUGUEL DE PASTO;C234;F;;;;
INACIO - ALUGUEL DE PASTO;C235;F;;;;
INACIO - ALUGUEL DE PASTO;C236;F;;;;
INACIO - ALUGUEL DE PASTO;C237;F;;;;
INACIO - ALUGUEL DE PASTO;C238;F;;;;
INACIO - ALUGUEL DE PASTO;C239;F;;;;
IMPERATRIZ (ALUGUEL);C24;F;;;;
INACIO - ALUGUEL DE PASTO;C241;F;;;;
INACIO - ALUGUEL DE PASTO;C242;F;;;;
INACIO - ALUGUEL DE PASTO;C243;F;;;;
INACIO - ALUGUEL DE PASTO;C244;F;;;;
INACIO - ALUGUEL DE PASTO;C245;F;;;;
INACIO - ALUGUEL DE PASTO;C246;F;;;;
INACIO - ALUGUEL DE PASTO;C247;F;;;;
INACIO - ALUGUEL DE PASTO;C248;F;;;;
INACIO - ALUGUEL DE PASTO;C249;F;;;;
BARRACÃO;C25;F;;;;
INACIO - ALUGUEL DE PASTO;C250;F;;;;
INACIO - ALUGUEL DE PASTO;C251;F;;;;
INACIO - ALUGUEL DE PASTO;C252;F;;;;
INACIO - ALUGUEL DE PASTO;C253;F;;;;
INACIO - ALUGUEL DE PASTO;C254;F;;;;
INACIO - ALUGUEL DE PASTO;C255;F;;;;
INACIO - ALUGUEL DE PASTO;C256;F;;;;
INACIO - ALUGUEL DE PASTO;C257;F;;;;
INACIO - ALUGUEL DE PASTO;C258;F;;;;
INACIO - ALUGUEL DE PASTO;C259;F;;;;
IMPERATRIZ (ALUGUEL);C26;F;;;;
INACIO - ALUGUEL DE PASTO;C260;F;;;;
INACIO - ALUGUEL DE PASTO;C261;F;;;;
INACIO - ALUGUEL DE PASTO;C262;F;;;;
INACIO - ALUGUEL DE PASTO;C263;F;;;;
INACIO - ALUGUEL DE PASTO;C264;F;;;;
INACIO - ALUGUEL DE PASTO;C265;F;;;;
INACIO - ALUGUEL DE PASTO;C266;F;;;;
INACIO - ALUGUEL DE PASTO;C267;F;;;;
INACIO - ALUGUEL DE PASTO;C268;F;;;;
INACIO - ALUGUEL DE PASTO;C269;F;;;;
BARRACÃO;C27;F;;;;
INACIO - ALUGUEL DE PASTO;C270;F;;;;
INACIO - ALUGUEL DE PASTO;C271;M;;;;
INACIO - ALUGUEL DE PASTO;C272;M;;;;
INACIO - ALUGUEL DE PASTO;C273;F;;;;
INACIO - ALUGUEL DE PASTO;C274;F;;;;
INACIO - ALUGUEL DE PASTO;C275;M;;;;
INACIO - ALUGUEL DE PASTO;C276;F;;;;
INACIO - ALUGUEL DE PASTO;C277;M;;;;
INACIO - ALUGUEL DE PASTO;C278;F;;;;
INACIO - ALUGUEL DE PASTO;C279;F;;;;
IMPERATRIZ (ALUGUEL);C28;F;;;;
INACIO - ALUGUEL DE PASTO;C281;M;;;;
INACIO - ALUGUEL DE PASTO;C282;M;;;;
INACIO - ALUGUEL DE PASTO;C283;M;;;;
INACIO - ALUGUEL DE PASTO;C284;F;;;;
INACIO - ALUGUEL DE PASTO;C285;F;;;;
INACIO - ALUGUEL DE PASTO;C286;F;;;;
INACIO - ALUGUEL DE PASTO;C287;M;;;;
INACIO - ALUGUEL DE PASTO;C288;F;;;;
INACIO - ALUGUEL DE PASTO;C289;M;;;;
FAZENDA COROATÁ;C29;F;;;;
INACIO - ALUGUEL DE PASTO;C290;F;;;;
INACIO - ALUGUEL DE PASTO;C291;F;;;;
INACIO - ALUGUEL DE PASTO;C292;M;;;;
INACIO - ALUGUEL DE PASTO;C293;M;;;;
INACIO - ALUGUEL DE PASTO;C294;M;;;;
INACIO - ALUGUEL DE PASTO;C295;F;;;;
INACIO - ALUGUEL DE PASTO;C296;F;;;;
INACIO - ALUGUEL DE PASTO;C297;F;;;;
INACIO - ALUGUEL DE PASTO;C298;F;;;;
INACIO - ALUGUEL DE PASTO;C299;F;;;;
FAZENDA COROATÁ;C3;F;;;;
IMPERATRIZ (ALUGUEL);C30;F;;;;
INACIO - ALUGUEL DE PASTO;C301;F;;;;
INACIO - ALUGUEL DE PASTO;C302;M;;;;
INACIO - ALUGUEL DE PASTO;C303;F;;;;
INACIO - ALUGUEL DE PASTO;C305;M;;;;
INACIO - ALUGUEL DE PASTO;C306;M;;;;
INACIO - ALUGUEL DE PASTO;C307;F;;;;
INACIO - ALUGUEL DE PASTO;C308;M;;;;
INACIO - ALUGUEL DE PASTO;C309;M;;;;
FAZENDA COROATÁ;C31;F;;;;
INACIO - ALUGUEL DE PASTO;C310;F;;;;
INACIO - ALUGUEL DE PASTO;C311;F;;;;
INACIO - ALUGUEL DE PASTO;C312;M;;;;
INACIO - ALUGUEL DE PASTO;C313;M;;;;
INACIO - ALUGUEL DE PASTO;C314;F;;;;
INACIO - ALUGUEL DE PASTO;C315;M;;;;
INACIO - ALUGUEL DE PASTO;C316;M;;;;
INACIO - ALUGUEL DE PASTO;C317;F;;;;
INACIO - ALUGUEL DE PASTO;C318;F;;;;
INACIO - ALUGUEL DE PASTO;C319;M;;;;
FAZENDA COROATÁ;C32;F;;;;
INACIO - ALUGUEL DE PASTO;C320;M;;;;
INACIO - ALUGUEL DE PASTO;C321;F;;;;
INACIO - ALUGUEL DE PASTO;C322;F;;;;
BARRACÃO;C323;F;;;;
IMPERATRIZ (ALUGUEL);C324;F;;;;
FAZENDA COROATÁ;C325;F;;;;
IMPERATRIZ (ALUGUEL);C326;F;;;;
BARRACÃO;C327;F;;;;
FAZENDA COROATÁ;C328;F;;;;
IMPERATRIZ (ALUGUEL);C329;F;;;;
FAZENDA COROATÁ;C33;F;;;;
IMPERATRIZ (ALUGUEL);C330;F;;;;
FAZENDA COROATÁ;C331;F;;;;
FAZENDA COROATÁ;C332;F;;;;
FAZENDA COROATÁ;C333;F;;;;
IMPERATRIZ (ALUGUEL);C334;F;;;;
FAZENDA COROATÁ;C335;F;;;;
IMPERATRIZ (ALUGUEL);C336;F;;;;
IMPERATRIZ (ALUGUEL);C337;F;;;;
IMPERATRIZ (ALUGUEL);C338;F;;;;
IMPERATRIZ (ALUGUEL);C339;F;;;;
FAZENDA COROATÁ;C34;F;;;;
FAZENDA COROATÁ;C340;F;;;;
IMPERATRIZ (ALUGUEL);C341;F;;;;
IMPERATRIZ (ALUGUEL);C342;F;;;;
IMPERATRIZ (ALUGUEL);C343;F;;;;
FAZENDA COROATÁ;C344;F;;;;
IMPERATRIZ (ALUGUEL);C345;F;;;;
FAZENDA COROATÁ;C346;F;;;;
IMPERATRIZ (ALUGUEL);C347;F;;;;
IMPERATRIZ (ALUGUEL);C348;F;;;;
IMPERATRIZ (ALUGUEL);C349;F;;;;
BARRACÃO;C35;F;;;;
BARRACÃO;C350;F;;;;
FAZENDA COROATÁ;C351;F;;;;
BARRACÃO;C352;F;;;;
INACIO - ALUGUEL DE PASTO;C353;F;;;;
INACIO - ALUGUEL DE PASTO;C354;F;;;;
INACIO - ALUGUEL DE PASTO;C355;F;;;;
INACIO - ALUGUEL DE PASTO;C356;F;;;;
INACIO - ALUGUEL DE PASTO;C357;F;;;;
INACIO - ALUGUEL DE PASTO;C358;F;;;;
INACIO - ALUGUEL DE PASTO;C359;F;;;;
BARRACÃO;C36;F;;;;
INACIO - ALUGUEL DE PASTO;C360;F;;;;
INACIO - ALUGUEL DE PASTO;C361;F;;;;
INACIO - ALUGUEL DE PASTO;C362;F;;;;
INACIO - ALUGUEL DE PASTO;C363;F;;;;
INACIO - ALUGUEL DE PASTO;C364;F;;;;
INACIO - ALUGUEL DE PASTO;C365;F;;;;
INACIO - ALUGUEL DE PASTO;C366;F;;;;
INACIO - ALUGUEL DE PASTO;C367;F;;;;
INACIO - ALUGUEL DE PASTO;C368;F;;;;
INACIO - ALUGUEL DE PASTO;C369;F;;;;
FAZENDA COROATÁ;C37;F;;;;
INACIO - ALUGUEL DE PASTO;C370;F;;;;
INACIO - ALUGUEL DE PASTO;C371;F;;;;
INACIO - ALUGUEL DE PASTO;C372;F;;;;
INACIO - ALUGUEL DE PASTO;C373;F;;;;
INACIO - ALUGUEL DE PASTO;C374;F;;;;
INACIO - ALUGUEL DE PASTO;C375;F;;;;
INACIO - ALUGUEL DE PASTO;C376;F;;;;
INACIO - ALUGUEL DE PASTO;C377;F;;;;
INACIO - ALUGUEL DE PASTO;C378;F;;;;
INACIO - ALUGUEL DE PASTO;C379;F;;;;
FAZENDA COROATÁ;C38;F;;;;
INACIO - ALUGUEL DE PASTO;C380;F;;;;
INACIO - ALUGUEL DE PASTO;C381;F;;;;
BARRACÃO;C382;F;;;;
BARRACÃO;C383;F;;;;
BARRACÃO;C384;F;;;;
BARRACÃO;C385;F;;;;
BARRACÃO;C386;F;;;;
BARRACÃO;C387;F;;;;
BARRACÃO;C388;F;;;;
IMPERATRIZ (ALUGUEL);C389;F;;;;
BARRACÃO;C39;F;;;;
IMPERATRIZ (ALUGUEL);C390;F;;;;
BARRACÃO;C391;F;;;;
FAZENDA COROATÁ;C392;F;;;;
BARRACÃO;C393;F;;;;
IMPERATRIZ (ALUGUEL);C394;F;;;;
BARRACÃO;C395;F;;;;
IMPERATRIZ (ALUGUEL);C396;F;;;;
BARRACÃO;C397;F;;;;
IMPERATRIZ (ALUGUEL);C398;F;;;;
BARRACÃO;C399;F;;;;
FAZENDA COROATÁ;C4;F;;;;
IMPERATRIZ (ALUGUEL);C40;F;;;;
FAZENDA COROATÁ;C400;F;;;;
IMPERATRIZ (ALUGUEL);C401;F;;;;
FAZENDA COROATÁ;C402;F;;;;
FAZENDA COROATÁ;C403;F;;;;
IMPERATRIZ (ALUGUEL);C404;F;;;;
IMPERATRIZ (ALUGUEL);C405;F;;;;
BARRACÃO;C406;F;;;;
BARRACÃO;C407;F;;;;
IMPERATRIZ (ALUGUEL);C408;F;;;;
IMPERATRIZ (ALUGUEL);C409;F;;;;
FAZENDA COROATÁ;C41;F;;;;
IMPERATRIZ (ALUGUEL);C410;F;;;;
IMPERATRIZ (ALUGUEL);C411;F;;;;
IMPERATRIZ (ALUGUEL);C412;F;;;;
IMPERATRIZ (ALUGUEL);C413;F;;;;
IMPERATRIZ (ALUGUEL);C414;F;;;;
IMPERATRIZ (ALUGUEL);C415;F;;;;
IMPERATRIZ (ALUGUEL);C416;F;;;;
IMPERATRIZ (ALUGUEL);C417;F;;;;
IMPERATRIZ (ALUGUEL);C418;F;;;;
BARRACÃO;C419;F;;;;
FAZENDA COROATÁ;C42;F;;;;
IMPERATRIZ (ALUGUEL);C420;F;;;;
IMPERATRIZ (ALUGUEL);C421;F;;;;
IMPERATRIZ (ALUGUEL);C422;F;;;;
IMPERATRIZ (ALUGUEL);C423;F;;;;
BARRACÃO;C424;F;;;;
IMPERATRIZ (ALUGUEL);C425;F;;;;
IMPERATRIZ (ALUGUEL);C426;F;;;;
IMPERATRIZ (ALUGUEL);C427;F;;;;
BARRACÃO;C428;F;;;;
IMPERATRIZ (ALUGUEL);C429;F;;;;
FAZENDA COROATÁ;C43;F;;;;
IMPERATRIZ (ALUGUEL);C430;F;;;;
IMPERATRIZ (ALUGUEL);C431;F;;;;
FAZENDA COROATÁ;C432;F;;;;
IMPERATRIZ (ALUGUEL);C433;F;;;;
IMPERATRIZ (ALUGUEL);C434;F;;;;
BARRACÃO;C435;F;;;;
BOA ESPERANÇA;C436;F;;;;
BOA ESPERANÇA;C438;F;;;;
BOA ESPERANÇA;C439;M;;;;
FAZENDA COROATÁ;C44;F;;;;
BOA ESPERANÇA;C440;M;;;;
BOA ESPERANÇA;C441;M;;;;
BOA ESPERANÇA;C442;M;;;;
MARIA DE JESUS;C443;M;;;;
BOA ESPERANÇA;C444;M;;;;
IMPERIAL II;C445;M;;;;
BOA ESPERANÇA;C446;F;;;;
BOA ESPERANÇA;C447;F;;;;
BOA ESPERANÇA;C448;M;;;;
BOA ESPERANÇA;C449;M;;;;
IMPERATRIZ (ALUGUEL);C45;F;;;;
BOA ESPERANÇA;C450;F;;;;
BOA ESPERANÇA;C452;F;;;;
BOA ESPERANÇA;C453;M;;;;
BOA ESPERANÇA;C454;F;;;;
BOA ESPERANÇA;C456;M;;;;
BOA ESPERANÇA;C457;M;;;;
BOA ESPERANÇA;C458;M;;;;
BOA ESPERANÇA;C459;M;;;;
FAZENDA COROATÁ;C46;F;;;;
BOA ESPERANÇA;C460;M;;;;
BOA ESPERANÇA;C461;M;;;;
BOA ESPERANÇA;C462;M;;;;
IMPERIAL II;C463;M;;;;
BOA ESPERANÇA;C464;F;;;;
BOA ESPERANÇA;C465;M;;;;
IMPERIAL II;C467;F;;;;
IMPERIAL II;C468;F;;;;
IMPERIAL II;C469;F;;;;
FAZENDA COROATÁ;C47;F;;;;
IMPERIAL II;C470;F;;;;
IMPERIAL II;C471;F;;;;
IMPERIAL II;C472;F;;;;
IMPERIAL II;C473;F;;;;
IMPERIAL II;C474;F;;;;
IMPERIAL II;C475;F;;;;
IMPERIAL II;C476;F;;;;
IMPERIAL II;C477;F;;;;
IMPERIAL II;C478;F;;;;
IMPERIAL II;C479;F;;;;
FAZENDA COROATÁ;C48;F;;;;
IMPERIAL II;C480;F;;;;
IMPERIAL II;C481;F;;;;
IMPERIAL II;C482;F;;;;
IMPERIAL II;C483;F;;;;
IMPERIAL II;C484;F;;;;
IMPERIAL II;C485;F;;;;
IMPERIAL II;C486;F;;;;
IMPERIAL II;C487;F;;;;
IMPERIAL II;C488;F;;;;
IMPERIAL II;C489;F;;;;
IMPERATRIZ (ALUGUEL);C49;F;;;;
IMPERIAL II;C490;F;;;;
IMPERIAL II;C491;F;;;;
IMPERIAL II;C492;F;;;;
IMPERIAL II;C493;F;;;;
IMPERIAL II;C494;F;;;;
IMPERIAL II;C495;F;;;;
IMPERIAL II;C496;F;;;;
IMPERIAL II;C497;F;;;;
IMPERIAL II;C498;F;;;;
IMPERIAL II;C499;F;;;;
FAZENDA COROATÁ;C5;F;;;;
FAZENDA COROATÁ;C50;F;;;;
IMPERIAL II;C500;F;;;;
IMPERIAL II;C501;F;;;;
IMPERIAL II;C502;F;;;;
IMPERIAL II;C503;F;;;;
IMPERIAL II;C504;F;;;;
IMPERIAL II;C505;F;;;;
IMPERIAL II;C506;F;;;;
IMPERIAL II;C507;F;;;;
IMPERIAL II;C508;F;;;;
IMPERIAL II;C509;F;;;;
FAZENDA COROATÁ;C51;F;;;;
IMPERIAL II;C510;F;;;;
IMPERIAL II;C511;F;;;;
IMPERIAL II;C512;F;;;;
IMPERIAL II;C513;F;;;;
IMPERIAL II;C514;F;;;;
IMPERIAL II;C515;F;;;;
IMPERIAL II;C516;F;;;;
IMPERIAL II;C517;F;;;;
IMPERIAL II;C518;F;;;;
IMPERIAL II;C519;F;;;;
FAZENDA COROATÁ;C52;F;;;;
IMPERIAL II;C520;F;;;;
IMPERIAL II;C521;F;;;;
IMPERIAL II;C522;F;;;;
IMPERIAL II;C523;F;;;;
IMPERIAL II;C524;F;;;;
IMPERIAL II;C525;F;;;;
IMPERIAL II;C526;F;;;;
IMPERIAL II;C527;F;;;;
IMPERIAL II;C528;F;;;;
IMPERIAL II;C529;F;;;;
FAZENDA COROATÁ;C53;F;;;;
IMPERIAL II;C530;F;;;;
IMPERIAL II;C531;F;;;;
IMPERIAL II;C532;F;;;;
IMPERIAL II;C533;F;;;;
IMPERIAL II;C534;F;;;;
IMPERIAL II;C535;F;;;;
IMPERIAL II;C536;F;;;;
IMPERIAL II;C537;F;;;;
IMPERIAL II;C538;F;;;;
IMPERIAL II;C539;F;;;;
BARRACÃO;C54;F;;;;
IMPERIAL II;C540;F;;;;
IMPERIAL II;C541;F;;;;
IMPERIAL II;C542;F;;;;
IMPERIAL II;C543;F;;;;
IMPERIAL II;C544;F;;;;
IMPERIAL II;C545;F;;;;
IMPERIAL II;C546;F;;;;
IMPERIAL II;C547;F;;;;
IMPERIAL II;C548;F;;;;
IMPERIAL II;C549;F;;;;
FAZENDA COROATÁ;C55;F;;;;
IMPERIAL II;C550;F;;;;
IMPERIAL II;C551;F;;;;
IMPERIAL II;C552;F;;;;
IMPERIAL II;C553;F;;;;
IMPERIAL II;C554;F;;;;
IMPERIAL II;C555;F;;;;
IMPERIAL II;C556;F;;;;
IMPERIAL II;C557;F;;;;
IMPERIAL II;C558;F;;;;
IMPERIAL II;C559;F;;;;
FAZENDA COROATÁ;C56;F;;;;
IMPERIAL II;C560;F;;;;
BOA ESPERANÇA III;C561;F;;;;
BOA ESPERANÇA III;C562;F;;;;
BOA ESPERANÇA III;C563;F;;;;
BOA ESPERANÇA III;C564;F;;;;
BOA ESPERANÇA III;C565;F;;;;
BOA ESPERANÇA III;C566;F;;;;
BOA ESPERANÇA III;C567;F;;;;
BOA ESPERANÇA III;C568;F;;;;
BOA ESPERANÇA III;C569;F;;;;
FAZENDA COROATÁ;C57;F;;;;
BOA ESPERANÇA III;C570;F;;;;
BOA ESPERANÇA III;C571;F;;;;
BOA ESPERANÇA III;C572;F;;;;
BOA ESPERANÇA III;C573;F;;;;
BOA ESPERANÇA III;C574;F;;;;
BOA ESPERANÇA III;C575;F;;;;
BOA ESPERANÇA III;C576;F;;;;
BOA ESPERANÇA III;C577;F;;;;
BOA ESPERANÇA III;C578;F;;;;
BOA ESPERANÇA III;C579;F;;;;
IMPERATRIZ (ALUGUEL);C58;F;;;;
BOA ESPERANÇA III;C580;F;;;;
BOA ESPERANÇA III;C581;F;;;;
BOA ESPERANÇA III;C582;F;;;;
BOA ESPERANÇA III;C583;F;;;;
BOA ESPERANÇA III;C584;F;;;;
BOA ESPERANÇA III;C585;F;;;;
BOA ESPERANÇA III;C586;F;;;;
BOA ESPERANÇA III;C587;F;;;;
BOA ESPERANÇA III;C588;F;;;;
BOA ESPERANÇA III;C589;F;;;;
FAZENDA COROATÁ;C59;F;;;;
BOA ESPERANÇA III;C590;F;;;;
BOA ESPERANÇA III;C591;F;;;;
BOA ESPERANÇA III;C592;F;;;;
BOA ESPERANÇA III;C593;F;;;;
BOA ESPERANÇA III;C594;F;;;;
BOA ESPERANÇA III;C595;F;;;;
BOA ESPERANÇA III;C596;F;;;;
BOA ESPERANÇA III;C597;F;;;;
BOA ESPERANÇA III;C598;F;;;;
BOA ESPERANÇA III;C599;F;;;;
IMPERATRIZ (ALUGUEL);C6;F;;;;
IMPERATRIZ (ALUGUEL);C60;F;;;;
BOA ESPERANÇA III;C600;F;;;;
BOA ESPERANÇA III;C601;F;;;;
BOA ESPERANÇA III;C602;F;;;;
BOA ESPERANÇA III;C603;F;;;;
BOA ESPERANÇA III;C604;F;;;;
BOA ESPERANÇA III;C605;F;;;;
BOA ESPERANÇA III;C606;F;;;;
BOA ESPERANÇA III;C607;F;;;;
BOA ESPERANÇA III;C608;F;;;;
BOA ESPERANÇA III;C609;F;;;;
IMPERATRIZ (ALUGUEL);C61;F;;;;
BOA ESPERANÇA III;C610;F;;;;
BOA ESPERANÇA III;C611;F;;;;
BOA ESPERANÇA III;C612;F;;;;
BOA ESPERANÇA III;C613;F;;;;
BOA ESPERANÇA III;C614;F;;;;
BOA ESPERANÇA III;C615;F;;;;
BOA ESPERANÇA III;C616;F;;;;
BOA ESPERANÇA III;C617;F;;;;
BOA ESPERANÇA III;C618;F;;;;
BOA ESPERANÇA III;C619;F;;;;
FAZENDA COROATÁ;C62;F;;;;
BOA ESPERANÇA III;C620;F;;;;
BOA ESPERANÇA III;C621;F;;;;
BOA ESPERANÇA III;C622;F;;;;
BOA ESPERANÇA III;C623;F;;;;
BOA ESPERANÇA III;C624;F;;;;
BOA ESPERANÇA III;C625;F;;;;
BOA ESPERANÇA III;C626;F;;;;
BOA ESPERANÇA III;C627;F;;;;
BOA ESPERANÇA III;C628;F;;;;
BOA ESPERANÇA III;C629;F;;;;
FAZENDA COROATÁ;C63;F;;;;
BOA ESPERANÇA III;C630;F;;;;
BOA ESPERANÇA III;C631;F;;;;
BOA ESPERANÇA III;C632;F;;;;
BOA ESPERANÇA III;C633;F;;;;
BOA ESPERANÇA III;C634;F;;;;
BOA ESPERANÇA III;C635;F;;;;
BOA ESPERANÇA III;C636;F;;;;
BOA ESPERANÇA III;C637;F;;;;
BOA ESPERANÇA III;C638;F;;;;
BOA ESPERANÇA III;C639;F;;;;
IMPERATRIZ (ALUGUEL);C64;F;;;;
BOA ESPERANÇA III;C640;F;;;;
BOA ESPERANÇA III;C641;F;;;;
BOA ESPERANÇA III;C642;F;;;;
BOA ESPERANÇA III;C643;F;;;;
BOA ESPERANÇA III;C644;F;;;;
BOA ESPERANÇA III;C645;F;;;;
BOA ESPERANÇA III;C646;F;;;;
BOA ESPERANÇA III;C647;F;;;;
BOA ESPERANÇA III;C648;F;;;;
BOA ESPERANÇA III;C649;F;;;;
FAZENDA COROATÁ;C65;F;;;;
BOA ESPERANÇA III;C650;F;;;;
BOA ESPERANÇA III;C651;F;;;;
BOA ESPERANÇA III;C652;F;;;;
BOA ESPERANÇA III;C653;F;;;;
BOA ESPERANÇA III;C654;F;;;;
BOA ESPERANÇA III;C655;F;;;;
BOA ESPERANÇA III;C656;F;;;;
BOA ESPERANÇA III;C657;F;;;;
BOA ESPERANÇA III;C658;F;;;;
BOA ESPERANÇA III;C659;F;;;;
FAZENDA COROATÁ;C66;F;;;;
BOA ESPERANÇA III;C660;F;;;;
BOA ESPERANÇA III;C661;F;;;;
BOA ESPERANÇA III;C662;F;;;;
BOA ESPERANÇA III;C663;F;;;;
BOA ESPERANÇA III;C664;F;;;;
BOA ESPERANÇA III;C665;F;;;;
BOA ESPERANÇA III;C666;F;;;;
BOA ESPERANÇA III;C667;F;;;;
BOA ESPERANÇA III;C668;F;;;;
BOA ESPERANÇA III;C669;F;;;;
FAZENDA COROATÁ;C67;F;;;;
BOA ESPERANÇA III;C670;F;;;;
BOA ESPERANÇA III;C671;F;;;;
BOA ESPERANÇA III;C672;F;;;;
BOA ESPERANÇA III;C673;F;;;;
BOA ESPERANÇA III;C674;F;;;;
BOA ESPERANÇA III;C675;F;;;;
BOA ESPERANÇA III;C676;F;;;;
BOA ESPERANÇA III;C677;F;;;;
BOA ESPERANÇA III;C678;F;;;;
BOA ESPERANÇA III;C679;F;;;;
BARRACÃO;C68;F;;;;
BOA ESPERANÇA III;C680;F;;;;
BOA ESPERANÇA III;C681;F;;;;
BOA ESPERANÇA III;C682;F;;;;
BOA ESPERANÇA III;C684;F;;;;
BOA ESPERANÇA III;C685;F;;;;
BOA ESPERANÇA III;C686;F;;;;
BOA ESPERANÇA III;C687;F;;;;
BOA ESPERANÇA III;C688;F;;;;
BOA ESPERANÇA III;C689;F;;;;
FAZENDA COROATÁ;C69;F;;;;
BOA ESPERANÇA III;C690;F;;;;
BOA ESPERANÇA III;C691;F;;;;
BOA ESPERANÇA III;C692;F;;;;
BOA ESPERANÇA III;C693;F;;;;
BOA ESPERANÇA III;C694;F;;;;
BOA ESPERANÇA III;C695;F;;;;
BOA ESPERANÇA III;C696;F;;;;
BOA ESPERANÇA III;C697;F;;;;
BOA ESPERANÇA III;C698;F;;;;
BOA ESPERANÇA III;C699;F;;;;
IMPERATRIZ (ALUGUEL);C7;F;;;;
BARRACÃO;C70;F;;;;
BOA ESPERANÇA III;C700;F;;;;
BOA ESPERANÇA III;C701;F;;;;
BOA ESPERANÇA III;C702;F;;;;
BOA ESPERANÇA III;C703;F;;;;
BOA ESPERANÇA III;C704;F;;;;
BOA ESPERANÇA III;C705;F;;;;
BOA ESPERANÇA III;C706;F;;;;
BOA ESPERANÇA III;C707;F;;;;
BOA ESPERANÇA III;C708;F;;;;
BOA ESPERANÇA III;C709;F;;;;
FAZENDA COROATÁ;C71;F;;;;
BOA ESPERANÇA III;C710;F;;;;
BOA ESPERANÇA III;C711;F;;;;
BOA ESPERANÇA III;C712;F;;;;
BOA ESPERANÇA III;C713;F;;;;
BOA ESPERANÇA III;C714;F;;;;
BOA ESPERANÇA III;C715;F;;;;
IMPERIAL II;C716;F;;;;
BOA ESPERANÇA III;C718;F;;;;
BOA ESPERANÇA III;C719;F;;;;
FAZENDA COROATÁ;C72;F;;;;
BOA ESPERANÇA III;C720;F;;;;
BOA ESPERANÇA III;C721;F;;;;
BOA ESPERANÇA III;C722;F;;;;
BOA ESPERANÇA III;C723;F;;;;
BOA ESPERANÇA III;C724;F;;;;
BOA ESPERANÇA III;C725;F;;;;
BOA ESPERANÇA III;C726;F;;;;
BOA ESPERANÇA III;C727;F;;;;
BOA ESPERANÇA III;C728;F;;;;
BOA ESPERANÇA III;C729;F;;;;
BARRACÃO;C73;F;;;;
BOA ESPERANÇA III;C730;F;;;;
BOA ESPERANÇA III;C731;F;;;;
BOA ESPERANÇA III;C732;F;;;;
BOA ESPERANÇA III;C733;F;;;;
BOA ESPERANÇA III;C734;F;;;;
IMPERIAL II;C735;F;;;;
BOA ESPERANÇA III;C736;F;;;;
IMPERIAL II;C737;F;;;;
BOA ESPERANÇA III;C738;F;;;;
BOA ESPERANÇA III;C739;F;;;;
IMPERATRIZ (ALUGUEL);C74;F;;;;
BOA ESPERANÇA III;C740;F;;;;
BOA ESPERANÇA III;C741;F;;;;
IMPERIAL II;C742;F;;;;
BOA ESPERANÇA III;C743;F;;;;
BOA ESPERANÇA III;C744;F;;;;
BOA ESPERANÇA III;C745;F;;;;
BOA ESPERANÇA III;C746;F;;;;
BOA ESPERANÇA III;C747;F;;;;
BOA ESPERANÇA III;C748;F;;;;
BOA ESPERANÇA III;C749;F;;;;
FAZENDA COROATÁ;C75;F;;;;
IMPERATRIZ (ALUGUEL);C750;F;;;;
FAZENDA COROATÁ;C751;F;;;;
FAZENDA COROATÁ;C752;F;;;;
FAZENDA COROATÁ;C753;F;;;;
IMPERATRIZ (ALUGUEL);C754;F;;;;
BARRACÃO;C755;F;;;;
FAZENDA COROATÁ;C756;F;;;;
FAZENDA COROATÁ;C757;F;;;;
FAZENDA COROATÁ;C758;F;;;;
FAZENDA COROATÁ;C759;F;;;;
FAZENDA COROATÁ;C76;F;;;;
BARRACÃO;C760;F;;;;
IMPERATRIZ (ALUGUEL);C761;F;;;;
FAZENDA COROATÁ;C762;F;;;;
IMPERATRIZ (ALUGUEL);C763;F;;;;
FAZENDA COROATÁ;C764;F;;;;
FAZENDA COROATÁ;C765;F;;;;
IMPERATRIZ (ALUGUEL);C766;F;;;;
IMPERATRIZ (ALUGUEL);C767;F;;;;
FAZENDA COROATÁ;C768;F;;;;
IMPERATRIZ (ALUGUEL);C769;F;;;;
FAZENDA COROATÁ;C77;F;;;;
IMPERATRIZ (ALUGUEL);C770;F;;;;
BARRACÃO;C771;F;;;;
FAZENDA COROATÁ;C772;F;;;;
FAZENDA COROATÁ;C773;F;;;;
FAZENDA COROATÁ;C774;F;;;;
FAZENDA COROATÁ;C775;F;;;;
FAZENDA COROATÁ;C776;F;;;;
IMPERATRIZ (ALUGUEL);C777;F;;;;
IMPERATRIZ (ALUGUEL);C778;F;;;;
IMPERATRIZ (ALUGUEL);C779;F;;;;
BARRACÃO;C78;F;;;;
IMPERATRIZ (ALUGUEL);C780;F;;;;
FAZENDA COROATÁ;C781;F;;;;
IMPERATRIZ (ALUGUEL);C782;F;;;;
IMPERATRIZ (ALUGUEL);C783;F;;;;
IMPERATRIZ (ALUGUEL);C784;F;;;;
IMPERATRIZ (ALUGUEL);C785;F;;;;
IMPERATRIZ (ALUGUEL);C786;F;;;;
BARRACÃO;C787;F;;;;
IMPERATRIZ (ALUGUEL);C788;F;;;;
FAZENDA COROATÁ;C789;F;;;;
IMPERATRIZ (ALUGUEL);C79;F;;;;
FAZENDA COROATÁ;C790;F;;;;
BARRACÃO;C791;F;;;;
IMPERATRIZ (ALUGUEL);C792;F;;;;
IMPERATRIZ (ALUGUEL);C793;F;;;;
FAZENDA COROATÁ;C794;F;;;;
IMPERATRIZ (ALUGUEL);C795;F;;;;
IMPERATRIZ (ALUGUEL);C796;F;;;;
IMPERATRIZ (ALUGUEL);C797;F;;;;
BARRACÃO;C798;F;;;;
FAZENDA COROATÁ;C799;F;;;;
IMPERATRIZ (ALUGUEL);C8;F;;;;
FAZENDA COROATÁ;C80;F;;;;
FAZENDA COROATÁ;C800;F;;;;
FAZENDA COROATÁ;C801;F;;;;
FAZENDA COROATÁ;C802;F;;;;
FAZENDA COROATÁ;C803;F;;;;
FAZENDA COROATÁ;C804;F;;;;
IMPERATRIZ (ALUGUEL);C805;F;;;;
FAZENDA COROATÁ;C806;F;;;;
IMPERATRIZ (ALUGUEL);C807;F;;;;
FAZENDA COROATÁ;C808;F;;;;
IMPERATRIZ (ALUGUEL);C809;F;;;;
FAZENDA COROATÁ;C81;F;;;;
BARRACÃO;C810;F;;;;
FAZENDA COROATÁ;C811;F;;;;
FAZENDA COROATÁ;C812;F;;;;
IMPERATRIZ (ALUGUEL);C813;F;;;;
FAZENDA COROATÁ;C814;F;;;;
IMPERATRIZ (ALUGUEL);C815;F;;;;
IMPERATRIZ (ALUGUEL);C816;F;;;;
FAZENDA COROATÁ;C817;F;;;;
FAZENDA COROATÁ;C818;F;;;;
FAZENDA COROATÁ;C819;F;;;;
FAZENDA COROATÁ;C82;F;;;;
IMPERATRIZ (ALUGUEL);C820;F;;;;
BARRACÃO;C821;F;;;;
BARRACÃO;C822;F;;;;
BARRACÃO;C823;F;;;;
FAZENDA COROATÁ;C824;F;;;;
FAZENDA COROATÁ;C825;F;;;;
BARRACÃO;C826;F;;;;
FAZENDA COROATÁ;C827;F;;;;
IMPERATRIZ (ALUGUEL);C828;F;;;;
IMPERATRIZ (ALUGUEL);C829;F;;;;
FAZENDA COROATÁ;C83;F;;;;
BARRACÃO;C830;F;;;;
FAZENDA COROATÁ;C831;F;;;;
FAZENDA COROATÁ;C832;F;;;;
FAZENDA COROATÁ;C833;F;;;;
IMPERATRIZ (ALUGUEL);C834;F;;;;
IMPERATRIZ (ALUGUEL);C835;F;;;;
IMPERATRIZ (ALUGUEL);C836;F;;;;
FAZENDA COROATÁ;C837;F;;;;
BARRACÃO;C838;F;;;;
BARRACÃO;C839;F;;;;
FAZENDA COROATÁ;C84;F;;;;
FAZENDA COROATÁ;C840;F;;;;
IMPERATRIZ (ALUGUEL);C841;F;;;;
IMPERATRIZ (ALUGUEL);C842;F;;;;
IMPERATRIZ (ALUGUEL);C843;F;;;;
FAZENDA COROATÁ;C844;F;;;;
FAZENDA COROATÁ;C845;F;;;;
IMPERATRIZ (ALUGUEL);C846;F;;;;
IMPERATRIZ (ALUGUEL);C847;F;;;;
IMPERATRIZ (ALUGUEL);C848;F;;;;
IMPERATRIZ (ALUGUEL);C849;F;;;;
FAZENDA COROATÁ;C85;F;;;;
IMPERATRIZ (ALUGUEL);C850;F;;;;
FAZENDA COROATÁ;C851;F;;;;
IMPERATRIZ (ALUGUEL);C852;F;;;;
IMPERATRIZ (ALUGUEL);C853;F;;;;
BARRACÃO;C854;F;;;;
IMPERATRIZ (ALUGUEL);C855;F;;;;
IMPERATRIZ (ALUGUEL);C856;F;;;;
IMPERATRIZ (ALUGUEL);C857;F;;;;
FAZENDA COROATÁ;C858;F;;;;
BARRACÃO;C859;F;;;;
FAZENDA COROATÁ;C86;F;;;;
BARRACÃO;C860;F;;;;
FAZENDA COROATÁ;C861;F;;;;
IMPERATRIZ (ALUGUEL);C862;F;;;;
FAZENDA COROATÁ;C863;F;;;;
FAZENDA COROATÁ;C864;F;;;;
FAZENDA COROATÁ;C865;F;;;;
FAZENDA COROATÁ;C866;F;;;;
IMPERATRIZ (ALUGUEL);C867;F;;;;
IMPERATRIZ (ALUGUEL);C868;F;;;;
BARRACÃO;C869;F;;;;
FAZENDA COROATÁ;C87;F;;;;
FAZENDA COROATÁ;C870;F;;;;
BARRACÃO;C871;F;;;;
FAZENDA COROATÁ;C872;F;;;;
IMPERATRIZ (ALUGUEL);C873;F;;;;
IMPERATRIZ (ALUGUEL);C874;F;;;;
BARRACÃO;C875;F;;;;
IMPERATRIZ (ALUGUEL);C876;F;;;;
FAZENDA COROATÁ;C877;F;;;;
FAZENDA COROATÁ;C879;F;;;;
FAZENDA COROATÁ;C88;F;;;;
BARRACÃO;C880;F;;;;
FAZENDA COROATÁ;C881;F;;;;
FAZENDA COROATÁ;C882;F;;;;
IMPERATRIZ (ALUGUEL);C883;F;;;;
IMPERATRIZ (ALUGUEL);C884;F;;;;
IMPERATRIZ (ALUGUEL);C885;F;;;;
FAZENDA COROATÁ;C886;F;;;;
FAZENDA COROATÁ;C887;F;;;;
FAZENDA COROATÁ;C888;F;;;;
IMPERATRIZ (ALUGUEL);C889;F;;;;
FAZENDA COROATÁ;C89;F;;;;
FAZENDA COROATÁ;C890;F;;;;
IMPERIAL II;C891;F;;;;
IMPERIAL II;C892;F;;;;
IMPERIAL II;C893;F;;;;
IMPERIAL II;C894;F;;;;
IMPERIAL II;C895;F;;;;
IMPERIAL II;C896;F;;;;
IMPERIAL II;C897;F;;;;
IMPERIAL II;C898;F;;;;
IMPERIAL II;C899;F;;;;
BARRACÃO;C9;F;;;;
IMPERATRIZ (ALUGUEL);C90;F;;;;
IMPERIAL II;C900;F;;;;
IMPERIAL II;C901;F;;;;
IMPERIAL II;C902;F;;;;
IMPERIAL II;C903;F;;;;
IMPERIAL II;C904;F;;;;
IMPERIAL II;C905;F;;;;
IMPERIAL II;C906;F;;;;
IMPERIAL II;C907;F;;;;
IMPERIAL II;C908;F;;;;
IMPERIAL II;C909;F;;;;
IMPERATRIZ (ALUGUEL);C91;F;;;;
IMPERIAL II;C910;F;;;;
IMPERIAL II;C911;F;;;;
IMPERIAL II;C912;F;;;;
IMPERIAL II;C913;F;;;;
IMPERIAL II;C914;F;;;;
IMPERIAL II;C915;F;;;;
IMPERIAL II;C916;F;;;;
IMPERIAL II;C917;F;;;;
IMPERIAL II;C918;F;;;;
IMPERIAL II;C919;F;;;;
FAZENDA COROATÁ;C92;F;;;;
IMPERIAL II;C920;F;;;;
IMPERIAL II;C921;F;;;;
IMPERIAL II;C922;F;;;;
IMPERIAL II;C923;F;;;;
IMPERIAL II;C924;F;;;;
IMPERIAL II;C925;F;;;;
IMPERIAL II;C926;F;;;;
IMPERIAL II;C927;F;;;;
IMPERIAL II;C928;F;;;;
IMPERIAL II;C929;F;;;;
FAZENDA COROATÁ;C93;F;;;;
IMPERIAL II;C930;F;;;;
IMPERIAL II;C931;F;;;;
IMPERIAL II;C932;F;;;;
IMPERIAL II;C933;F;;;;
IMPERIAL II;C934;F;;;;
IMPERIAL II;C935;F;;;;
IMPERIAL II;C936;F;;;;
IMPERIAL II;C937;F;;;;
IMPERIAL II;C938;F;;;;
IMPERIAL II;C939;F;;;;
IMPERATRIZ (ALUGUEL);C94;F;;;;
IMPERIAL II;C940;F;;;;
IMPERIAL II;C941;F;;;;
IMPERIAL II;C942;F;;;;
IMPERIAL II;C943;F;;;;
IMPERIAL II;C944;F;;;;
IMPERIAL II;C945;F;;;;
IMPERIAL II;C946;F;;;;
IMPERIAL II;C947;F;;;;
IMPERIAL II;C948;F;;;;
IMPERIAL II;C949;F;;;;
IMPERATRIZ (ALUGUEL);C95;F;;;;
IMPERIAL II;C950;F;;;;
IMPERIAL II;C951;F;;;;
IMPERIAL II;C952;F;;;;
IMPERIAL II;C953;F;;;;
IMPERIAL II;C954;F;;;;
IMPERIAL II;C956;F;;;;
IMPERIAL II;C957;F;;;;
IMPERIAL II;C958;F;;;;
IMPERIAL II;C959;F;;;;
IMPERATRIZ (ALUGUEL);C96;F;;;;
IMPERIAL II;C960;F;;;;
IMPERIAL II;C961;F;;;;
IMPERIAL II;C962;F;;;;
IMPERIAL II;C963;F;;;;
IMPERIAL II;C964;F;;;;
IMPERIAL II;C965;F;;;;
IMPERIAL II;C966;F;;;;
IMPERIAL II;C967;F;;;;
IMPERIAL II;C968;F;;;;
IMPERIAL II;C969;F;;;;
IMPERATRIZ (ALUGUEL);C97;F;;;;
IMPERIAL II;C970;F;;;;
IMPERIAL II;C971;F;;;;
IMPERIAL II;C972;F;;;;
IMPERIAL II;C973;F;;;;
IMPERIAL II;C974;F;;;;
IMPERIAL II;C975;F;;;;
IMPERIAL II;C976;F;;;;
IMPERIAL II;C977;F;;;;
IMPERIAL II;C978;F;;;;
IMPERIAL II;C979;F;;;;
FAZENDA COROATÁ;C98;F;;;;
IMPERIAL II;C980;F;;;;
IMPERIAL II;C981;F;;;;
IMPERIAL II;C982;F;;;;
IMPERIAL II;C983;F;;;;
IMPERIAL II;C984;F;;;;
IMPERIAL II;C985;F;;;;
IMPERIAL II;C986;F;;;;
FAZENDA COROATÁ;C99;F;;;;
IMPERIAL II;C997;F;;;;
IMPERIAL II;C998;F;;;;
IMPERIAL II;C999;F;;;;
MARIA DE JESUS;CAL 14502;F;;;;
MARIA DE JESUS;CAL 14632;F;;;;
MARIA DE JESUS;CAL 14695;F;;;;
PROSPERIDADE II;CAXI 5144;F;;;;
INACIO - ALUGUEL DE PASTO;CC280;F;;;;
PROSPERIDADE II;CGAL 2459;F;;;;
PROSPERIDADE II;CGAL 2502;F;;;;
PROSPERIDADE II;CJC 2556;F;;;;
PROSPERIDADE II;CJC 2614;F;;;;
IMPERIAL II;CJC 4012;M;;;;
IMPERIAL II;CJC 4032;M;;;;
IMPERIAL II;CJC 4036;M;;;;
IMPERIAL II;CJC 4046;M;;;;
IMPERIAL II;CJC 4051;M;;;;
IMPERIAL II;CJC 4052;M;;;;
IMPERIAL II;CJC 4077;M;;;;
IMPERIAL II;CJC 4080;M;;;;
IMPERIAL II;CJC 4087;M;;;;
IMPERIAL II;CJC 4105;M;;;;
IMPERIAL II;CJC 4131;M;;;;
IMPERIAL II;CJC 4135;M;;;;
IMPERIAL II;CJC 4146;M;;;;
IMPERIAL II;CJC 4151;M;;;;
IMPERIAL II;CJC 4153;M;;;;
IMPERIAL II;CSCC 7638;F;;;;
IMPERIAL II;CSCC 8705;F;;;;
IMPERIAL II;CSCC 8753;F;;;;
PROSPERIDADE III;CSCC 8875;F;;;;
IMPERIAL II;CSCC 8922;M;;;;
IMPERIAL II;CSCC 9703;F;;;;
IMPERIAL II;CSCC 9728;F;;;;
IMPERIAL II;CSCC 9900;M;;;;
IMPERIAL II;CSCK 1476;F;;;;
PROSPERIDADE III;CSCN 18898;F;;;;
IMPERIAL II;CSCN 19524;F;;;;
MARIA DE JESUS;CSCN 21169;M;;;;
PROSPERIDADE II;CSCN 21325;M;;;;
IMPERIAL II;CSCN 22703;F;;;;
IMPERIAL II;CSCN 22777;F;;;;
IMPERIAL II;CSCQ 412;F;;;;
PROSPERIDADE II;CTJ 8090;F;;;;
IMPERIAL II;D1;F;;;;
IMPERIAL II;D10;F;;;;
IMPERIAL II;D100;F;;;;
IMPERIAL II;D101;F;;;;
IMPERIAL II;D102;F;;;;
IMPERIAL II;D103;F;;;;
IMPERIAL II;D104;F;;;;
IMPERIAL II;D105;F;;;;
IMPERIAL II;D106;F;;;;
IMPERIAL II;D107;F;;;;
PROSPERIDADE II;D108;F;;;;
IMPERIAL II;D109;F;;;;
IMPERIAL II;D11;F;;;;
IMPERIAL II;D110;F;;;;
IMPERIAL II;D111;F;;;;
IMPERIAL II;D112;F;;;;
IMPERIAL II;D113;F;;;;
IMPERIAL II;D115;F;;;;
IMPERIAL II;D116;F;;;;
IMPERIAL II;D117;F;;;;
IMPERIAL II;D118;F;;;;
IMPERIAL II;D119;F;;;;
IMPERIAL II;D12;F;;;;
IMPERIAL II;D120;F;;;;
IMPERIAL II;D121;F;;;;
IMPERIAL II;D122;F;;;;
IMPERIAL II;D123;F;;;;
IMPERIAL II;D124;F;;;;
IMPERIAL II;D125;F;;;;
IMPERIAL II;D126;F;;;;
IMPERIAL II;D127;F;;;;
IMPERIAL II;D128;F;;;;
IMPERIAL II;D129;F;;;;
IMPERIAL II;D13;F;;;;
IMPERIAL II;D130;F;;;;
IMPERIAL II;D131;F;;;;
IMPERIAL II;D132;F;;;;
IMPERIAL II;D133;F;;;;
IMPERIAL II;D134;F;;;;
IMPERIAL II;D135;F;;;;
IMPERIAL II;D136;F;;;;
IMPERIAL II;D137;F;;;;
IMPERIAL II;D138;F;;;;
IMPERIAL II;D139;F;;;;
IMPERIAL II;D14;F;;;;
IMPERIAL II;D140;F;;;;
IMPERIAL II;D141;F;;;;
IMPERIAL II;D142;F;;;;
IMPERIAL II;D143;F;;;;
IMPERIAL II;D144;F;;;;
IMPERIAL II;D145;F;;;;
IMPERIAL II;D146;F;;;;
IMPERIAL II;D147;F;;;;
IMPERIAL II;D148;F;;;;
IMPERIAL II;D149;F;;;;
IMPERIAL II;D15;F;;;;
IMPERIAL II;D150;F;;;;
IMPERIAL II;D151;F;;;;
IMPERIAL II;D152;F;;;;
IMPERIAL II;D153;F;;;;
IMPERIAL II;D154;F;;;;
IMPERIAL II;D155;F;;;;
IMPERIAL II;D156;F;;;;
IMPERIAL II;D157;F;;;;
IMPERIAL II;D158;M;;;;
IMPERIAL II;D159;F;;;;
IMPERIAL II;D16;F;;;;
IMPERIAL II;D160;M;;;;
IMPERIAL II;D161;F;;;;
IMPERIAL II;D162;F;;;;
IMPERIAL II;D163;M;;;;
IMPERIAL II;D164;M;;;;
IMPERIAL II;D165;M;;;;
IMPERIAL II;D166;M;;;;
IMPERIAL II;D167;F;;;;
IMPERIAL II;D168;M;;;;
IMPERIAL II;D169;M;;;;
IMPERIAL II;D17;F;;;;
IMPERIAL II;D170;F;;;;
IMPERIAL II;D171;M;;;;
IMPERIAL II;D172;F;;;;
IMPERIAL II;D173;F;;;;
IMPERIAL II;D174;F;;;;
IMPERIAL II;D175;M;;;;
IMPERIAL II;D176;F;;;;
IMPERIAL II;D177;M;;;;
IMPERIAL II;D178;M;;;;
IMPERIAL II;D179;F;;;;
IMPERIAL II;D18;F;;;;
IMPERIAL II;D180;M;;;;
IMPERIAL II;D181;F;;;;
IMPERIAL II;D182;F;;;;
IMPERIAL II;D183;F;;;;
IMPERIAL II;D184;F;;;;
IMPERIAL II;D185;M;;;;
IMPERIAL II;D186;M;;;;
IMPERIAL II;D187;M;;;;
IMPERIAL II;D188;M;;;;
IMPERIAL II;D189;F;;;;
IMPERIAL II;D19;F;;;;
IMPERIAL II;D190;F;;;;
IMPERIAL II;D191;M;;;;
IMPERIAL II;D192;F;;;;
IMPERIAL II;D193;F;;;;
IMPERIAL II;D194;F;;;;
IMPERIAL II;D195;F;;;;
IMPERIAL II;D196;M;;;;
IMPERIAL II;D197;F;;;;
IMPERIAL II;D198;F;;;;
IMPERIAL II;D199;M;;;;
IMPERIAL II;D2;F;;;;
IMPERIAL II;D20;F;;;;
IMPERIAL II;D200;M;;;;
MARIA DE JESUS;D201;M;;;;
MARIA DE JESUS;D202;M;;;;
MARIA DE JESUS;D204;F;;;;
MARIA DE JESUS;D205;M;;;;
MARIA DE JESUS;D206;M;;;;
IMPERIAL II;D208;F;;;;
IMPERIAL II;D209;F;;;;
IMPERIAL II;D21;F;;;;
IMPERIAL II;D210;F;;;;
IMPERIAL II;D212;F;;;;
IMPERIAL II;D214;M;;;;
PROSPERIDADE II;D215;M;;;;
IMPERIAL II;D216;F;;;;
IMPERIAL II;D218;M;;;;
IMPERIAL II;D219;F;;;;
IMPERIAL II;D22;F;;;;
IMPERIAL II;D220;M;;;;
IMPERIAL II;D221;M;;;;
IMPERIAL II;D222;M;;;;
IMPERIAL II;D223;F;;;;
IMPERIAL II;D224;F;;;;
IMPERIAL II;D225;M;;;;
IMPERIAL II;D226;M;;;;
IMPERIAL II;D228;F;;;;
IMPERIAL II;D229;F;;;;
IMPERIAL II;D23;F;;;;
IMPERIAL II;D230;M;;;;
IMPERIAL II;D231;M;;;;
IMPERIAL II;D232;F;;;;
IMPERIAL II;D233;F;;;;
IMPERIAL II;D236;F;;;;
IMPERIAL II;D237;F;;;;
IMPERIAL II;D238;M;;;;
IMPERIAL II;D239;F;;;;
IMPERIAL II;D24;F;;;;
IMPERIAL II;D240;M;;;;
IMPERIAL II;D241;M;;;;
IMPERIAL II;D242;M;;;;
IMPERIAL II;D243;F;;;;
IMPERIAL II;D244;F;;;;
IMPERIAL II;D245;M;;;;
IMPERIAL II;D247;F;;;;
IMPERIAL II;D25;F;;;;
PROSPERIDADE II;D252;F;;;;
PROSPERIDADE II;D253;F;;;;
PROSPERIDADE II;D254;M;;;;
MARIA DE JESUS;D255;F;;;;
PROSPERIDADE II;D256;M;;;;
PROSPERIDADE II;D257;F;;;;
PROSPERIDADE II;D258;M;;;;
MARIA DE JESUS;D259;M;;;;
IMPERIAL II;D26;F;;;;
MARIA DE JESUS;D260;M;;;;
PROSPERIDADE II;D261;M;;;;
MARIA DE JESUS;D262;M;;;;
MARIA DE JESUS;D263;M;;;;
MARIA DE JESUS;D264;M;;;;
MARIA DE JESUS;D265;M;;;;
MARIA DE JESUS;D266;M;;;;
MARIA DE JESUS;D267;F;;;;
PROSPERIDADE II;D268;F;;;;
MARIA DE JESUS;D269;M;;;;
IMPERIAL II;D27;F;;;;
MARIA DE JESUS;D270;F;;;;
PROSPERIDADE II;D271;M;;;;
MARIA DE JESUS;D272;F;;;;
PROSPERIDADE II;D273;F;;;;
PROSPERIDADE II;D274;F;;;;
MARIA DE JESUS;D275;M;;;;
PROSPERIDADE II;D276;M;;;;
MARIA DE JESUS;D277;F;;;;
PROSPERIDADE II;D278;M;;;;
PROSPERIDADE II;D279;M;;;;
IMPERIAL II;D28;F;;;;
PROSPERIDADE II;D280;F;;;;
MARIA DE JESUS;D281;M;;;;
PROSPERIDADE II;D282;M;;;;
PROSPERIDADE II;D283;M;;;;
PROSPERIDADE II;D284;M;;;;
MARIA DE JESUS;D285;F;;;;
MARIA DE JESUS;D286;M;;;;
MARIA DE JESUS;D287;F;;;;
PROSPERIDADE II;D288;F;;;;
PROSPERIDADE II;D289;F;;;;
IMPERIAL II;D29;F;;;;
MARIA DE JESUS;D290;F;;;;
MARIA DE JESUS;D291;M;;;;
MARIA DE JESUS;D292;M;;;;
MARIA DE JESUS;D293;M;;;;
MARIA DE JESUS;D294;M;;;;
PROSPERIDADE II;D295;M;;;;
PROSPERIDADE II;D296;M;;;;
PROSPERIDADE II;D297;M;;;;
PROSPERIDADE II;D298;M;;;;
PROSPERIDADE II;D299;F;;;;
IMPERIAL II;D3;F;;;;
IMPERIAL II;D30;F;;;;
PROSPERIDADE II;D300;M;;;;
PROSPERIDADE II;D301;M;;;;
MARIA DE JESUS;D302;M;;;;
MARIA DE JESUS;D303;M;;;;
MARIA DE JESUS;D304;F;;;;
PROSPERIDADE II;D305;M;;;;
PROSPERIDADE II;D306;M;;;;
MARIA DE JESUS;D307;F;;;;
PROSPERIDADE II;D308;M;;;;
MARIA DE JESUS;D309;M;;;;
IMPERIAL II;D31;F;;;;
MARIA DE JESUS;D310;M;;;;
MARIA DE JESUS;D311;M;;;;
MARIA DE JESUS;D312;M;;;;
MARIA DE JESUS;D313;M;;;;
MARIA DE JESUS;D314;M;;;;
PROSPERIDADE II;D315;F;;;;
MARIA DE JESUS;D316;F;;;;
MARIA DE JESUS;D317;F;;;;
MARIA DE JESUS;D318;F;;;;
MARIA DE JESUS;D319;F;;;;
IMPERIAL II;D32;F;;;;
MARIA DE JESUS;D321;F;;;;
MARIA DE JESUS;D322;F;;;;
MARIA DE JESUS;D323;F;;;;
MARIA DE JESUS;D324;F;;;;
MARIA DE JESUS;D325;F;;;;
MARIA DE JESUS;D326;F;;;;
MARIA DE JESUS;D327;F;;;;
MARIA DE JESUS;D328;F;;;;
MARIA DE JESUS;D329;F;;;;
IMPERIAL II;D33;F;;;;
MARIA DE JESUS;D330;F;;;;
MARIA DE JESUS;D331;F;;;;
MARIA DE JESUS;D332;F;;;;
MARIA DE JESUS;D333;F;;;;
MARIA DE JESUS;D334;F;;;;
MARIA DE JESUS;D335;F;;;;
MARIA DE JESUS;D336;F;;;;
MARIA DE JESUS;D337;F;;;;
MARIA DE JESUS;D338;F;;;;
MARIA DE JESUS;D339;F;;;;
IMPERIAL II;D34;F;;;;
MARIA DE JESUS;D340;F;;;;
MARIA DE JESUS;D341;F;;;;
MARIA DE JESUS;D342;F;;;;
MARIA DE JESUS;D343;F;;;;
MARIA DE JESUS;D344;F;;;;
MARIA DE JESUS;D345;F;;;;
MARIA DE JESUS;D346;F;;;;
MARIA DE JESUS;D347;F;;;;
MARIA DE JESUS;D348;F;;;;
MARIA DE JESUS;D349;F;;;;
IMPERIAL II;D35;F;;;;
MARIA DE JESUS;D350;F;;;;
MARIA DE JESUS;D351;F;;;;
MARIA DE JESUS;D352;F;;;;
MARIA DE JESUS;D353;F;;;;
MARIA DE JESUS;D354;F;;;;
MARIA DE JESUS;D355;F;;;;
MARIA DE JESUS;D356;F;;;;
MARIA DE JESUS;D357;F;;;;
MARIA DE JESUS;D358;F;;;;
MARIA DE JESUS;D359;F;;;;
IMPERIAL II;D36;F;;;;
MARIA DE JESUS;D360;F;;;;
MARIA DE JESUS;D361;F;;;;
MARIA DE JESUS;D362;F;;;;
MARIA DE JESUS;D363;F;;;;
MARIA DE JESUS;D364;F;;;;
MARIA DE JESUS;D365;F;;;;
MARIA DE JESUS;D366;F;;;;
MARIA DE JESUS;D367;F;;;;
MARIA DE JESUS;D368;F;;;;
MARIA DE JESUS;D369;F;;;;
IMPERIAL II;D37;F;;;;
MARIA DE JESUS;D370;F;;;;
MARIA DE JESUS;D371;F;;;;
MARIA DE JESUS;D372;F;;;;
MARIA DE JESUS;D373;F;;;;
MARIA DE JESUS;D374;F;;;;
MARIA DE JESUS;D375;F;;;;
MARIA DE JESUS;D376;F;;;;
MARIA DE JESUS;D377;F;;;;
MARIA DE JESUS;D378;F;;;;
MARIA DE JESUS;D379;F;;;;
IMPERIAL II;D38;F;;;;
MARIA DE JESUS;D380;F;;;;
MARIA DE JESUS;D381;F;;;;
MARIA DE JESUS;D382;F;;;;
MARIA DE JESUS;D383;F;;;;
MARIA DE JESUS;D384;F;;;;
MARIA DE JESUS;D385;F;;;;
MARIA DE JESUS;D387;F;;;;
MARIA DE JESUS;D388;F;;;;
MARIA DE JESUS;D389;F;;;;
IMPERIAL II;D39;F;;;;
MARIA DE JESUS;D390;F;;;;
MARIA DE JESUS;D391;F;;;;
MARIA DE JESUS;D392;F;;;;
MARIA DE JESUS;D393;F;;;;
MARIA DE JESUS;D394;F;;;;
MARIA DE JESUS;D395;F;;;;
MARIA DE JESUS;D396;F;;;;
MARIA DE JESUS;D397;F;;;;
MARIA DE JESUS;D398;F;;;;
MARIA DE JESUS;D399;F;;;;
IMPERIAL II;D4;F;;;;
IMPERIAL II;D40;F;;;;
MARIA DE JESUS;D400;F;;;;
MARIA DE JESUS;D401;F;;;;
MARIA DE JESUS;D402;F;;;;
MARIA DE JESUS;D403;F;;;;
MARIA DE JESUS;D404;F;;;;
MARIA DE JESUS;D405;F;;;;
MARIA DE JESUS;D406;F;;;;
MARIA DE JESUS;D407;F;;;;
MARIA DE JESUS;D408;F;;;;
MARIA DE JESUS;D409;F;;;;
IMPERIAL II;D41;F;;;;
MARIA DE JESUS;D410;F;;;;
MARIA DE JESUS;D411;F;;;;
MARIA DE JESUS;D412;F;;;;
MARIA DE JESUS;D413;F;;;;
MARIA DE JESUS;D414;F;;;;
MARIA DE JESUS;D415;F;;;;
MARIA DE JESUS;D416;F;;;;
MARIA DE JESUS;D417;F;;;;
MARIA DE JESUS;D418;F;;;;
MARIA DE JESUS;D419;F;;;;
IMPERIAL II;D42;F;;;;
MARIA DE JESUS;D420;F;;;;
MARIA DE JESUS;D421;F;;;;
MARIA DE JESUS;D422;F;;;;
MARIA DE JESUS;D423;F;;;;
MARIA DE JESUS;D424;F;;;;
MARIA DE JESUS;D425;F;;;;
MARIA DE JESUS;D426;F;;;;
MARIA DE JESUS;D427;F;;;;
MARIA DE JESUS;D428;F;;;;
MARIA DE JESUS;D429;F;;;;
IMPERIAL II;D43;F;;;;
MARIA DE JESUS;D430;F;;;;
MARIA DE JESUS;D431;F;;;;
MARIA DE JESUS;D432;F;;;;
MARIA DE JESUS;D433;F;;;;
MARIA DE JESUS;D434;F;;;;
MARIA DE JESUS;D435;F;;;;
MARIA DE JESUS;D436;F;;;;
MARIA DE JESUS;D437;F;;;;
MARIA DE JESUS;D438;F;;;;
MARIA DE JESUS;D439;F;;;;
IMPERIAL II;D44;F;;;;
MARIA DE JESUS;D440;F;;;;
MARIA DE JESUS;D441;F;;;;
MARIA DE JESUS;D442;F;;;;
MARIA DE JESUS;D443;F;;;;
MARIA DE JESUS;D444;F;;;;
MARIA DE JESUS;D445;F;;;;
MARIA DE JESUS;D446;F;;;;
MARIA DE JESUS;D447;F;;;;
MARIA DE JESUS;D448;F;;;;
MARIA DE JESUS;D449;F;;;;
IMPERIAL II;D45;F;;;;
MARIA DE JESUS;D450;F;;;;
MARIA DE JESUS;D451;F;;;;
MARIA DE JESUS;D452;F;;;;
MARIA DE JESUS;D453;F;;;;
MARIA DE JESUS;D454;F;;;;
MARIA DE JESUS;D455;F;;;;
MARIA DE JESUS;D456;F;;;;
MARIA DE JESUS;D457;F;;;;
MARIA DE JESUS;D458;F;;;;
MARIA DE JESUS;D459;F;;;;
IMPERIAL II;D46;F;;;;
MARIA DE JESUS;D460;F;;;;
MARIA DE JESUS;D461;F;;;;
BOA ESPERANÇA III;D462;F;;;;
BOA ESPERANÇA III;D463;F;;;;
FAZENDA COROATÁ;D464;F;;;;
FAZENDA COROATÁ;D465;F;;;;
FAZENDA COROATÁ;D466;F;;;;
FAZENDA COROATÁ;D467;F;;;;
FAZENDA COROATÁ;D468;F;;;;
FAZENDA COROATÁ;D469;F;;;;
IMPERIAL II;D47;F;;;;
IMPERIAL II;D470;F;;;;
IMPERIAL II;D471;F;;;;
IMPERIAL II;D472;F;;;;
IMPERIAL II;D474;F;;;;
IMPERIAL II;D475;F;;;;
IMPERIAL II;D476;F;;;;
IMPERIAL II;D478;M;;;;
IMPERIAL II;D479;F;;;;
IMPERIAL II;D48;F;;;;
IMPERIAL II;D480;M;;;;
IMPERIAL II;D481;M;;;;
IMPERIAL II;D482;F;;;;
IMPERIAL II;D483;F;;;;
IMPERIAL II;D484;M;;;;
IMPERIAL II;D485;M;;;;
IMPERIAL II;D49;F;;;;
BOA ESPERANÇA;D495;M;;;;
BOA ESPERANÇA;D496;F;;;;
BOA ESPERANÇA;D497;F;;;;
BOA ESPERANÇA;D498;M;;;;
BOA ESPERANÇA;D499;F;;;;
IMPERIAL II;D5;F;;;;
IMPERIAL II;D50;F;;;;
BOA ESPERANÇA;D500;F;;;;
BOA ESPERANÇA;D502;F;;;;
BOA ESPERANÇA;D503;M;;;;
BOA ESPERANÇA;D504;F;;;;
BOA ESPERANÇA;D505;M;;;;
BOA ESPERANÇA;D506;M;;;;
BOA ESPERANÇA;D507;M;;;;
BOA ESPERANÇA;D508;F;;;;
BOA ESPERANÇA;D509;M;;;;
IMPERIAL II;D51;F;;;;
BOA ESPERANÇA;D510;M;;;;
BOA ESPERANÇA;D511;M;;;;
BOA ESPERANÇA;D512;F;;;;
BOA ESPERANÇA;D513;F;;;;
BOA ESPERANÇA;D514;F;;;;
BOA ESPERANÇA;D515;M;;;;
BOA ESPERANÇA;D516;F;;;;
BOA ESPERANÇA;D517;F;;;;
BOA ESPERANÇA;D518;M;;;;
BOA ESPERANÇA;D519;F;;;;
IMPERIAL II;D52;F;;;;
BOA ESPERANÇA;D520;F;;;;
BOA ESPERANÇA;D521;F;;;;
BOA ESPERANÇA;D522;M;;;;
BOA ESPERANÇA;D523;F;;;;
BOA ESPERANÇA;D524;F;;;;
BOA ESPERANÇA;D526;F;;;;
BOA ESPERANÇA;D527;M;;;;
BOA ESPERANÇA;D528;F;;;;
BOA ESPERANÇA;D529;F;;;;
IMPERIAL II;D53;F;;;;
BOA ESPERANÇA;D530;M;;;;
BOA ESPERANÇA;D531;F;;;;
BOA ESPERANÇA;D532;F;;;;
BOA ESPERANÇA;D533;F;;;;
BOA ESPERANÇA;D534;M;;;;
BOA ESPERANÇA;D535;M;;;;
BOA ESPERANÇA;D536;M;;;;
BOA ESPERANÇA;D537;F;;;;
BOA ESPERANÇA;D538;F;;;;
BOA ESPERANÇA;D539;F;;;;
IMPERIAL II;D54;F;;;;
BOA ESPERANÇA;D540;F;;;;
BOA ESPERANÇA;D541;M;;;;
BOA ESPERANÇA;D542;F;;;;
BOA ESPERANÇA;D543;M;;;;
BOA ESPERANÇA;D544;F;;;;
BOA ESPERANÇA;D545;F;;;;
BOA ESPERANÇA;D546;F;;;;
BOA ESPERANÇA;D547;F;;;;
BOA ESPERANÇA;D548;F;;;;
BOA ESPERANÇA;D549;M;;;;
IMPERIAL II;D55;M;;;;
BOA ESPERANÇA;D550;F;;;;
BOA ESPERANÇA;D551;M;;;;
BOA ESPERANÇA;D552;F;;;;
BOA ESPERANÇA;D553;M;;;;
BOA ESPERANÇA;D554;M;;;;
BOA ESPERANÇA;D555;F;;;;
BOA ESPERANÇA;D556;M;;;;
BOA ESPERANÇA;D557;M;;;;
BOA ESPERANÇA;D558;F;;;;
BOA ESPERANÇA;D559;M;;;;
PROSPERIDADE II;D56;F;;;;
MARIA DE JESUS;D560;F;;;;
BOA ESPERANÇA;D561;F;;;;
BOA ESPERANÇA;D562;F;;;;
BOA ESPERANÇA;D563;F;;;;
BOA ESPERANÇA;D564;F;;;;
BOA ESPERANÇA;D565;F;;;;
BOA ESPERANÇA;D566;M;;;;
BOA ESPERANÇA;D567;F;;;;
BOA ESPERANÇA;D568;M;;;;
BOA ESPERANÇA;D569;F;;;;
PROSPERIDADE II;D57;M;;;;
BOA ESPERANÇA;D570;F;;;;
MARIA DE JESUS;D571;M;;;;
BOA ESPERANÇA;D572;F;;;;
BOA ESPERANÇA;D573;M;;;;
BOA ESPERANÇA;D574;F;;;;
BOA ESPERANÇA;D575;F;;;;
BOA ESPERANÇA;D576;F;;;;
BOA ESPERANÇA;D577;F;;;;
BOA ESPERANÇA;D578;F;;;;
BOA ESPERANÇA;D579;F;;;;
PROSPERIDADE II;D58;M;;;;
BOA ESPERANÇA;D580;F;;;;
BOA ESPERANÇA;D581;F;;;;
BOA ESPERANÇA;D582;M;;;;
BOA ESPERANÇA;D583;F;;;;
BOA ESPERANÇA;D584;F;;;;
BOA ESPERANÇA;D585;F;;;;
BOA ESPERANÇA;D586;F;;;;
BOA ESPERANÇA;D587;M;;;;
BOA ESPERANÇA;D588;F;;;;
BOA ESPERANÇA;D589;F;;;;
IMPERIAL II;D59;F;;;;
BOA ESPERANÇA;D590;F;;;;
BOA ESPERANÇA;D591;F;;;;
BOA ESPERANÇA;D593;M;;;;
BOA ESPERANÇA;D594;M;;;;
BOA ESPERANÇA;D595;F;;;;
BOA ESPERANÇA;D596;F;;;;
BOA ESPERANÇA;D597;F;;;;
BOA ESPERANÇA;D598;F;;;;
BOA ESPERANÇA;D599;M;;;;
IMPERIAL II;D6;F;;;;
PROSPERIDADE II;D60;F;;;;
BOA ESPERANÇA;D600;M;;;;
BOA ESPERANÇA;D601;F;;;;
BOA ESPERANÇA;D602;F;;;;
BOA ESPERANÇA;D603;F;;;;
BOA ESPERANÇA;D604;F;;;;
BOA ESPERANÇA;D605;M;;;;
BOA ESPERANÇA;D606;F;;;;
BOA ESPERANÇA;D607;M;;;;
BOA ESPERANÇA;D608;F;;;;
BOA ESPERANÇA;D609;F;;;;
PROSPERIDADE II;D61;M;;;;
BOA ESPERANÇA;D610;M;;;;
BOA ESPERANÇA;D611;M;;;;
BOA ESPERANÇA;D612;F;;;;
BOA ESPERANÇA;D613;F;;;;
BOA ESPERANÇA;D614;M;;;;
BOA ESPERANÇA;D615;M;;;;
BOA ESPERANÇA;D616;M;;;;
BOA ESPERANÇA;D617;M;;;;
BOA ESPERANÇA;D618;F;;;;
BOA ESPERANÇA;D619;M;;;;
PROSPERIDADE II;D62;M;;;;
BOA ESPERANÇA;D620;F;;;;
BOA ESPERANÇA;D621;M;;;;
BOA ESPERANÇA;D623;M;;;;
BOA ESPERANÇA;D624;M;;;;
BOA ESPERANÇA;D625;M;;;;
BOA ESPERANÇA;D626;F;;;;
IMPERIAL I;D627;M;;;;
IMPERIAL I;D628;M;;;;
IMPERIAL I;D629;M;;;;
PROSPERIDADE II;D63;F;;;;
IMPERIAL I;D630;F;;;;
IMPERIAL I;D631;F;;;;
IMPERIAL I;D632;M;;;;
IMPERIAL I;D633;F;;;;
PROSPERIDADE II;D634;M;;;;
IMPERIAL I;D636;F;;;;
IMPERIAL I;D637;F;;;;
IMPERIAL I;D638;M;;;;
IMPERIAL I;D639;F;;;;
PROSPERIDADE II;D64;F;;;;
IMPERIAL I;D640;F;;;;
IMPERIAL I;D641;F;;;;
IMPERIAL I;D645;M;;;;
IMPERIAL I;D646;F;;;;
IMPERIAL I;D647;M;;;;
IMPERIAL I;D648;F;;;;
IMPERIAL I;D649;F;;;;
PROSPERIDADE II;D65;M;;;;
IMPERIAL II;D650;M;;;;
IMPERIAL II;D651;F;;;;
IMPERIAL II;D652;F;;;;
IMPERIAL II;D653;M;;;;
IMPERIAL II;D654;F;;;;
IMPERIAL II;D655;F;;;;
IMPERIAL II;D656;M;;;;
IMPERIAL II;D657;F;;;;
IMPERIAL II;D658;F;;;;
IMPERIAL II;D659;M;;;;
PROSPERIDADE II;D66;M;;;;
IMPERIAL II;D661;F;;;;
IMPERIAL II;D662;M;;;;
IMPERIAL II;D663;M;;;;
IMPERIAL II;D664;M;;;;
IMPERIAL II;D665;F;;;;
IMPERIAL II;D666;F;;;;
IMPERIAL II;D667;F;;;;
IMPERIAL II;D668;F;;;;
IMPERIAL II;D669;F;;;;
PROSPERIDADE II;D67;M;;;;
IMPERIAL II;D670;F;;;;
IMPERIAL II;D671;F;;;;
IMPERIAL II;D672;F;;;;
IMPERIAL II;D673;F;;;;
IMPERIAL II;D674;F;;;;
IMPERIAL II;D675;M;;;;
IMPERIAL II;D676;F;;;;
IMPERIAL II;D677;F;;;;
IMPERIAL II;D678;M;;;;
IMPERIAL II;D679;M;;;;
PROSPERIDADE II;D68;M;;;;
IMPERIAL II;D680;F;;;;
IMPERIAL II;D681;F;;;;
IMPERIAL II;D682;F;;;;
IMPERIAL II;D683;M;;;;
IMPERIAL II;D685;M;;;;
IMPERIAL II;D687;F;;;;
IMPERIAL II;D688;F;;;;
IMPERIAL II;D689;M;;;;
PROSPERIDADE II;D69;M;;;;
IMPERIAL II;D690;F;;;;
IMPERIAL II;D691;M;;;;
IMPERIAL II;D692;M;;;;
IMPERIAL II;D693;M;;;;
IMPERIAL II;D694;F;;;;
IMPERIAL II;D695;M;;;;
IMPERIAL II;D696;M;;;;
IMPERIAL II;D697;F;;;;
IMPERIAL II;D698;F;;;;
IMPERIAL II;D699;F;;;;
IMPERIAL II;D7;F;;;;
PROSPERIDADE II;D70;M;;;;
BOA ESPERANÇA;D700;F;;;;
BOA ESPERANÇA;D701;M;;;;
BOA ESPERANÇA;D702;M;;;;
BOA ESPERANÇA;D703;M;;;;
BOA ESPERANÇA;D704;F;;;;
BOA ESPERANÇA;D705;F;;;;
BOA ESPERANÇA;D706;F;;;;
BOA ESPERANÇA;D707;M;;;;
BOA ESPERANÇA;D708;F;;;;
BOA ESPERANÇA;D709;M;;;;
IMPERIAL II;D71;M;;;;
BOA ESPERANÇA;D710;F;;;;
BOA ESPERANÇA;D711;F;;;;
BOA ESPERANÇA;D712;M;;;;
BOA ESPERANÇA;D713;M;;;;
BOA ESPERANÇA;D714;F;;;;
BOA ESPERANÇA;D715;M;;;;
BOA ESPERANÇA;D716;F;;;;
BOA ESPERANÇA;D717;F;;;;
BOA ESPERANÇA;D718;F;;;;
BOA ESPERANÇA;D719;F;;;;
PROSPERIDADE II;D72;M;;;;
BOA ESPERANÇA;D720;M;;;;
BOA ESPERANÇA;D721;M;;;;
BOA ESPERANÇA;D722;F;;;;
BOA ESPERANÇA;D723;F;;;;
BOA ESPERANÇA;D724;M;;;;
BOA ESPERANÇA;D725;M;;;;
BOA ESPERANÇA;D726;M;;;;
BOA ESPERANÇA;D727;M;;;;
IMPERIAL II;D728;F;;;;
BOA ESPERANÇA;D729;M;;;;
PROSPERIDADE II;D73;M;;;;
BOA ESPERANÇA;D730;M;;;;
BOA ESPERANÇA;D731;F;;;;
BOA ESPERANÇA;D732;M;;;;
BOA ESPERANÇA;D733;F;;;;
BOA ESPERANÇA;D734;F;;;;
BOA ESPERANÇA;D735;M;;;;
BOA ESPERANÇA;D736;M;;;;
BOA ESPERANÇA;D737;F;;;;
BOA ESPERANÇA;D738;M;;;;
BOA ESPERANÇA;D739;M;;;;
IMPERIAL II;D74;F;;;;
BOA ESPERANÇA;D740;F;;;;
BOA ESPERANÇA;D741;F;;;;
BOA ESPERANÇA;D742;F;;;;
BOA ESPERANÇA;D743;F;;;;
BOA ESPERANÇA;D744;M;;;;
BOA ESPERANÇA;D745;F;;;;
BOA ESPERANÇA;D746;M;;;;
BOA ESPERANÇA;D748;F;;;;
BOA ESPERANÇA;D749;F;;;;
PROSPERIDADE II;D75;M;;;;
BOA ESPERANÇA;D750;M;;;;
BOA ESPERANÇA;D752;M;;;;
BOA ESPERANÇA;D753;M;;;;
BOA ESPERANÇA;D754;M;;;;
BOA ESPERANÇA;D755;M;;;;
BOA ESPERANÇA;D756;M;;;;
BOA ESPERANÇA;D757;M;;;;
BOA ESPERANÇA;D758;M;;;;
BOA ESPERANÇA;D759;M;;;;
IMPERIAL II;D76;F;;;;
BOA ESPERANÇA;D760;F;;;;
BOA ESPERANÇA;D761;M;;;;
BOA ESPERANÇA;D762;F;;;;
IMPERIAL II;D763;F;;;;
IMPERIAL II;D764;M;;;;
IMPERIAL II;D765;M;;;;
IMPERIAL II;D766;M;;;;
IMPERIAL II;D767;F;;;;
IMPERIAL II;D768;F;;;;
IMPERIAL II;D769;M;;;;
PROSPERIDADE II;D77;M;;;;
IMPERIAL II;D770;M;;;;
IMPERIAL II;D771;M;;;;
IMPERIAL II;D772;M;;;;
IMPERIAL II;D773;M;;;;
IMPERIAL II;D774;M;;;;
IMPERIAL II;D775;M;;;;
IMPERIAL II;D776;M;;;;
IMPERIAL II;D778;F;;;;
IMPERIAL II;D779;F;;;;
PROSPERIDADE II;D78;M;;;;
IMPERIAL II;D780;M;;;;
IMPERIAL II;D783;M;;;;
IMPERIAL II;D784;F;;;;
IMPERIAL II;D785;F;;;;
IMPERIAL II;D786;F;;;;
IMPERIAL II;D787;M;;;;
IMPERIAL II;D788;F;;;;
IMPERIAL II;D789;F;;;;
PROSPERIDADE II;D79;M;;;;
IMPERIAL II;D790;M;;;;
IMPERIAL II;D791;M;;;;
IMPERIAL II;D792;M;;;;
IMPERIAL II;D793;F;;;;
IMPERIAL II;D794;F;;;;
IMPERIAL II;D795;M;;;;
IMPERIAL II;D796;M;;;;
IMPERIAL II;D797;F;;;;
IMPERIAL II;D798;M;;;;
IMPERIAL II;D799;F;;;;
IMPERIAL II;D8;F;;;;
PROSPERIDADE II;D80;M;;;;
IMPERIAL II;D800;F;;;;
IMPERIAL II;D801;F;;;;
IMPERIAL II;D802;F;;;;
IMPERIAL II;D803;M;;;;
IMPERIAL II;D804;M;;;;
IMPERIAL II;D805;M;;;;
IMPERIAL II;D806;M;;;;
IMPERIAL II;D807;M;;;;
IMPERIAL II;D808;F;;;;
IMPERIAL II;D809;F;;;;
PROSPERIDADE II;D81;M;;;;
IMPERIAL II;D810;F;;;;
IMPERIAL II;D811;F;;;;
IMPERIAL II;D812;M;;;;
IMPERIAL II;D815;F;;;;
IMPERIAL II;D816;F;;;;
IMPERIAL II;D817;F;;;;
IMPERIAL II;D818;F;;;;
IMPERIAL II;D819;F;;;;
PROSPERIDADE II;D82;F;;;;
IMPERIAL II;D820;F;;;;
IMPERIAL II;D821;F;;;;
IMPERIAL II;D823;F;;;;
IMPERIAL II;D825;F;;;;
IMPERIAL II;D826;F;;;;
IMPERIAL II;D827;M;;;;
IMPERIAL II;D828;F;;;;
IMPERIAL II;D829;F;;;;
PROSPERIDADE II;D83;F;;;;
IMPERIAL II;D830;M;;;;
IMPERIAL II;D831;M;;;;
IMPERIAL II;D833;F;;;;
IMPERIAL II;D834;M;;;;
IMPERIAL II;D835;F;;;;
IMPERIAL II;D836;M;;;;
IMPERIAL II;D838;F;;;;
IMPERIAL II;D839;F;;;;
IMPERIAL II;D84;F;;;;
IMPERIAL II;D840;F;;;;
IMPERIAL II;D841;F;;;;
IMPERIAL II;D842;M;;;;
IMPERIAL II;D843;F;;;;
IMPERIAL II;D844;M;;;;
IMPERIAL II;D845;M;;;;
IMPERIAL II;D846;F;;;;
IMPERIAL II;D847;M;;;;
IMPERIAL II;D848;M;;;;
IMPERIAL II;D849;F;;;;
PROSPERIDADE II;D85;M;;;;
IMPERIAL II;D850;M;;;;
IMPERIAL II;D851;F;;;;
IMPERIAL II;D852;M;;;;
IMPERIAL II;D853;F;;;;
IMPERIAL II;D854;F;;;;
IMPERIAL II;D855;M;;;;
IMPERIAL II;D857;F;;;;
IMPERIAL II;D858;M;;;;
IMPERIAL II;D859;M;;;;
IMPERIAL II;D86;M;;;;
IMPERIAL II;D860;F;;;;
IMPERIAL II;D861;F;;;;
IMPERIAL II;D862;F;;;;
IMPERIAL II;D863;M;;;;
IMPERIAL II;D864;F;;;;
IMPERIAL II;D865;F;;;;
IMPERIAL II;D866;M;;;;
IMPERIAL II;D867;F;;;;
IMPERIAL II;D868;M;;;;
MARIA DE JESUS;D869;M;;;;
PROSPERIDADE II;D87;M;;;;
IMPERIAL II;D870;F;;;;
IMPERIAL II;D871;F;;;;
IMPERIAL II;D872;F;;;;
IMPERIAL II;D873;F;;;;
IMPERIAL II;D874;F;;;;
IMPERIAL II;D876;F;;;;
BOA ESPERANÇA;D877;M;;;;
BOA ESPERANÇA;D878;F;;;;
BOA ESPERANÇA;D879;F;;;;
PROSPERIDADE II;D88;M;;;;
BOA ESPERANÇA;D880;F;;;;
BOA ESPERANÇA;D881;M;;;;
BOA ESPERANÇA;D882;M;;;;
BOA ESPERANÇA;D883;F;;;;
BOA ESPERANÇA;D884;M;;;;
BOA ESPERANÇA;D885;F;;;;
BOA ESPERANÇA;D886;M;;;;
BOA ESPERANÇA;D887;M;;;;
BOA ESPERANÇA;D888;M;;;;
BOA ESPERANÇA;D889;M;;;;
PROSPERIDADE II;D89;M;;;;
BOA ESPERANÇA;D891;M;;;;
BOA ESPERANÇA;D892;F;;;;
BOA ESPERANÇA;D893;F;;;;
BOA ESPERANÇA;D894;M;;;;
BOA ESPERANÇA;D895;M;;;;
BOA ESPERANÇA;D896;M;;;;
BOA ESPERANÇA;D897;M;;;;
BOA ESPERANÇA;D898;F;;;;
BOA ESPERANÇA;D899;F;;;;
IMPERIAL II;D9;F;;;;
PROSPERIDADE II;D90;M;;;;
BOA ESPERANÇA;D900;F;;;;
BOA ESPERANÇA;D901;F;;;;
BOA ESPERANÇA;D902;F;;;;
BOA ESPERANÇA;D903;M;;;;
BOA ESPERANÇA;D904;F;;;;
BOA ESPERANÇA;D905;M;;;;
BOA ESPERANÇA;D906;F;;;;
BOA ESPERANÇA;D907;M;;;;
BOA ESPERANÇA;D908;F;;;;
BOA ESPERANÇA;D909;F;;;;
PROSPERIDADE II;D91;M;;;;
BOA ESPERANÇA;D910;F;;;;
BOA ESPERANÇA;D911;F;;;;
BOA ESPERANÇA;D912;M;;;;
BOA ESPERANÇA;D913;F;;;;
BOA ESPERANÇA;D914;F;;;;
MARIA DE JESUS;D915;M;;;;
MARIA DE JESUS;D916;M;;;;
MARIA DE JESUS;D917;F;;;;
MARIA DE JESUS;D918;M;;;;
MARIA DE JESUS;D919;M;;;;
PROSPERIDADE II;D92;F;;;;
MARIA DE JESUS;D921;F;;;;
MARIA DE JESUS;D922;F;;;;
MARIA DE JESUS;D923;M;;;;
MARIA DE JESUS;D925;M;;;;
MARIA DE JESUS;D926;F;;;;
MARIA DE JESUS;D927;F;;;;
MARIA DE JESUS;D928;M;;;;
MARIA DE JESUS;D929;M;;;;
PROSPERIDADE II;D93;F;;;;
MARIA DE JESUS;D930;M;;;;
MARIA DE JESUS;D931;F;;;;
MARIA DE JESUS;D932;F;;;;
MARIA DE JESUS;D933;M;;;;
MARIA DE JESUS;D934;M;;;;
MARIA DE JESUS;D935;M;;;;
MARIA DE JESUS;D936;M;;;;
MARIA DE JESUS;D937;M;;;;
MARIA DE JESUS;D938;F;;;;
MARIA DE JESUS;D939;M;;;;
PROSPERIDADE II;D94;M;;;;
MARIA DE JESUS;D941;M;;;;
MARIA DE JESUS;D942;F;;;;
MARIA DE JESUS;D943;M;;;;
MARIA DE JESUS;D944;F;;;;
MARIA DE JESUS;D945;M;;;;
MARIA DE JESUS;D946;F;;;;
MARIA DE JESUS;D947;F;;;;
MARIA DE JESUS;D948;M;;;;
PROSPERIDADE II;D95;F;;;;
IMPERIAL II;D950;M;;;;
IMPERIAL II;D951;M;;;;
IMPERIAL II;D952;M;;;;
IMPERIAL II;D953;M;;;;
IMPERIAL II;D954;F;;;;
IMPERIAL II;D955;M;;;;
IMPERIAL II;D956;M;;;;
IMPERIAL II;D957;F;;;;
IMPERIAL II;D958;M;;;;
IMPERIAL II;D959;F;;;;
PROSPERIDADE II;D96;M;;;;
IMPERIAL II;D960;M;;;;
IMPERIAL II;D961;M;;;;
IMPERIAL II;D962;M;;;;
IMPERIAL II;D964;M;;;;
IMPERIAL II;D966;F;;;;
IMPERIAL II;D967;M;;;;
IMPERIAL II;D968;F;;;;
IMPERIAL II;D969;F;;;;
IMPERIAL II;D97;M;;;;
IMPERIAL II;D970;M;;;;
IMPERIAL II;D971;M;;;;
IMPERIAL II;D972;M;;;;
IMPERIAL II;D973;F;;;;
IMPERIAL II;D975;M;;;;
IMPERIAL II;D976;F;;;;
IMPERIAL II;D978;M;;;;
MARIA DE JESUS;D979;F;;;;
PROSPERIDADE II;D98;M;;;;
MARIA DE JESUS;D980;F;;;;
MARIA DE JESUS;D981;F;;;;
MARIA DE JESUS;D982;M;;;;
MARIA DE JESUS;D983;M;;;;
PROSPERIDADE II;D984;F;;;;
PROSPERIDADE II;D985;M;;;;
PROSPERIDADE II;D986;M;;;;
IMPERIAL II;D987;F;;;;
IMPERIAL II;D988;M;;;;
IMPERIAL II;D989;M;;;;
IMPERIAL II;D99;M;;;;
IMPERIAL II;D990;F;;;;
IMPERIAL II;D992;M;;;;
IMPERIAL II;D993;M;;;;
IMPERIAL II;D994;M;;;;
PROSPERIDADE II;DGFA 1616;F;;;;
PROSPERIDADE II;DGFA 1707;F;;;;
PROSPERIDADE II;DMMD 1393;F;;;;
PROSPERIDADE II;DMMD 1411;F;;;;
PROSPERIDADE II;DMMD 1427;F;;;;
PROSPERIDADE II;DMMD 1432;F;;;;
PROSPERIDADE II;DMMD 1442;F;;;;
PROSPERIDADE II;DMMD 1443;F;;;;
PROSPERIDADE II;DMMD 1453;F;;;;
PROSPERIDADE II;DMMD 1471;F;;;;
PROSPERIDADE II;DMMD 1495;F;;;;
PROSPERIDADE II;DMMD 1547;F;;;;
PROSPERIDADE II;DMMD 1584;F;;;;
PROSPERIDADE II;DMMD 1622;F;;;;
PROSPERIDADE II;DMMD 1623;F;;;;
PROSPERIDADE II;DMMD 1625;F;;;;
PROSPERIDADE II;DMMD 1629;F;;;;
PROSPERIDADE II;DMMD 1630;F;;;;
PROSPERIDADE II;DMMD 1631;F;;;;
PROSPERIDADE II;DMMD 1634;F;;;;
PROSPERIDADE II;DMMD 1648;F;;;;
PROSPERIDADE II;DMMD 1655;F;;;;
PROSPERIDADE II;DMMD 1657;F;;;;
PROSPERIDADE II;DMMD 1664;F;;;;
PROSPERIDADE II;DMMD 1674;F;;;;
PROSPERIDADE II;DMMD 1689;F;;;;
PROSPERIDADE II;DMMD 1693;F;;;;
PROSPERIDADE II;DMMD 1698;F;;;;
PROSPERIDADE II;DMMD 1708;F;;;;
PROSPERIDADE II;DMMD 1720;F;;;;
PROSPERIDADE II;DMMD 1721;F;;;;
PROSPERIDADE II;DMMD 1725;F;;;;
PROSPERIDADE II;DMMD 1728;F;;;;
PROSPERIDADE II;DMMD 1735;F;;;;
PROSPERIDADE II;DMMD 1743;F;;;;
PROSPERIDADE II;DMMD 1747;F;;;;
PROSPERIDADE II;DMMD 1756;F;;;;
PROSPERIDADE II;DMMD 1762;F;;;;
PROSPERIDADE II;DMMD 1764;F;;;;
PROSPERIDADE II;DMMD 1766;F;;;;
PROSPERIDADE II;DMMD 1768;F;;;;
PROSPERIDADE II;DMMD 1770;F;;;;
PROSPERIDADE II;DMMD 1773;F;;;;
PROSPERIDADE II;DMMD 1778;F;;;;
PROSPERIDADE II;DMMD 1781;F;;;;
PROSPERIDADE II;DMMD 1782;F;;;;
PROSPERIDADE II;DMMD 1797;F;;;;
PROSPERIDADE II;DMMD 1804;F;;;;
PROSPERIDADE II;DMMD 1806;F;;;;
PROSPERIDADE II;DMMD 1812;F;;;;
PROSPERIDADE II;DMMD 1813;F;;;;
PROSPERIDADE II;DMMD 1816;F;;;;
PROSPERIDADE II;DMMD 1826;F;;;;
PROSPERIDADE II;DMMD 1828;F;;;;
PROSPERIDADE II;DMMD 1833;F;;;;
PROSPERIDADE II;DMMD 1845;F;;;;
PROSPERIDADE II;DMMD 1852;F;;;;
PROSPERIDADE II;DMMD 1853;F;;;;
PROSPERIDADE II;DMMD 1871;F;;;;
PROSPERIDADE II;DMMD 1873;F;;;;
PROSPERIDADE II;DMMD 1876;F;;;;
PROSPERIDADE II;DMMD 1879;F;;;;
PROSPERIDADE II;DMMD 1881;F;;;;
PROSPERIDADE II;DMMD 1893;F;;;;
PROSPERIDADE II;DMMD 1905;F;;;;
PROSPERIDADE II;DMMD 1914;F;;;;
PROSPERIDADE II;DMMD 1924;F;;;;
PROSPERIDADE II;DMMD 1928;F;;;;
PROSPERIDADE II;DMMD 1931;F;;;;
PROSPERIDADE II;DMMD 1937;F;;;;
PROSPERIDADE II;DMMD 1939;F;;;;
PROSPERIDADE II;DMMD 1956;F;;;;
PROSPERIDADE II;DMMD 1957;F;;;;
PROSPERIDADE II;DMMD 1963;F;;;;
PROSPERIDADE II;DMMD 1971;F;;;;
PROSPERIDADE II;DMMD 1976;F;;;;
PROSPERIDADE II;DMMD 1990;F;;;;
PROSPERIDADE II;DMMD 1991;F;;;;
PROSPERIDADE II;DMMD 1992;F;;;;
PROSPERIDADE II;DMMD 1995;F;;;;
PROSPERIDADE II;DMMD 1996;F;;;;
PROSPERIDADE II;DMMD 2002;F;;;;
PROSPERIDADE II;DMMD 2006;F;;;;
PROSPERIDADE II;DMMD 2007;F;;;;
PROSPERIDADE II;DMMD 2008;F;;;;
PROSPERIDADE II;DMMD 2010;F;;;;
PROSPERIDADE II;DMMD 2012;F;;;;
PROSPERIDADE II;DMMD 2018;F;;;;
PROSPERIDADE II;DMMD 2020;F;;;;
PROSPERIDADE II;DMMD 2022;F;;;;
PROSPERIDADE II;DMMD 2027;F;;;;
PROSPERIDADE II;DMMD 2028;F;;;;
PROSPERIDADE II;DMMD 2029;F;;;;
PROSPERIDADE II;DMMD 2030;F;;;;
PROSPERIDADE II;DMMD 2031;F;;;;
PROSPERIDADE II;DMMD 2049;F;;;;
PROSPERIDADE II;DMMD 2054;F;;;;
PROSPERIDADE II;DMMD 2061;F;;;;
PROSPERIDADE II;DMMD 2064;F;;;;
PROSPERIDADE II;DMMD 2076;F;;;;
PROSPERIDADE II;DMMD 2093;F;;;;
PROSPERIDADE II;DMMD 2103;F;;;;
PROSPERIDADE II;DMMD 2116;F;;;;
PROSPERIDADE II;DMMD 2126;F;;;;
PROSPERIDADE II;DMMD 2132;F;;;;
PROSPERIDADE II;DMMD 2141;F;;;;
PROSPERIDADE II;DMMD 2152;F;;;;
PROSPERIDADE II;DMMD 2156;F;;;;
PROSPERIDADE II;DMMD 2164;F;;;;
PROSPERIDADE II;DMMD 2165;F;;;;
PROSPERIDADE II;DMMD 2169;F;;;;
PROSPERIDADE II;DMMD 2172;F;;;;
PROSPERIDADE II;DMMD 2175;F;;;;
PROSPERIDADE II;DMMD 2176;F;;;;
PROSPERIDADE II;DMMD 2178;F;;;;
PROSPERIDADE II;DMMD 2188;F;;;;
PROSPERIDADE II;DMMD 2191;F;;;;
PROSPERIDADE II;DMMD 2196;F;;;;
PROSPERIDADE II;DMMD 2205;F;;;;
PROSPERIDADE II;DMMD 2207;F;;;;
PROSPERIDADE II;DMMD 2210;F;;;;
PROSPERIDADE II;DMMD 2220;F;;;;
PROSPERIDADE II;DMMD 2221;F;;;;
PROSPERIDADE II;DMMD 2225;F;;;;
PROSPERIDADE II;DMMD 2226;F;;;;
PROSPERIDADE II;DMMD 2232;F;;;;
PROSPERIDADE II;DMMD 2233;F;;;;
PROSPERIDADE II;DMMD 2237;F;;;;
PROSPERIDADE II;DMMD 2239;F;;;;
PROSPERIDADE II;DMMD 2252;F;;;;
PROSPERIDADE II;DMMD 2282;F;;;;
PROSPERIDADE II;DMMD 2296;F;;;;
PROSPERIDADE II;DMMD 2312;F;;;;
PROSPERIDADE II;DMMD 2324;F;;;;
PROSPERIDADE II;DMMD 2338;F;;;;
PROSPERIDADE II;DMMD 2339;F;;;;
PROSPERIDADE II;DMMD 2342;F;;;;
PROSPERIDADE II;DMMD 2343;F;;;;
PROSPERIDADE II;DMMD 2349;F;;;;
PROSPERIDADE II;DMMD 2351;F;;;;
PROSPERIDADE II;DMMD 2357;F;;;;
PROSPERIDADE II;DMMD 2360;F;;;;
PROSPERIDADE II;DMMD 2368;F;;;;
PROSPERIDADE II;DMMD 2374;F;;;;
PROSPERIDADE II;DMMD 2377;F;;;;
PROSPERIDADE II;DMMD 2380;F;;;;
PROSPERIDADE II;DMMD 2391;F;;;;
PROSPERIDADE II;DMMD 2394;F;;;;
PROSPERIDADE II;DMMD 2408;F;;;;
PROSPERIDADE II;DMMD 2416;F;;;;
PROSPERIDADE II;DMMD 2418;F;;;;
PROSPERIDADE II;DMMD 2420;F;;;;
PROSPERIDADE II;DMMD 2451;F;;;;
PROSPERIDADE II;DMMD 2454;F;;;;
PROSPERIDADE II;DMMD 2455;F;;;;
PROSPERIDADE II;DMMD 2456;F;;;;
PROSPERIDADE II;DMMD 2459;F;;;;
PROSPERIDADE II;DMMD 2472;F;;;;
PROSPERIDADE II;DMMD 2478;F;;;;
PROSPERIDADE II;DMMD 2497;F;;;;
PROSPERIDADE II;DMMD 2503;F;;;;
PROSPERIDADE II;DMMD 2510;F;;;;
PROSPERIDADE II;DMMD 2513;F;;;;
PROSPERIDADE II;DMMD 2522;F;;;;
PROSPERIDADE II;DMMD 2531;F;;;;
PROSPERIDADE II;DMMD 2532;F;;;;
PROSPERIDADE II;DMMD 2535;F;;;;
PROSPERIDADE II;DMMD 2537;F;;;;
PROSPERIDADE II;DMMD 2541;F;;;;
PROSPERIDADE II;DMMD 2542;F;;;;
PROSPERIDADE II;DMMD 2549;F;;;;
PROSPERIDADE II;DMMD 2568;F;;;;
PROSPERIDADE II;DMMD 2570;F;;;;
PROSPERIDADE II;DMMD 2572;F;;;;
PROSPERIDADE II;DMMD 2579;F;;;;
PROSPERIDADE II;DMMD 2580;F;;;;
PROSPERIDADE II;DMMD 2581;F;;;;
PROSPERIDADE II;DMMD 2582;F;;;;
PROSPERIDADE II;DMMD 2586;F;;;;
PROSPERIDADE II;DMMD 2588;F;;;;
PROSPERIDADE II;DMMD 2599;F;;;;
PROSPERIDADE II;DMMD 2601;F;;;;
PROSPERIDADE II;DMMD 2602;F;;;;
PROSPERIDADE II;DMMD 2606;F;;;;
PROSPERIDADE II;DMMD 2608;F;;;;
PROSPERIDADE II;DMMD 2615;F;;;;
PROSPERIDADE II;DMMD 2617;F;;;;
PROSPERIDADE II;DMMD 2618;F;;;;
PROSPERIDADE II;DMMD 2620;F;;;;
PROSPERIDADE II;DMMD 2633;F;;;;
PROSPERIDADE II;DMMD 2636;F;;;;
PROSPERIDADE II;DMMD 2641;F;;;;
PROSPERIDADE II;DMMD 2642;F;;;;
PROSPERIDADE II;DMMD 2643;F;;;;
PROSPERIDADE II;DMMD 2654;F;;;;
PROSPERIDADE II;DMMD 2658;F;;;;
PROSPERIDADE II;DMMD 2659;F;;;;
PROSPERIDADE II;DMMD 2660;F;;;;
PROSPERIDADE II;DMMD 2669;F;;;;
PROSPERIDADE II;DMMD 2673;F;;;;
PROSPERIDADE II;DMMD 2680;F;;;;
PROSPERIDADE II;DMMD 2710;F;;;;
PROSPERIDADE II;DMMD 2728;F;;;;
PROSPERIDADE II;DMMD 2729;F;;;;
PROSPERIDADE II;DMMD 2734;F;;;;
PROSPERIDADE II;DMMD 2736;F;;;;
PROSPERIDADE II;DMMD 2738;F;;;;
PROSPERIDADE II;DMMD 2759;F;;;;
PROSPERIDADE II;DMMD 2764;F;;;;
PROSPERIDADE II;DMMD 2765;F;;;;
PROSPERIDADE II;DMMD 2768;F;;;;
PROSPERIDADE II;DMMD 2774;F;;;;
PROSPERIDADE II;DMMD 2790;F;;;;
PROSPERIDADE II;DMMD 2791;F;;;;
PROSPERIDADE II;DMMD 2792;F;;;;
PROSPERIDADE II;DMMD 2794;F;;;;
PROSPERIDADE II;DMMD 2800;F;;;;
PROSPERIDADE II;DMMD 2805;F;;;;
PROSPERIDADE II;DMMD 2806;F;;;;
PROSPERIDADE II;DMMD 2810;F;;;;
PROSPERIDADE II;DMMD 2813;F;;;;
PROSPERIDADE II;DMMD 2819;F;;;;
PROSPERIDADE II;DMMD 2823;F;;;;
PROSPERIDADE II;DMMD 2827;F;;;;
PROSPERIDADE II;DMMD 2836;F;;;;
PROSPERIDADE II;DMMD 2839;F;;;;
PROSPERIDADE II;DMMD 2843;F;;;;
PROSPERIDADE II;DMMD 2844;F;;;;
PROSPERIDADE II;DMMD 2850;F;;;;
PROSPERIDADE II;DMMD 2852;F;;;;
PROSPERIDADE II;DMMD 2861;F;;;;
PROSPERIDADE II;DMMD 2865;F;;;;
PROSPERIDADE II;DMMD 2867;F;;;;
PROSPERIDADE II;DMMD 2869;F;;;;
PROSPERIDADE II;DMMD 2876;F;;;;
PROSPERIDADE II;DMMD 2879;F;;;;
PROSPERIDADE II;DMMD 2886;F;;;;
PROSPERIDADE II;DMMD 2891;F;;;;
PROSPERIDADE II;DMMD 2893;F;;;;
PROSPERIDADE II;DMMD 2894;F;;;;
PROSPERIDADE II;DMMD 2898;F;;;;
PROSPERIDADE II;DMMD 2901;F;;;;
PROSPERIDADE II;DMMD 2910;F;;;;
PROSPERIDADE II;DMMD 2911;F;;;;
PROSPERIDADE II;DMMD 2915;F;;;;
PROSPERIDADE II;DMMD 2919;F;;;;
PROSPERIDADE II;DMMD 2938;F;;;;
PROSPERIDADE II;DMMD 2945;F;;;;
PROSPERIDADE II;DMMD 2950;F;;;;
PROSPERIDADE II;DMMD 2951;F;;;;
PROSPERIDADE II;DMMD 2955;F;;;;
PROSPERIDADE II;DMMD 2957;F;;;;
PROSPERIDADE II;DMMD 2958;F;;;;
PROSPERIDADE II;DMMD 2961;F;;;;
PROSPERIDADE II;DMMD 2964;F;;;;
PROSPERIDADE II;DMMD 2969;F;;;;
PROSPERIDADE II;DMMD 2974;F;;;;
PROSPERIDADE II;DMMD 2977;F;;;;
PROSPERIDADE II;DMMD 2980;F;;;;
PROSPERIDADE II;DMMD 2998;F;;;;
PROSPERIDADE II;DMMD 3001;F;;;;
PROSPERIDADE II;DMMD 3002;F;;;;
PROSPERIDADE II;DMMD 3021;F;;;;
PROSPERIDADE II;DMMD 3023;F;;;;
PROSPERIDADE II;DMMD 3031;F;;;;
PROSPERIDADE II;DMMD 3036;F;;;;
PROSPERIDADE II;DMMD 3039;F;;;;
PROSPERIDADE II;DMMD 3041;F;;;;
PROSPERIDADE II;DMMD 3044;F;;;;
PROSPERIDADE II;DMMD 3059;F;;;;
PROSPERIDADE II;DMMD 3061;F;;;;
PROSPERIDADE II;DMMD 3064;F;;;;
PROSPERIDADE II;DMMD 3067;F;;;;
PROSPERIDADE II;DMMD 3080;F;;;;
PROSPERIDADE II;DMMD 3081;F;;;;
PROSPERIDADE II;DMMD 3085;F;;;;
PROSPERIDADE II;DMMD 3087;F;;;;
PROSPERIDADE II;DMMD 3096;F;;;;
PROSPERIDADE II;DMMD 3099;F;;;;
PROSPERIDADE II;DMMD 3101;F;;;;
PROSPERIDADE II;DMMD 3102;F;;;;
PROSPERIDADE II;DMMD 3130;F;;;;
PROSPERIDADE II;DMMD 3148;F;;;;
PROSPERIDADE II;DMMD 3171;F;;;;
PROSPERIDADE II;DMMD 3184;F;;;;
PROSPERIDADE II;DMMD 3188;F;;;;
PROSPERIDADE II;DMMD 3204;F;;;;
PROSPERIDADE II;DMMD 3215;F;;;;
PROSPERIDADE II;DMMD 3219;F;;;;
PROSPERIDADE II;DMMD 3225;F;;;;
PROSPERIDADE II;DMMD 3227;F;;;;
PROSPERIDADE II;DMMD 3228;F;;;;
PROSPERIDADE II;DMMD 3230;F;;;;
PROSPERIDADE II;DMMD 3232;F;;;;
PROSPERIDADE II;DMMD 3233;F;;;;
PROSPERIDADE II;DMMD 3234;F;;;;
PROSPERIDADE II;DMMD 3236;F;;;;
PROSPERIDADE II;DMMD 3240;F;;;;
PROSPERIDADE II;DMMD 3246;F;;;;
PROSPERIDADE II;DMMD 3247;F;;;;
PROSPERIDADE II;DMMD 3249;F;;;;
PROSPERIDADE II;DMMD 3251;F;;;;
PROSPERIDADE II;DMMD 3253;F;;;;
PROSPERIDADE II;DMMD 3256;F;;;;
PROSPERIDADE II;DMMD 3257;F;;;;
PROSPERIDADE II;DMMD 3258;F;;;;
PROSPERIDADE II;DMMD 3263;F;;;;
PROSPERIDADE II;DMMD 3264;F;;;;
PROSPERIDADE II;DMMD 3265;F;;;;
PROSPERIDADE II;DMMD 3280;F;;;;
PROSPERIDADE II;DMMD 3284;F;;;;
PROSPERIDADE II;DMMD 3290;F;;;;
PROSPERIDADE II;DMMD 3291;F;;;;
PROSPERIDADE II;DMMD 3292;F;;;;
PROSPERIDADE II;DMMD 3298;F;;;;
PROSPERIDADE II;DMMD 3299;F;;;;
PROSPERIDADE II;DMMD 3300;F;;;;
PROSPERIDADE II;DMMD 3302;F;;;;
PROSPERIDADE II;DMMD 3305;F;;;;
PROSPERIDADE II;DMMD 3306;F;;;;
PROSPERIDADE II;DMMD 3311;F;;;;
PROSPERIDADE II;DMMD 3314;F;;;;
PROSPERIDADE II;DMMD 3318;F;;;;
PROSPERIDADE II;DMMD 3323;F;;;;
PROSPERIDADE II;DMMD 3325;F;;;;
PROSPERIDADE II;DMMD 3327;F;;;;
PROSPERIDADE II;DMMD 3334;F;;;;
PROSPERIDADE II;DMMD 3337;F;;;;
PROSPERIDADE II;DMMD 3341;F;;;;
PROSPERIDADE II;DMMD 3357;F;;;;
PROSPERIDADE II;DMMD 3360;F;;;;
PROSPERIDADE II;DMMD 3364;F;;;;
PROSPERIDADE II;DMMD 3378;F;;;;
PROSPERIDADE II;DMMD 3388;F;;;;
PROSPERIDADE II;DMMD 3389;F;;;;
PROSPERIDADE II;DMMD 3394;F;;;;
PROSPERIDADE II;DMMD 3406;F;;;;
PROSPERIDADE II;DMMD 3413;F;;;;
PROSPERIDADE II;DMMD 3415;F;;;;
PROSPERIDADE II;DMMD 3421;F;;;;
PROSPERIDADE II;DMMD 3431;F;;;;
PROSPERIDADE II;DMMD 3504;F;;;;
PROSPERIDADE II;DMMD 3510;F;;;;
PROSPERIDADE II;DMMD 3518;F;;;;
PROSPERIDADE II;DMMD 3539;F;;;;
PROSPERIDADE II;DMMD 3548;F;;;;
PROSPERIDADE II;DMMD 3578;F;;;;
PROSPERIDADE II;DMMD 3581;F;;;;
PROSPERIDADE II;DMMD 3582;F;;;;
PROSPERIDADE II;DMMD 3585;F;;;;
PROSPERIDADE II;DMMD 3597;F;;;;
PROSPERIDADE II;DMMD 3604;F;;;;
PROSPERIDADE II;DMMD 3939;F;;;;
PROSPERIDADE II;DMMD1947;F;;;;
PROSPERIDADE II;DMMD2467;F;;;;
PROSPERIDADE II;DMMD2502;F;;;;
PROSPERIDADE II;DMMD2520;F;;;;
PROSPERIDADE II;DMMD2671;F;;;;
PROSPERIDADE II;DMMD2747;F;;;;
PROSPERIDADE II;DMMD3045;F;;;;
PROSPERIDADE II;DMMD3090;F;;;;
PROSPERIDADE II;DMMD3225;F;;;;
PROSPERIDADE II;DMMD3262;F;;;;
PROSPERIDADE II;DMMD3385;F;;;;
PROSPERIDADE II;DMMD3532;F;;;;
PROSPERIDADE II;DMMD3562;F;;;;
PROSPERIDADE II;DMMD3569;F;;;;
PROSPERIDADE II;DMMD3646;F;;;;
BOA ESPERANÇA;DMML 394;M;;;;
PROSPERIDADE II;DMML 429;F;;;;
PROSPERIDADE II;DSF 6313;F;;;;
PROSPERIDADE II;DSF 6467;F;;;;
BOA ESPERANÇA;E1;M;;;;
BOA ESPERANÇA;E10;F;;;;
MARIA DE JESUS;E1001;F;;;;
MARIA DE JESUS;E1002;F;;;;
MARIA DE JESUS;E1003;F;;;;
MARIA DE JESUS;E1004;F;;;;
MARIA DE JESUS;E1005;F;;;;
MARIA DE JESUS;E1006;F;;;;
MARIA DE JESUS;E1007;F;;;;
MARIA DE JESUS;E1008;F;;;;
MARIA DE JESUS;E1009;F;;;;
IMPERIAL II;E101;M;;;;
MARIA DE JESUS;E1010;F;;;;
MARIA DE JESUS;E1011;F;;;;
MARIA DE JESUS;E1012;F;;;;
MARIA DE JESUS;E1013;F;;;;
MARIA DE JESUS;E1014;F;;;;
MARIA DE JESUS;E1015;F;;;;
MARIA DE JESUS;E1016;F;;;;
MARIA DE JESUS;E1017;F;;;;
MARIA DE JESUS;E1018;F;;;;
MARIA DE JESUS;E1019;F;;;;
IMPERIAL II;E102;F;;;;
MARIA DE JESUS;E1020;F;;;;
MARIA DE JESUS;E1021;F;;;;
MARIA DE JESUS;E1022;F;;;;
MARIA DE JESUS;E1023;F;;;;
MARIA DE JESUS;E1024;F;;;;
MARIA DE JESUS;E1025;F;;;;
MARIA DE JESUS;E1026;F;;;;
MARIA DE JESUS;E1027;F;;;;
MARIA DE JESUS;E1028;F;;;;
MARIA DE JESUS;E1029;F;;;;
IMPERIAL II;E103;F;;;;
MARIA DE JESUS;E1030;F;;;;
MARIA DE JESUS;E1031;F;;;;
MARIA DE JESUS;E1032;F;;;;
MARIA DE JESUS;E1033;F;;;;
MARIA DE JESUS;E1034;F;;;;
MARIA DE JESUS;E1035;F;;;;
MARIA DE JESUS;E1036;F;;;;
MARIA DE JESUS;E1037;F;;;;
MARIA DE JESUS;E1038;F;;;;
MARIA DE JESUS;E1039;F;;;;
IMPERIAL II;E104;M;;;;
MARIA DE JESUS;E1040;F;;;;
MARIA DE JESUS;E1041;F;;;;
MARIA DE JESUS;E1042;F;;;;
MARIA DE JESUS;E1043;F;;;;
MARIA DE JESUS;E1044;F;;;;
MARIA DE JESUS;E1045;F;;;;
MARIA DE JESUS;E1046;F;;;;
MARIA DE JESUS;E1047;F;;;;
MARIA DE JESUS;E1048;F;;;;
MARIA DE JESUS;E1049;F;;;;
IMPERIAL II;E105;F;;;;
MARIA DE JESUS;E1050;F;;;;
MARIA DE JESUS;E1051;F;;;;
MARIA DE JESUS;E1052;F;;;;
MARIA DE JESUS;E1053;F;;;;
MARIA DE JESUS;E1054;F;;;;
MARIA DE JESUS;E1055;F;;;;
MARIA DE JESUS;E1056;F;;;;
MARIA DE JESUS;E1057;F;;;;
MARIA DE JESUS;E1058;F;;;;
MARIA DE JESUS;E1059;F;;;;
IMPERIAL II;E106;F;;;;
MARIA DE JESUS;E1060;F;;;;
MARIA DE JESUS;E1061;F;;;;
MARIA DE JESUS;E1062;F;;;;
MARIA DE JESUS;E1063;F;;;;
MARIA DE JESUS;E1064;F;;;;
MARIA DE JESUS;E1065;F;;;;
MARIA DE JESUS;E1066;F;;;;
MARIA DE JESUS;E1067;F;;;;
MARIA DE JESUS;E1068;F;;;;
MARIA DE JESUS;E1069;F;;;;
IMPERIAL II;E107;F;;;;
MARIA DE JESUS;E1070;F;;;;
MARIA DE JESUS;E1071;F;;;;
MARIA DE JESUS;E1072;F;;;;
MARIA DE JESUS;E1073;F;;;;
MARIA DE JESUS;E1074;F;;;;
MARIA DE JESUS;E1075;F;;;;
MARIA DE JESUS;E1076;F;;;;
MARIA DE JESUS;E1077;F;;;;
MARIA DE JESUS;E1078;F;;;;
MARIA DE JESUS;E1079;F;;;;
IMPERIAL II;E108;M;;;;
MARIA DE JESUS;E1080;F;;;;
MARIA DE JESUS;E1081;F;;;;
MARIA DE JESUS;E1082;F;;;;
MARIA DE JESUS;E1083;F;;;;
MARIA DE JESUS;E1084;F;;;;
MARIA DE JESUS;E1085;F;;;;
MARIA DE JESUS;E1086;F;;;;
MARIA DE JESUS;E1087;F;;;;
MARIA DE JESUS;E1088;F;;;;
MARIA DE JESUS;E1089;F;;;;
MARIA DE JESUS;E1090;F;;;;
MARIA DE JESUS;E1091;F;;;;
MARIA DE JESUS;E1092;F;;;;
MARIA DE JESUS;E1093;F;;;;
MARIA DE JESUS;E1094;F;;;;
MARIA DE JESUS;E1095;F;;;;
MARIA DE JESUS;E1096;F;;;;
MARIA DE JESUS;E1097;F;;;;
MARIA DE JESUS;E1098;F;;;;
MARIA DE JESUS;E1099;F;;;;
IMPERIAL II;E110;M;;;;
MARIA DE JESUS;E1100;F;;;;
MARIA DE JESUS;E1101;F;;;;
MARIA DE JESUS;E1102;F;;;;
MARIA DE JESUS;E1103;F;;;;
MARIA DE JESUS;E1104;F;;;;
MARIA DE JESUS;E1105;F;;;;
MARIA DE JESUS;E1106;F;;;;
MARIA DE JESUS;E1107;F;;;;
MARIA DE JESUS;E1108;F;;;;
MARIA DE JESUS;E1109;F;;;;
IMPERIAL II;E111;M;;;;
MARIA DE JESUS;E1110;F;;;;
MARIA DE JESUS;E1111;F;;;;
MARIA DE JESUS;E1112;F;;;;
MARIA DE JESUS;E1113;F;;;;
MARIA DE JESUS;E1114;F;;;;
MARIA DE JESUS;E1115;F;;;;
MARIA DE JESUS;E1116;F;;;;
MARIA DE JESUS;E1117;F;;;;
MARIA DE JESUS;E1118;F;;;;
MARIA DE JESUS;E1119;F;;;;
IMPERIAL II;E112;M;;;;
MARIA DE JESUS;E1120;F;;;;
MARIA DE JESUS;E1121;F;;;;
MARIA DE JESUS;E1122;F;;;;
MARIA DE JESUS;E1123;F;;;;
MARIA DE JESUS;E1124;F;;;;
MARIA DE JESUS;E1125;F;;;;
MARIA DE JESUS;E1126;F;;;;
MARIA DE JESUS;E1127;F;;;;
MARIA DE JESUS;E1128;F;;;;
MARIA DE JESUS;E1129;F;;;;
IMPERIAL II;E113;F;;;;
MARIA DE JESUS;E1130;F;;;;
MARIA DE JESUS;E1131;F;;;;
MARIA DE JESUS;E1132;F;;;;
MARIA DE JESUS;E1133;F;;;;
MARIA DE JESUS;E1134;F;;;;
MARIA DE JESUS;E1135;F;;;;
MARIA DE JESUS;E1136;F;;;;
MARIA DE JESUS;E1137;M;;;;
MARIA DE JESUS;E1138;F;;;;
MARIA DE JESUS;E1139;F;;;;
IMPERIAL II;E114;M;;;;
MARIA DE JESUS;E1140;M;;;;
MARIA DE JESUS;E1141;F;;;;
MARIA DE JESUS;E1142;M;;;;
MARIA DE JESUS;E1143;M;;;;
MARIA DE JESUS;E1144;M;;;;
MARIA DE JESUS;E1145;M;;;;
MARIA DE JESUS;E1146;M;;;;
MARIA DE JESUS;E1147;M;;;;
MARIA DE JESUS;E1148;M;;;;
MARIA DE JESUS;E1149;M;;;;
IMPERIAL II;E115;F;;;;
MARIA DE JESUS;E1150;F;;;;
MARIA DE JESUS;E1151;M;;;;
MARIA DE JESUS;E1152;F;;;;
MARIA DE JESUS;E1153;F;;;;
MARIA DE JESUS;E1154;M;;;;
MARIA DE JESUS;E1155;F;;;;
MARIA DE JESUS;E1156;M;;;;
MARIA DE JESUS;E1157;F;;;;
MARIA DE JESUS;E1158;M;;;;
MARIA DE JESUS;E1159;M;;;;
IMPERIAL II;E116;M;;;;
MARIA DE JESUS;E1160;F;;;;
MARIA DE JESUS;E1161;M;;;;
MARIA DE JESUS;E1162;M;;;;
MARIA DE JESUS;E1163;M;;;;
MARIA DE JESUS;E1164;M;;;;
MARIA DE JESUS;E1165;M;;;;
MARIA DE JESUS;E1166;M;;;;
MARIA DE JESUS;E1167;M;;;;
MARIA DE JESUS;E1168;F;;;;
MARIA DE JESUS;E1169;F;;;;
MARIA DE JESUS;E1170;F;;;;
MARIA DE JESUS;E1171;F;;;;
MARIA DE JESUS;E1172;M;;;;
MARIA DE JESUS;E1173;F;;;;
MARIA DE JESUS;E1174;M;;;;
MARIA DE JESUS;E1175;F;;;;
MARIA DE JESUS;E1176;F;;;;
MARIA DE JESUS;E1177;F;;;;
MARIA DE JESUS;E1178;F;;;;
MARIA DE JESUS;E1179;M;;;;
IMPERIAL II;E118;M;;;;
MARIA DE JESUS;E1180;M;;;;
MARIA DE JESUS;E1181;F;;;;
MARIA DE JESUS;E1182;M;;;;
MARIA DE JESUS;E1183;M;;;;
MARIA DE JESUS;E1184;M;;;;
MARIA DE JESUS;E1185;F;;;;
MARIA DE JESUS;E1186;F;;;;
MARIA DE JESUS;E1187;F;;;;
MARIA DE JESUS;E1188;M;;;;
MARIA DE JESUS;E1189;M;;;;
IMPERIAL II;E119;M;;;;
MARIA DE JESUS;E1190;M;;;;
MARIA DE JESUS;E1191;F;;;;
MARIA DE JESUS;E1192;M;;;;
MARIA DE JESUS;E1193;M;;;;
MARIA DE JESUS;E1194;F;;;;
MARIA DE JESUS;E1195;F;;;;
MARIA DE JESUS;E1196;F;;;;
MARIA DE JESUS;E1197;M;;;;
MARIA DE JESUS;E1198;M;;;;
MARIA DE JESUS;E1199;M;;;;
BOA ESPERANÇA;E12;F;;;;
MARIA DE JESUS;E1200;M;;;;
MARIA DE JESUS;E1201;F;;;;
MARIA DE JESUS;E1202;F;;;;
MARIA DE JESUS;E1203;F;;;;
MARIA DE JESUS;E1204;M;;;;
MARIA DE JESUS;E1205;F;;;;
MARIA DE JESUS;E1206;M;;;;
MARIA DE JESUS;E1207;M;;;;
MARIA DE JESUS;E1208;F;;;;
MARIA DE JESUS;E1209;F;;;;
IMPERIAL II;E121;M;;;;
MARIA DE JESUS;E1210;M;;;;
MARIA DE JESUS;E1211;F;;;;
MARIA DE JESUS;E1212;F;;;;
MARIA DE JESUS;E1213;F;;;;
MARIA DE JESUS;E1214;M;;;;
MARIA DE JESUS;E1215;F;;;;
MARIA DE JESUS;E1216;M;;;;
MARIA DE JESUS;E1217;M;;;;
MARIA DE JESUS;E1218;F;;;;
MARIA DE JESUS;E1219;M;;;;
IMPERIAL II;E122;F;;;;
MARIA DE JESUS;E1220;M;;;;
MARIA DE JESUS;E1221;F;;;;
MARIA DE JESUS;E1222;M;;;;
MARIA DE JESUS;E1223;F;;;;
MARIA DE JESUS;E1224;F;;;;
MARIA DE JESUS;E1225;F;;;;
MARIA DE JESUS;E1226;M;;;;
MARIA DE JESUS;E1227;M;;;;
MARIA DE JESUS;E1228;F;;;;
MARIA DE JESUS;E1229;F;;;;
IMPERIAL II;E123;F;;;;
MARIA DE JESUS;E1230;M;;;;
MARIA DE JESUS;E1231;M;;;;
MARIA DE JESUS;E1232;F;;;;
MARIA DE JESUS;E1233;F;;;;
MARIA DE JESUS;E1234;F;;;;
MARIA DE JESUS;E1235;M;;;;
MARIA DE JESUS;E1236;M;;;;
MARIA DE JESUS;E1237;F;;;;
MARIA DE JESUS;E1238;F;;;;
MARIA DE JESUS;E1239;M;;;;
IMPERIAL II;E124;F;;;;
MARIA DE JESUS;E1240;M;;;;
MARIA DE JESUS;E1241;F;;;;
MARIA DE JESUS;E1242;F;;;;
MARIA DE JESUS;E1243;M;;;;
MARIA DE JESUS;E1244;F;;;;
MARIA DE JESUS;E1245;M;;;;
MARIA DE JESUS;E1246;M;;;;
MARIA DE JESUS;E1247;M;;;;
MARIA DE JESUS;E1248;F;;;;
MARIA DE JESUS;E1249;M;;;;
MARIA DE JESUS;E1250;M;;;;
MARIA DE JESUS;E1251;M;;;;
MARIA DE JESUS;E1252;F;;;;
MARIA DE JESUS;E1253;M;;;;
MARIA DE JESUS;E1254;M;;;;
MARIA DE JESUS;E1255;F;;;;
MARIA DE JESUS;E1256;F;;;;
MARIA DE JESUS;E1257;M;;;;
MARIA DE JESUS;E1258;M;;;;
MARIA DE JESUS;E1259;F;;;;
IMPERIAL II;E126;M;;;;
MARIA DE JESUS;E1260;F;;;;
MARIA DE JESUS;E1261;F;;;;
IMPERIAL II;E127;M;;;;
IMPERIAL II;E128;F;;;;
IMPERIAL II;E129;F;;;;
BOA ESPERANÇA;E13;M;;;;
IMPERIAL II;E130;F;;;;
BOA ESPERANÇA;E14;F;;;;
BOA ESPERANÇA;E16;F;;;;
BOA ESPERANÇA;E17;F;;;;
BOA ESPERANÇA;E18;M;;;;
BOA ESPERANÇA;E19;F;;;;
BOA ESPERANÇA;E2;M;;;;
BOA ESPERANÇA;E20;M;;;;
BOA ESPERANÇA;E202;F;;;;
BOA ESPERANÇA;E203;F;;;;
BOA ESPERANÇA;E204;F;;;;
BOA ESPERANÇA;E205;F;;;;
BOA ESPERANÇA;E206;M;;;;
BOA ESPERANÇA;E207;F;;;;
BOA ESPERANÇA;E208;F;;;;
BOA ESPERANÇA;E209;F;;;;
BOA ESPERANÇA;E21;F;;;;
BOA ESPERANÇA;E210;F;;;;
BOA ESPERANÇA;E211;M;;;;
BOA ESPERANÇA;E212;M;;;;
BOA ESPERANÇA;E213;F;;;;
BOA ESPERANÇA;E214;F;;;;
BOA ESPERANÇA;E215;M;;;;
BOA ESPERANÇA;E216;F;;;;
BOA ESPERANÇA;E217;F;;;;
BOA ESPERANÇA;E218;F;;;;
BOA ESPERANÇA;E219;M;;;;
BOA ESPERANÇA;E22;M;;;;
BOA ESPERANÇA;E220;M;;;;
BOA ESPERANÇA;E221;M;;;;
BOA ESPERANÇA;E222;M;;;;
BOA ESPERANÇA;E223;M;;;;
BOA ESPERANÇA;E224;M;;;;
BOA ESPERANÇA;E225;M;;;;
BOA ESPERANÇA;E226;F;;;;
BOA ESPERANÇA;E227;F;;;;
BOA ESPERANÇA;E228;F;;;;
BOA ESPERANÇA;E229;F;;;;
BOA ESPERANÇA;E23;F;;;;
BOA ESPERANÇA;E230;F;;;;
BOA ESPERANÇA;E231;F;;;;
BOA ESPERANÇA;E232;M;;;;
BOA ESPERANÇA;E233;M;;;;
BOA ESPERANÇA;E234;F;;;;
BOA ESPERANÇA;E235;F;;;;
BOA ESPERANÇA;E236;M;;;;
BOA ESPERANÇA;E237;F;;;;
BOA ESPERANÇA;E238;M;;;;
BOA ESPERANÇA;E239;M;;;;
BOA ESPERANÇA;E24;M;;;;
BOA ESPERANÇA;E240;M;;;;
BOA ESPERANÇA;E241;M;;;;
BOA ESPERANÇA;E242;M;;;;
BOA ESPERANÇA;E243;M;;;;
BOA ESPERANÇA;E244;M;;;;
BOA ESPERANÇA;E245;M;;;;
BOA ESPERANÇA;E246;F;;;;
BOA ESPERANÇA;E247;F;;;;
BOA ESPERANÇA;E248;F;;;;
BOA ESPERANÇA;E249;M;;;;
BOA ESPERANÇA;E25;M;;;;
BOA ESPERANÇA;E250;F;;;;
BOA ESPERANÇA;E251;M;;;;
BOA ESPERANÇA;E252;M;;;;
BOA ESPERANÇA;E253;F;;;;
BOA ESPERANÇA;E254;F;;;;
BOA ESPERANÇA;E255;M;;;;
BOA ESPERANÇA;E256;F;;;;
BOA ESPERANÇA;E257;F;;;;
BOA ESPERANÇA;E258;M;;;;
BOA ESPERANÇA;E259;M;;;;
BOA ESPERANÇA;E260;M;;;;
BOA ESPERANÇA;E261;F;;;;
BOA ESPERANÇA;E262;F;;;;
BOA ESPERANÇA;E263;F;;;;
BOA ESPERANÇA;E264;M;;;;
BOA ESPERANÇA;E265;M;;;;
BOA ESPERANÇA;E266;M;;;;
BOA ESPERANÇA;E267;F;;;;
BOA ESPERANÇA;E268;F;;;;
BOA ESPERANÇA;E269;M;;;;
BOA ESPERANÇA;E27;M;;;;
BOA ESPERANÇA;E270;M;;;;
BOA ESPERANÇA;E271;M;;;;
BOA ESPERANÇA;E272;M;;;;
BOA ESPERANÇA;E273;F;;;;
BOA ESPERANÇA;E274;M;;;;
BOA ESPERANÇA;E275;F;;;;
BOA ESPERANÇA;E276;M;;;;
BOA ESPERANÇA;E277;F;;;;
BOA ESPERANÇA;E278;F;;;;
BOA ESPERANÇA;E279;F;;;;
BOA ESPERANÇA;E28;M;;;;
BOA ESPERANÇA;E280;F;;;;
BOA ESPERANÇA;E281;F;;;;
BOA ESPERANÇA;E282;F;;;;
BOA ESPERANÇA;E283;F;;;;
BOA ESPERANÇA;E284;F;;;;
BOA ESPERANÇA;E285;M;;;;
BOA ESPERANÇA;E286;M;;;;
BOA ESPERANÇA;E287;F;;;;
BOA ESPERANÇA;E288;M;;;;
BOA ESPERANÇA;E289;F;;;;
BOA ESPERANÇA;E29;M;;;;
BOA ESPERANÇA;E290;M;;;;
BOA ESPERANÇA;E291;F;;;;
BOA ESPERANÇA;E292;F;;;;
BOA ESPERANÇA;E293;F;;;;
BOA ESPERANÇA;E294;F;;;;
BOA ESPERANÇA;E295;F;;;;
BOA ESPERANÇA;E296;F;;;;
BOA ESPERANÇA;E297;F;;;;
BOA ESPERANÇA;E298;F;;;;
BOA ESPERANÇA;E299;M;;;;
BOA ESPERANÇA;E30;M;;;;
BOA ESPERANÇA III;E301;M;;;;
BOA ESPERANÇA III;E302;F;;;;
BOA ESPERANÇA III;E303;M;;;;
BOA ESPERANÇA III;E304;M;;;;
BOA ESPERANÇA III;E305;M;;;;
BOA ESPERANÇA III;E306;M;;;;
BOA ESPERANÇA III;E307;M;;;;
BOA ESPERANÇA III;E308;M;;;;
BOA ESPERANÇA III;E309;M;;;;
BOA ESPERANÇA;E31;M;;;;
BOA ESPERANÇA III;E310;M;;;;
BOA ESPERANÇA III;E311;M;;;;
BOA ESPERANÇA III;E312;F;;;;
BOA ESPERANÇA III;E313;F;;;;
BOA ESPERANÇA III;E314;M;;;;
BOA ESPERANÇA III;E315;M;;;;
BOA ESPERANÇA III;E316;F;;;;
BOA ESPERANÇA III;E317;F;;;;
BOA ESPERANÇA III;E318;M;;;;
BOA ESPERANÇA III;E319;M;;;;
BOA ESPERANÇA;E32;M;;;;
BOA ESPERANÇA III;E320;M;;;;
BOA ESPERANÇA III;E321;M;;;;
BOA ESPERANÇA III;E322;F;;;;
BOA ESPERANÇA III;E324;M;;;;
BOA ESPERANÇA III;E325;F;;;;
BOA ESPERANÇA III;E326;F;;;;
BOA ESPERANÇA III;E327;M;;;;
BOA ESPERANÇA III;E328;M;;;;
BOA ESPERANÇA III;E329;M;;;;
BOA ESPERANÇA;E33;M;;;;
BOA ESPERANÇA III;E330;F;;;;
BOA ESPERANÇA III;E331;M;;;;
BOA ESPERANÇA III;E334;M;;;;
BOA ESPERANÇA III;E335;F;;;;
BOA ESPERANÇA III;E336;M;;;;
BOA ESPERANÇA III;E337;F;;;;
BOA ESPERANÇA III;E338;F;;;;
BOA ESPERANÇA III;E339;F;;;;
BOA ESPERANÇA;E34;F;;;;
BOA ESPERANÇA III;E340;F;;;;
BOA ESPERANÇA III;E341;F;;;;
BOA ESPERANÇA III;E342;M;;;;
BOA ESPERANÇA III;E343;M;;;;
BOA ESPERANÇA III;E344;M;;;;
BOA ESPERANÇA III;E345;M;;;;
BOA ESPERANÇA III;E346;F;;;;
BOA ESPERANÇA III;E347;M;;;;
BOA ESPERANÇA III;E348;F;;;;
BOA ESPERANÇA III;E349;M;;;;
BOA ESPERANÇA;E35;F;;;;
BOA ESPERANÇA III;E350;F;;;;
BOA ESPERANÇA III;E351;F;;;;
BOA ESPERANÇA III;E352;M;;;;
BOA ESPERANÇA III;E353;M;;;;
BOA ESPERANÇA III;E354;F;;;;
BOA ESPERANÇA III;E355;F;;;;
BOA ESPERANÇA III;E356;M;;;;
BOA ESPERANÇA III;E357;F;;;;
BOA ESPERANÇA III;E358;M;;;;
BOA ESPERANÇA III;E359;M;;;;
BOA ESPERANÇA;E36;M;;;;
BOA ESPERANÇA III;E360;F;;;;
BOA ESPERANÇA III;E361;M;;;;
BOA ESPERANÇA III;E362;M;;;;
BOA ESPERANÇA III;E363;F;;;;
BOA ESPERANÇA III;E364;M;;;;
BOA ESPERANÇA III;E365;F;;;;
BOA ESPERANÇA III;E366;M;;;;
BOA ESPERANÇA III;E367;M;;;;
BOA ESPERANÇA III;E368;F;;;;
BOA ESPERANÇA III;E369;F;;;;
BOA ESPERANÇA;E37;F;;;;
BOA ESPERANÇA III;E371;M;;;;
BOA ESPERANÇA III;E372;F;;;;
BOA ESPERANÇA III;E373;M;;;;
BOA ESPERANÇA III;E374;M;;;;
BOA ESPERANÇA III;E375;M;;;;
BOA ESPERANÇA III;E377;M;;;;
BOA ESPERANÇA III;E378;F;;;;
BOA ESPERANÇA III;E379;M;;;;
BOA ESPERANÇA;E38;M;;;;
BOA ESPERANÇA III;E382;M;;;;
BOA ESPERANÇA III;E383;M;;;;
BOA ESPERANÇA III;E384;M;;;;
BOA ESPERANÇA III;E385;M;;;;
BOA ESPERANÇA III;E386;M;;;;
BOA ESPERANÇA III;E387;M;;;;
BOA ESPERANÇA III;E388;F;;;;
BOA ESPERANÇA III;E389;M;;;;
BOA ESPERANÇA;E39;M;;;;
BOA ESPERANÇA III;E391;F;;;;
BOA ESPERANÇA III;E392;F;;;;
BOA ESPERANÇA III;E393;F;;;;
BOA ESPERANÇA III;E394;F;;;;
BOA ESPERANÇA III;E395;F;;;;
BOA ESPERANÇA III;E396;F;;;;
BOA ESPERANÇA III;E397;M;;;;
BOA ESPERANÇA III;E398;M;;;;
BOA ESPERANÇA III;E399;F;;;;
BOA ESPERANÇA;E4;F;;;;
BOA ESPERANÇA;E40;M;;;;
BOA ESPERANÇA III;E400;F;;;;
BOA ESPERANÇA;E401;F;;;;
BOA ESPERANÇA;E402;M;;;;
BOA ESPERANÇA;E403;F;;;;
BOA ESPERANÇA;E404;F;;;;
BOA ESPERANÇA;E405;F;;;;
BOA ESPERANÇA;E406;F;;;;
BOA ESPERANÇA;E407;M;;;;
BOA ESPERANÇA;E408;F;;;;
BOA ESPERANÇA;E409;M;;;;
BOA ESPERANÇA;E41;M;;;;
BOA ESPERANÇA;E410;M;;;;
BOA ESPERANÇA;E411;M;;;;
BOA ESPERANÇA;E412;F;;;;
BOA ESPERANÇA;E413;M;;;;
BOA ESPERANÇA;E414;M;;;;
BOA ESPERANÇA;E415;M;;;;
BOA ESPERANÇA;E416;M;;;;
BOA ESPERANÇA;E417;M;;;;
BOA ESPERANÇA;E418;F;;;;
BOA ESPERANÇA;E419;M;;;;
BOA ESPERANÇA;E42;M;;;;
BOA ESPERANÇA;E420;M;;;;
BOA ESPERANÇA;E421;F;;;;
BOA ESPERANÇA;E423;M;;;;
BOA ESPERANÇA;E424;F;;;;
BOA ESPERANÇA;E425;M;;;;
BOA ESPERANÇA;E426;F;;;;
BOA ESPERANÇA;E427;M;;;;
BOA ESPERANÇA;E428;M;;;;
BOA ESPERANÇA;E429;M;;;;
BOA ESPERANÇA;E43;F;;;;
BOA ESPERANÇA;E430;M;;;;
BOA ESPERANÇA;E431;M;;;;
BOA ESPERANÇA;E432;M;;;;
BOA ESPERANÇA;E433;F;;;;
BOA ESPERANÇA;E434;F;;;;
BOA ESPERANÇA;E435;M;;;;
BOA ESPERANÇA;E436;M;;;;
BOA ESPERANÇA;E437;F;;;;
BOA ESPERANÇA;E438;F;;;;
BOA ESPERANÇA;E439;F;;;;
BOA ESPERANÇA;E44;F;;;;
BOA ESPERANÇA;E440;M;;;;
BOA ESPERANÇA;E441;M;;;;
BOA ESPERANÇA;E442;F;;;;
BOA ESPERANÇA;E443;M;;;;
BOA ESPERANÇA;E444;F;;;;
BOA ESPERANÇA;E445;F;;;;
BOA ESPERANÇA;E446;F;;;;
BOA ESPERANÇA;E447;M;;;;
BOA ESPERANÇA;E448;F;;;;
BOA ESPERANÇA;E449;M;;;;
BOA ESPERANÇA;E45;M;;;;
BOA ESPERANÇA;E450;F;;;;
BOA ESPERANÇA;E451;F;;;;
BOA ESPERANÇA;E453;M;;;;
BOA ESPERANÇA;E455;M;;;;
BOA ESPERANÇA;E457;F;;;;
BOA ESPERANÇA;E458;M;;;;
BOA ESPERANÇA;E459;M;;;;
BOA ESPERANÇA;E46;M;;;;
BOA ESPERANÇA;E460;M;;;;
BOA ESPERANÇA;E461;F;;;;
BOA ESPERANÇA;E462;M;;;;
BOA ESPERANÇA;E463;F;;;;
BOA ESPERANÇA;E464;F;;;;
BOA ESPERANÇA;E465;M;;;;
BOA ESPERANÇA;E466;F;;;;
BOA ESPERANÇA;E467;M;;;;
BOA ESPERANÇA;E468;F;;;;
BOA ESPERANÇA;E469;M;;;;
BOA ESPERANÇA;E47;M;;;;
BOA ESPERANÇA;E470;M;;;;
BOA ESPERANÇA;E471;F;;;;
BOA ESPERANÇA;E472;M;;;;
BOA ESPERANÇA;E474;M;;;;
BOA ESPERANÇA;E475;M;;;;
BOA ESPERANÇA;E476;M;;;;
BOA ESPERANÇA;E477;M;;;;
BOA ESPERANÇA;E478;M;;;;
BOA ESPERANÇA;E479;F;;;;
BOA ESPERANÇA;E48;M;;;;
BOA ESPERANÇA;E480;F;;;;
BOA ESPERANÇA;E481;F;;;;
BOA ESPERANÇA;E482;F;;;;
BOA ESPERANÇA;E483;F;;;;
BOA ESPERANÇA;E484;F;;;;
BOA ESPERANÇA;E485;M;;;;
BOA ESPERANÇA;E486;F;;;;
BOA ESPERANÇA;E487;M;;;;
BOA ESPERANÇA;E489;M;;;;
BOA ESPERANÇA;E49;M;;;;
BOA ESPERANÇA;E490;F;;;;
BOA ESPERANÇA;E491;M;;;;
BOA ESPERANÇA;E492;M;;;;
BOA ESPERANÇA;E493;F;;;;
BOA ESPERANÇA;E494;F;;;;
BOA ESPERANÇA;E495;F;;;;
BOA ESPERANÇA;E496;M;;;;
BOA ESPERANÇA;E497;F;;;;
BOA ESPERANÇA;E498;M;;;;
BOA ESPERANÇA;E499;F;;;;
BOA ESPERANÇA;E5;M;;;;
BOA ESPERANÇA;E50;F;;;;
BOA ESPERANÇA;E500;F;;;;
PROSPERIDADE III;E501;M;;;;
PROSPERIDADE III;E502;F;;;;
PROSPERIDADE III;E503;F;;;;
PROSPERIDADE III;E504;F;;;;
PROSPERIDADE III;E505;M;;;;
PROSPERIDADE III;E506;M;;;;
PROSPERIDADE III;E507;F;;;;
PROSPERIDADE III;E508;M;;;;
PROSPERIDADE III;E509;F;;;;
BOA ESPERANÇA;E51;F;;;;
PROSPERIDADE III;E510;F;;;;
PROSPERIDADE III;E512;M;;;;
PROSPERIDADE III;E513;F;;;;
PROSPERIDADE III;E514;M;;;;
PROSPERIDADE III;E515;F;;;;
PROSPERIDADE III;E516;F;;;;
PROSPERIDADE III;E517;F;;;;
PROSPERIDADE III;E518;F;;;;
PROSPERIDADE III;E519;M;;;;
BOA ESPERANÇA;E52;M;;;;
PROSPERIDADE III;E520;F;;;;
PROSPERIDADE III;E521;F;;;;
PROSPERIDADE III;E522;F;;;;
PROSPERIDADE III;E523;F;;;;
PROSPERIDADE III;E524;M;;;;
PROSPERIDADE III;E525;F;;;;
PROSPERIDADE III;E526;F;;;;
PROSPERIDADE III;E527;M;;;;
PROSPERIDADE III;E528;M;;;;
PROSPERIDADE III;E529;M;;;;
BOA ESPERANÇA;E53;F;;;;
PROSPERIDADE III;E530;F;;;;
PROSPERIDADE III;E531;F;;;;
PROSPERIDADE III;E532;F;;;;
PROSPERIDADE III;E533;M;;;;
PROSPERIDADE III;E534;F;;;;
PROSPERIDADE III;E535;F;;;;
PROSPERIDADE III;E536;F;;;;
PROSPERIDADE III;E537;F;;;;
BOA ESPERANÇA;E54;F;;;;
PROSPERIDADE III;E540;F;;;;
PROSPERIDADE III;E541;M;;;;
PROSPERIDADE III;E542;M;;;;
PROSPERIDADE III;E543;F;;;;
PROSPERIDADE III;E545;M;;;;
PROSPERIDADE III;E546;M;;;;
PROSPERIDADE III;E547;M;;;;
PROSPERIDADE III;E549;F;;;;
BOA ESPERANÇA;E55;M;;;;
PROSPERIDADE III;E550;F;;;;
PROSPERIDADE III;E551;F;;;;
PROSPERIDADE III;E552;M;;;;
PROSPERIDADE III;E553;F;;;;
PROSPERIDADE III;E554;F;;;;
PROSPERIDADE III;E555;F;;;;
PROSPERIDADE III;E556;F;;;;
PROSPERIDADE III;E557;F;;;;
PROSPERIDADE III;E558;F;;;;
PROSPERIDADE III;E559;F;;;;
BOA ESPERANÇA;E56;F;;;;
PROSPERIDADE III;E561;F;;;;
PROSPERIDADE III;E563;F;;;;
PROSPERIDADE III;E564;F;;;;
PROSPERIDADE III;E565;M;;;;
BOA ESPERANÇA;E57;M;;;;
BOA ESPERANÇA;E58;M;;;;
BOA ESPERANÇA;E59;F;;;;
BOA ESPERANÇA;E6;M;;;;
BOA ESPERANÇA;E60;F;;;;
BOA ESPERANÇA;E601;M;;;;
BOA ESPERANÇA;E602;M;;;;
BOA ESPERANÇA;E603;F;;;;
BOA ESPERANÇA;E604;F;;;;
BOA ESPERANÇA;E605;M;;;;
BOA ESPERANÇA;E606;F;;;;
BOA ESPERANÇA;E607;M;;;;
BOA ESPERANÇA;E608;M;;;;
BOA ESPERANÇA;E609;F;;;;
BOA ESPERANÇA;E61;M;;;;
BOA ESPERANÇA;E610;F;;;;
BOA ESPERANÇA;E611;F;;;;
BOA ESPERANÇA;E612;M;;;;
BOA ESPERANÇA;E613;F;;;;
BOA ESPERANÇA;E614;M;;;;
BOA ESPERANÇA;E615;F;;;;
BOA ESPERANÇA;E616;F;;;;
BOA ESPERANÇA;E617;M;;;;
BOA ESPERANÇA;E618;F;;;;
BOA ESPERANÇA;E619;F;;;;
BOA ESPERANÇA;E62;M;;;;
BOA ESPERANÇA;E620;M;;;;
BOA ESPERANÇA;E621;F;;;;
BOA ESPERANÇA;E622;M;;;;
BOA ESPERANÇA;E623;F;;;;
BOA ESPERANÇA;E624;F;;;;
BOA ESPERANÇA;E625;F;;;;
BOA ESPERANÇA;E626;M;;;;
BOA ESPERANÇA;E627;M;;;;
BOA ESPERANÇA;E628;F;;;;
BOA ESPERANÇA;E629;F;;;;
BOA ESPERANÇA;E63;F;;;;
BOA ESPERANÇA;E630;M;;;;
BOA ESPERANÇA;E632;M;;;;
BOA ESPERANÇA;E633;F;;;;
BOA ESPERANÇA;E634;M;;;;
BOA ESPERANÇA;E635;M;;;;
BOA ESPERANÇA;E636;F;;;;
BOA ESPERANÇA;E637;M;;;;
BOA ESPERANÇA;E638;F;;;;
BOA ESPERANÇA;E639;F;;;;
BOA ESPERANÇA;E64;M;;;;
BOA ESPERANÇA;E640;F;;;;
BOA ESPERANÇA;E641;F;;;;
BOA ESPERANÇA;E642;M;;;;
BOA ESPERANÇA;E643;F;;;;
BOA ESPERANÇA;E644;F;;;;
BOA ESPERANÇA;E646;M;;;;
BOA ESPERANÇA;E647;M;;;;
BOA ESPERANÇA;E648;M;;;;
BOA ESPERANÇA;E649;F;;;;
BOA ESPERANÇA;E65;M;;;;
BOA ESPERANÇA;E650;M;;;;
BOA ESPERANÇA;E651;M;;;;
BOA ESPERANÇA;E652;M;;;;
BOA ESPERANÇA;E653;F;;;;
BOA ESPERANÇA;E654;F;;;;
BOA ESPERANÇA;E655;M;;;;
BOA ESPERANÇA;E656;M;;;;
BOA ESPERANÇA;E658;F;;;;
BOA ESPERANÇA;E659;F;;;;
BOA ESPERANÇA;E66;M;;;;
BOA ESPERANÇA;E660;M;;;;
BOA ESPERANÇA;E661;F;;;;
BOA ESPERANÇA;E662;M;;;;
BOA ESPERANÇA;E663;M;;;;
BOA ESPERANÇA;E664;F;;;;
BOA ESPERANÇA;E665;F;;;;
BOA ESPERANÇA;E666;M;;;;
BOA ESPERANÇA;E667;M;;;;
BOA ESPERANÇA;E668;M;;;;
BOA ESPERANÇA;E669;M;;;;
BOA ESPERANÇA;E67;F;;;;
BOA ESPERANÇA;E670;F;;;;
BOA ESPERANÇA;E671;F;;;;
BOA ESPERANÇA;E672;M;;;;
BOA ESPERANÇA;E673;F;;;;
BOA ESPERANÇA;E674;F;;;;
BOA ESPERANÇA;E675;M;;;;
BOA ESPERANÇA;E676;M;;;;
BOA ESPERANÇA;E677;M;;;;
BOA ESPERANÇA;E678;F;;;;
BOA ESPERANÇA;E679;M;;;;
BOA ESPERANÇA;E68;F;;;;
BOA ESPERANÇA;E680;M;;;;
BOA ESPERANÇA;E681;M;;;;
BOA ESPERANÇA;E682;M;;;;
BOA ESPERANÇA;E683;F;;;;
BOA ESPERANÇA;E684;M;;;;
BOA ESPERANÇA;E685;M;;;;
BOA ESPERANÇA;E686;M;;;;
BOA ESPERANÇA;E687;F;;;;
BOA ESPERANÇA;E688;F;;;;
BOA ESPERANÇA;E689;F;;;;
BOA ESPERANÇA;E69;M;;;;
BOA ESPERANÇA;E690;F;;;;
BOA ESPERANÇA;E691;M;;;;
BOA ESPERANÇA;E692;F;;;;
BOA ESPERANÇA;E693;M;;;;
BOA ESPERANÇA;E694;M;;;;
BOA ESPERANÇA;E695;F;;;;
BOA ESPERANÇA;E696;F;;;;
BOA ESPERANÇA;E697;M;;;;
BOA ESPERANÇA;E698;M;;;;
BOA ESPERANÇA;E70;M;;;;
IMPERIAL II;E701;F;;;;
IMPERIAL II;E702;F;;;;
IMPERIAL II;E703;F;;;;
IMPERIAL II;E704;F;;;;
IMPERIAL II;E705;F;;;;
IMPERIAL II;E706;F;;;;
IMPERIAL II;E707;F;;;;
IMPERIAL II;E708;M;;;;
IMPERIAL II;E709;M;;;;
BOA ESPERANÇA;E71;M;;;;
IMPERIAL II;E710;M;;;;
IMPERIAL II;E711;M;;;;
IMPERIAL II;E712;M;;;;
IMPERIAL II;E714;F;;;;
IMPERIAL II;E715;F;;;;
IMPERIAL II;E716;F;;;;
IMPERIAL II;E717;F;;;;
IMPERIAL II;E718;F;;;;
IMPERIAL II;E719;F;;;;
BOA ESPERANÇA;E72;M;;;;
IMPERIAL II;E720;M;;;;
IMPERIAL II;E721;M;;;;
IMPERIAL II;E722;F;;;;
IMPERIAL II;E723;F;;;;
IMPERIAL II;E724;F;;;;
IMPERIAL II;E725;M;;;;
IMPERIAL II;E726;F;;;;
IMPERIAL II;E727;F;;;;
IMPERIAL II;E728;F;;;;
IMPERIAL II;E729;F;;;;
BOA ESPERANÇA;E73;M;;;;
IMPERIAL II;E731;M;;;;
IMPERIAL II;E732;F;;;;
IMPERIAL II;E733;F;;;;
IMPERIAL II;E735;F;;;;
IMPERIAL II;E736;F;;;;
IMPERIAL II;E737;M;;;;
IMPERIAL II;E738;F;;;;
IMPERIAL II;E739;M;;;;
BOA ESPERANÇA;E74;F;;;;
IMPERIAL II;E740;M;;;;
IMPERIAL II;E741;M;;;;
IMPERIAL II;E742;M;;;;
IMPERIAL II;E743;M;;;;
IMPERIAL II;E744;M;;;;
IMPERIAL II;E745;M;;;;
IMPERIAL II;E746;M;;;;
IMPERIAL II;E747;M;;;;
IMPERIAL II;E748;M;;;;
IMPERIAL II;E749;M;;;;
BOA ESPERANÇA;E75;F;;;;
IMPERIAL II;E750;F;;;;
IMPERIAL II;E751;M;;;;
IMPERIAL II;E752;M;;;;
IMPERIAL II;E753;M;;;;
IMPERIAL II;E754;F;;;;
IMPERIAL II;E755;F;;;;
IMPERIAL II;E756;F;;;;
IMPERIAL II;E757;F;;;;
IMPERIAL II;E758;F;;;;
IMPERIAL II;E759;F;;;;
BOA ESPERANÇA;E76;M;;;;
IMPERIAL II;E760;M;;;;
IMPERIAL II;E761;M;;;;
IMPERIAL II;E762;F;;;;
IMPERIAL II;E764;F;;;;
IMPERIAL II;E765;F;;;;
IMPERIAL II;E766;F;;;;
IMPERIAL II;E767;F;;;;
IMPERIAL II;E768;M;;;;
BOA ESPERANÇA;E77;F;;;;
IMPERIAL II;E772;F;;;;
IMPERIAL II;E773;M;;;;
IMPERIAL II;E774;M;;;;
IMPERIAL II;E775;F;;;;
IMPERIAL II;E776;F;;;;
IMPERIAL II;E777;M;;;;
IMPERIAL II;E778;F;;;;
IMPERIAL II;E779;M;;;;
BOA ESPERANÇA;E78;F;;;;
IMPERIAL II;E780;F;;;;
IMPERIAL II;E781;F;;;;
IMPERIAL II;E783;M;;;;
IMPERIAL II;E784;M;;;;
IMPERIAL II;E785;M;;;;
IMPERIAL II;E786;M;;;;
IMPERIAL II;E787;M;;;;
IMPERIAL II;E788;M;;;;
IMPERIAL II;E789;F;;;;
BOA ESPERANÇA;E79;F;;;;
IMPERIAL II;E790;M;;;;
IMPERIAL II;E791;F;;;;
IMPERIAL II;E792;M;;;;
IMPERIAL II;E793;F;;;;
IMPERIAL II;E794;F;;;;
IMPERIAL II;E795;M;;;;
IMPERIAL II;E796;F;;;;
IMPERIAL II;E798;F;;;;
IMPERIAL II;E799;F;;;;
BOA ESPERANÇA;E8;M;;;;
BOA ESPERANÇA;E80;F;;;;
IMPERIAL II;E800;F;;;;
IMPERIAL II;E802;F;;;;
IMPERIAL II;E803;F;;;;
IMPERIAL II;E804;F;;;;
IMPERIAL II;E805;F;;;;
IMPERIAL II;E806;F;;;;
IMPERIAL II;E807;M;;;;
IMPERIAL II;E809;F;;;;
BOA ESPERANÇA;E81;F;;;;
IMPERIAL II;E810;F;;;;
IMPERIAL II;E811;F;;;;
IMPERIAL II;E812;F;;;;
IMPERIAL II;E813;F;;;;
IMPERIAL II;E814;F;;;;
IMPERIAL II;E815;M;;;;
IMPERIAL II;E816;M;;;;
IMPERIAL II;E817;M;;;;
IMPERIAL II;E819;F;;;;
BOA ESPERANÇA;E82;F;;;;
IMPERIAL II;E820;M;;;;
IMPERIAL II;E821;F;;;;
IMPERIAL II;E822;M;;;;
IMPERIAL II;E823;F;;;;
IMPERIAL II;E824;F;;;;
IMPERIAL II;E825;F;;;;
IMPERIAL II;E827;F;;;;
IMPERIAL II;E828;M;;;;
IMPERIAL I;E829;M;;;;
IMPERIAL I;E830;F;;;;
IMPERIAL I;E831;M;;;;
IMPERIAL I;E832;F;;;;
IMPERIAL I;E833;M;;;;
IMPERIAL I;E834;F;;;;
IMPERIAL I;E835;F;;;;
IMPERIAL I;E836;F;;;;
IMPERIAL I;E837;M;;;;
IMPERIAL I;E838;F;;;;
IMPERIAL I;E839;M;;;;
IMPERIAL I;E840;M;;;;
IMPERIAL I;E841;M;;;;
IMPERIAL I;E842;F;;;;
IMPERIAL I;E843;M;;;;
IMPERIAL I;E844;M;;;;
IMPERIAL I;E845;M;;;;
IMPERIAL I;E846;F;;;;
IMPERIAL I;E847;M;;;;
IMPERIAL I;E848;F;;;;
IMPERIAL I;E849;M;;;;
IMPERIAL I;E850;F;;;;
IMPERIAL I;E851;F;;;;
IMPERIAL I;E852;F;;;;
IMPERIAL I;E853;F;;;;
IMPERIAL I;E854;M;;;;
IMPERIAL I;E855;F;;;;
IMPERIAL I;E856;M;;;;
IMPERIAL I;E858;F;;;;
IMPERIAL I;E859;M;;;;
IMPERIAL I;E860;M;;;;
IMPERIAL I;E861;M;;;;
IMPERIAL I;E862;F;;;;
IMPERIAL I;E863;F;;;;
IMPERIAL I;E864;F;;;;
IMPERIAL I;E865;M;;;;
IMPERIAL I;E866;M;;;;
IMPERIAL I;E868;M;;;;
IMPERIAL I;E869;F;;;;
IMPERIAL I;E870;F;;;;
IMPERIAL I;E871;F;;;;
IMPERIAL I;E872;M;;;;
IMPERIAL I;E873;F;;;;
IMPERIAL I;E874;M;;;;
FAZENDA COROATÁ;E875;M;;;;
IMPERIAL I;E876;M;;;;
IMPERIAL I;E877;M;;;;
IMPERIAL I;E880;F;;;;
IMPERIAL I;E881;F;;;;
IMPERIAL I;E882;M;;;;
IMPERIAL I;E883;F;;;;
IMPERIAL I;E884;F;;;;
IMPERIAL I;E886;M;;;;
IMPERIAL I;E887;M;;;;
IMPERIAL I;E888;M;;;;
IMPERIAL I;E889;F;;;;
IMPERIAL I;E890;F;;;;
IMPERIAL I;E892;F;;;;
IMPERIAL I;E893;M;;;;
IMPERIAL I;E894;F;;;;
IMPERIAL I;E895;F;;;;
IMPERIAL I;E896;M;;;;
IMPERIAL I;E897;F;;;;
IMPERIAL I;E898;M;;;;
BOA ESPERANÇA;E9;M;;;;
BOA ESPERANÇA III;E911;M;;;;
BOA ESPERANÇA III;E912;F;;;;
BOA ESPERANÇA III;E913;F;;;;
BOA ESPERANÇA III;E914;M;;;;
BOA ESPERANÇA III;E917;M;;;;
BOA ESPERANÇA III;E918;F;;;;
BOA ESPERANÇA III;E919;F;;;;
BOA ESPERANÇA III;E920;M;;;;
BOA ESPERANÇA III;E921;F;;;;
BOA ESPERANÇA III;E922;M;;;;
BOA ESPERANÇA III;E923;M;;;;
BOA ESPERANÇA III;E924;F;;;;
BOA ESPERANÇA III;E925;M;;;;
BOA ESPERANÇA III;E926;M;;;;
BOA ESPERANÇA III;E927;F;;;;
BOA ESPERANÇA III;E928;F;;;;
BOA ESPERANÇA III;E929;F;;;;
BOA ESPERANÇA III;E930;F;;;;
BOA ESPERANÇA III;E931;M;;;;
BOA ESPERANÇA III;E932;F;;;;
BOA ESPERANÇA III;E933;F;;;;
BOA ESPERANÇA III;E934;M;;;;
BOA ESPERANÇA;E936;M;;;;
BOA ESPERANÇA;E937;F;;;;
BOA ESPERANÇA;E939;M;;;;
BOA ESPERANÇA;E941;M;;;;
BOA ESPERANÇA;E942;F;;;;
BOA ESPERANÇA;E943;F;;;;
BOA ESPERANÇA;E945;F;;;;
BOA ESPERANÇA;E946;F;;;;
BOA ESPERANÇA;E947;M;;;;
BOA ESPERANÇA;E948;F;;;;
BOA ESPERANÇA;E949;M;;;;
BOA ESPERANÇA;E950;F;;;;
BOA ESPERANÇA;E951;M;;;;
BOA ESPERANÇA;E952;F;;;;
BOA ESPERANÇA;E953;M;;;;
BOA ESPERANÇA;E954;F;;;;
BOA ESPERANÇA;E955;M;;;;
BOA ESPERANÇA;E956;F;;;;
BOA ESPERANÇA;E958;M;;;;
BOA ESPERANÇA;E960;M;;;;
BOA ESPERANÇA;E961;M;;;;
BOA ESPERANÇA;E962;F;;;;
BOA ESPERANÇA;E963;M;;;;
BOA ESPERANÇA;E964;F;;;;
BOA ESPERANÇA;E965;M;;;;
BOA ESPERANÇA;E966;M;;;;
BOA ESPERANÇA;E967;M;;;;
BOA ESPERANÇA;E968;M;;;;
BOA ESPERANÇA;E969;F;;;;
BOA ESPERANÇA;E970;M;;;;
BOA ESPERANÇA;E971;F;;;;
BOA ESPERANÇA;E972;F;;;;
BOA ESPERANÇA;E975;F;;;;
IMPERIAL II;EAO B9148;M;;;;
IMPERIAL II;EAO B9891;M;;;;
IMPERIAL II;EAO B9954;M;;;;
IMPERIAL II;EAO C291;M;;;;
IMPERIAL II;EAO C340;M;;;;
PROSPERIDADE II;ELGE 5789;M;;;;
PROSPERIDADE II;ELGE 5825;F;;;;
PROSPERIDADE II;ELGE 6151;F;;;;
MARIA DE JESUS;EPCF 5182;F;;;;
IMPERIAL II;EPCO 906;F;;;;
PROSPERIDADE II;EPCO 907;F;;;;
PROSPERIDADE II;EPCO 983;F;;;;
PROSPERIDADE II;EPCO 998;F;;;;
TROPA;EQ112;M;;;;
TROPA;EQ123;F;;;;
TROPA;EQ133;F;;;;
TROPA;EQ138;F;;;;
TROPA;EQ146;F;;;;
TROPA;EQ149;F;;;;
TROPA;EQ150;F;;;;
TROPA;EQ157;M;;;;
TROPA;EQ160;F;;;;
TROPA;EQ161;F;;;;
TROPA;EQ163;F;;;;
TROPA;EQ168;F;;;;
TROPA;EQ169;F;;;;
TROPA;EQ188;F;;;;
TROPA;EQ190;F;;;;
TROPA;EQ200;F;;;;
TROPA;EQ201;F;;;;
TROPA;EQ203;F;;;;
TROPA;EQ204;F;;;;
TROPA;EQ205;F;;;;
TROPA;EQ206;F;;;;
TROPA;EQ207;F;;;;
TROPA;EQ208;F;;;;
TROPA;EQ209;F;;;;
TROPA;EQ210;F;;;;
TROPA;EQ211;F;;;;
TROPA;EQ213;F;;;;
TROPA;EQ218;F;;;;
TROPA;EQ220;F;;;;
TROPA;EQ221;F;;;;
TROPA;EQ222;F;;;;
TROPA;EQ223;F;;;;
TROPA;EQ224;F;;;;
TROPA;EQ225;F;;;;
TROPA;EQ226;F;;;;
TROPA;EQ227;F;;;;
TROPA;EQ228;F;;;;
TROPA;EQ230;F;;;;
TROPA;EQ231;F;;;;
TROPA;EQ232;F;;;;
TROPA;EQ234;F;;;;
TROPA;EQ235;F;;;;
TROPA;EQ236;F;;;;
TROPA;EQ237;F;;;;
TROPA;EQ238;F;;;;
TROPA;EQ239;F;;;;
TROPA;EQ240;F;;;;
TROPA;EQ241;F;;;;
TROPA;EQ242;F;;;;
TROPA;EQ243;F;;;;
TROPA;EQ244;F;;;;
TROPA;EQ250;F;;;;
TROPA;EQ260;F;;;;
TROPA;EQ270;F;;;;
TROPA;EQ290;F;;;;
TROPA;EQ30;M;;;;
TROPA;EQ301;F;;;;
TROPA;EQ302;F;;;;
TROPA;EQ306;F;;;;
TROPA;EQ31;F;;;;
TROPA;EQ323;M;;;;
TROPA;EQ33;M;;;;
TROPA;EQ34;M;;;;
TROPA;EQ35;M;;;;
TROPA;EQ36;F;;;;
TROPA;EQ37;F;;;;
TROPA;EQ406;F;;;;
TROPA;EQ50;F;;;;
TROPA;EQ51;F;;;;
TROPA;EQ52;F;;;;
TROPA;EQ53;F;;;;
TROPA;EQ54;F;;;;
TROPA;EQ55;F;;;;
TROPA;EQ56;F;;;;
TROPA;EQ57;F;;;;
TROPA;EQ571;F;;;;
TROPA;EQ59;F;;;;
TROPA;EQ60;F;;;;
TROPA;EQ61;F;;;;
TROPA;EQ63;F;;;;
TROPA;EQ64;F;;;;
TROPA;EQ70;F;;;;
IMPERIAL II;FMA 2778;F;;;;
PROSPERIDADE II;FZNM 13703;F;;;;
IMPERIAL II;FZNM 15894;M;;;;
IMPERIAL II;FZNM 15914;M;;;;
IMPERIAL II;FZNM 15928;M;;;;
IMPERIAL II;FZNM 16113;M;;;;
IMPERIAL II;FZNM 16958;M;;;;
PROSPERIDADE II;FZNM 18318;F;;;;
PROSPERIDADE II;FZNM 19227;M;;;;
PROSPERIDADE II;FZNM 19731;M;;;;
IMPERIAL II;FZNM 19784;M;;;;
IMPERIAL II;FZNM 20025;M;;;;
IMPERIAL II;FZNM 20035;M;;;;
MARIA DE JESUS;FZNM 22708;M;;;;
PROSPERIDADE II;FZNM 22720;F;;;;
PROSPERIDADE II;FZNM 22726;F;;;;
PROSPERIDADE II;FZNM 22767;F;;;;
PROSPERIDADE II;FZNM 9641;F;;;;
PROSPERIDADE II;FZNM10071;F;;;;
PROSPERIDADE II;FZNM10303;F;;;;
PROSPERIDADE II;FZNM10410;F;;;;
PROSPERIDADE II;FZNM10654;F;;;;
PROSPERIDADE II;FZNM10841;F;;;;
PROSPERIDADE II;FZNM11071;F;;;;
PROSPERIDADE III;FZNM11204;F;;;;
PROSPERIDADE II;FZNM11291;F;;;;
PROSPERIDADE II;FZNM11415;F;;;;
PROSPERIDADE II;FZNM11475;F;;;;
PROSPERIDADE II;FZNM11623;F;;;;
PROSPERIDADE II;FZNM11691;F;;;;
PROSPERIDADE II;FZNM11756;F;;;;
PROSPERIDADE II;FZNM11922;F;;;;
PROSPERIDADE II;FZNM12141;F;;;;
PROSPERIDADE II;FZNM12307;F;;;;
PROSPERIDADE II;FZNM12479;F;;;;
PROSPERIDADE II;FZNM12668;F;;;;
PROSPERIDADE II;FZNM12694;F;;;;
PROSPERIDADE II;FZNM12828;F;;;;
PROSPERIDADE II;FZNM12926;F;;;;
PROSPERIDADE II;FZNM13223;F;;;;
PROSPERIDADE II;FZNM13334;F;;;;
PROSPERIDADE II;FZNM13472;F;;;;
PROSPERIDADE II;FZNM13520;F;;;;
PROSPERIDADE II;FZNM13685;F;;;;
PROSPERIDADE II;FZNM13814;F;;;;
PROSPERIDADE II;FZNM13837;F;;;;
PROSPERIDADE II;FZNM13959;F;;;;
PROSPERIDADE II;FZNM14160;F;;;;
PROSPERIDADE II;FZNM14161;F;;;;
PROSPERIDADE II;FZNM14372;F;;;;
PROSPERIDADE II;FZNM14544;F;;;;
PROSPERIDADE II;FZNM14547;F;;;;
PROSPERIDADE II;FZNM14614;F;;;;
PROSPERIDADE II;FZNM14617;F;;;;
PROSPERIDADE II;FZNM14781;F;;;;
PROSPERIDADE II;FZNM14818;F;;;;
PROSPERIDADE II;FZNM15229;F;;;;
PROSPERIDADE II;FZNM15675;F;;;;
PROSPERIDADE II;FZNM15910;F;;;;
PROSPERIDADE II;FZNM16346;F;;;;
PROSPERIDADE II;FZNM16437;F;;;;
PROSPERIDADE II;FZNM16553;F;;;;
PROSPERIDADE II;FZNM16645;F;;;;
PROSPERIDADE II;FZNM16985;F;;;;
PROSPERIDADE II;FZNM17074;F;;;;
PROSPERIDADE II;FZNM17264;F;;;;
PROSPERIDADE II;FZNM17291;F;;;;
PROSPERIDADE II;FZNM17303;F;;;;
PROSPERIDADE II;FZNM17320;F;;;;
PROSPERIDADE II;FZNM17373;F;;;;
MARIA DE JESUS;FZNM17384;F;;;;
PROSPERIDADE II;FZNM17660;F;;;;
PROSPERIDADE II;FZNM17687;F;;;;
PROSPERIDADE II;FZNM17810;F;;;;
PROSPERIDADE II;FZNM17879;F;;;;
PROSPERIDADE II;FZNM17887;F;;;;
PROSPERIDADE II;FZNM17976;F;;;;
PROSPERIDADE II;FZNM18016;F;;;;
PROSPERIDADE II;FZNM18032;F;;;;
PROSPERIDADE II;FZNM18058;F;;;;
PROSPERIDADE II;FZNM18060;F;;;;
PROSPERIDADE II;FZNM18064;F;;;;
PROSPERIDADE II;FZNM18107;F;;;;
PROSPERIDADE II;FZNM18135;F;;;;
PROSPERIDADE II;FZNM18191;F;;;;
PROSPERIDADE II;FZNM18415;F;;;;
PROSPERIDADE II;FZNM18428;F;;;;
PROSPERIDADE II;FZNM18432;F;;;;
PROSPERIDADE II;FZNM18459;F;;;;
PROSPERIDADE II;FZNM18463;F;;;;
PROSPERIDADE II;FZNM18474;F;;;;
PROSPERIDADE II;FZNM18481;F;;;;
PROSPERIDADE II;FZNM18483;F;;;;
PROSPERIDADE II;FZNM18503;F;;;;
PROSPERIDADE II;FZNM18505;F;;;;
PROSPERIDADE II;FZNM18518;F;;;;
PROSPERIDADE II;FZNM18535;F;;;;
PROSPERIDADE II;FZNM18539;F;;;;
PROSPERIDADE II;FZNM18576;F;;;;
PROSPERIDADE II;FZNM18583;F;;;;
PROSPERIDADE II;FZNM18588;F;;;;
PROSPERIDADE II;FZNM18604;F;;;;
PROSPERIDADE II;FZNM18648;F;;;;
PROSPERIDADE II;FZNM18700;F;;;;
PROSPERIDADE II;FZNM18743;F;;;;
PROSPERIDADE II;FZNM18749;F;;;;
PROSPERIDADE II;FZNM18780;F;;;;
PROSPERIDADE II;FZNM18815;F;;;;
MARIA DE JESUS;FZNM22730;M;;;;
MARIA DE JESUS;FZNM22738;M;;;;
MARIA DE JESUS;FZNM22825;M;;;;
MARIA DE JESUS;FZNM22837;M;;;;
MARIA DE JESUS;FZNM22838;M;;;;
PROSPERIDADE II;FZNM22847;F;;;;
PROSPERIDADE II;FZNM22857;F;;;;
PROSPERIDADE II;FZNM22873;F;;;;
MARIA DE JESUS;FZNM22883;M;;;;
MARIA DE JESUS;FZNM22885;M;;;;
PROSPERIDADE II;FZNM22896;F;;;;
MARIA DE JESUS;FZNM22938;M;;;;
PROSPERIDADE II;FZNM22940;F;;;;
MARIA DE JESUS;FZNM22943;M;;;;
MARIA DE JESUS;FZNM22952;M;;;;
MARIA DE JESUS;FZNM22962;M;;;;
MARIA DE JESUS;FZNM23019;M;;;;
MARIA DE JESUS;FZNM23088;M;;;;
PROSPERIDADE II;FZNM23112;F;;;;
PROSPERIDADE II;FZNM23132;F;;;;
MARIA DE JESUS;FZNM23244;M;;;;
PROSPERIDADE II;FZNM23245;F;;;;
PROSPERIDADE II;FZNM23257;F;;;;
PROSPERIDADE II;FZNM23262;F;;;;
MARIA DE JESUS;FZNM23263;M;;;;
MARIA DE JESUS;FZNM23320;M;;;;
PROSPERIDADE II;FZNM23355;F;;;;
PROSPERIDADE II;FZNM23375;F;;;;
PROSPERIDADE II;FZNM23377;F;;;;
PROSPERIDADE II;FZNM23379;F;;;;
MARIA DE JESUS;FZNM23398;M;;;;
PROSPERIDADE II;FZNM23450;F;;;;
PROSPERIDADE II;FZNM23451;F;;;;
PROSPERIDADE II;FZNM23464;F;;;;
MARIA DE JESUS;FZNM23466;M;;;;
MARIA DE JESUS;FZNM23482;M;;;;
PROSPERIDADE II;FZNM23484;F;;;;
MARIA DE JESUS;FZNM23493;M;;;;
MARIA DE JESUS;FZNM23494;M;;;;
MARIA DE JESUS;FZNM23499;M;;;;
PROSPERIDADE II;FZNM23565;F;;;;
MARIA DE JESUS;FZNM23568;M;;;;
PROSPERIDADE II;FZNM23571;F;;;;
PROSPERIDADE II;FZNM23579;F;;;;
PROSPERIDADE III;FZNM23650;F;;;;
MARIA DE JESUS;FZNM23652;M;;;;
PROSPERIDADE II;FZNM23660;F;;;;
PROSPERIDADE II;FZNM23662;F;;;;
PROSPERIDADE II;FZNM23693;F;;;;
MARIA DE JESUS;FZNM23716;M;;;;
PROSPERIDADE II;FZNM23732;F;;;;
MARIA DE JESUS;FZNM23751;M;;;;
MARIA DE JESUS;FZNM23753;M;;;;
MARIA DE JESUS;FZNM23769;M;;;;
PROSPERIDADE II;FZNM23841;F;;;;
MARIA DE JESUS;FZNM23863;M;;;;
MARIA DE JESUS;FZNM23866;M;;;;
MARIA DE JESUS;FZNM23979;M;;;;
MARIA DE JESUS;FZNM24121;M;;;;
PROSPERIDADE III;FZNM3058;F;;;;
PROSPERIDADE II;FZNM5297;F;;;;
PROSPERIDADE II;FZNM6321;F;;;;
PROSPERIDADE II;FZNM6439;F;;;;
PROSPERIDADE II;FZNM6617;F;;;;
PROSPERIDADE II;FZNM6620;F;;;;
PROSPERIDADE II;FZNM6832;F;;;;
PROSPERIDADE II;FZNM6956;F;;;;
PROSPERIDADE II;FZNM7673;F;;;;
PROSPERIDADE II;FZNM7675;F;;;;
PROSPERIDADE II;FZNM7768;F;;;;
PROSPERIDADE II;FZNM8102;F;;;;
PROSPERIDADE II;FZNM8528;F;;;;
PROSPERIDADE II;FZNM8557;F;;;;
PROSPERIDADE II;FZNM8681;F;;;;
PROSPERIDADE II;FZNM8706;F;;;;
PROSPERIDADE II;FZNM8974;F;;;;
PROSPERIDADE II;FZNM9094;F;;;;
PROSPERIDADE II;FZNM9217;F;;;;
PROSPERIDADE II;FZNM9267;F;;;;
PROSPERIDADE II;FZNM9283;F;;;;
PROSPERIDADE II;FZNM9366;F;;;;
PROSPERIDADE II;FZNM9439;F;;;;
PROSPERIDADE II;FZNM9587;F;;;;
PROSPERIDADE II;FZNM9713;F;;;;
PROSPERIDADE II;FZNM9769;F;;;;
PROSPERIDADE II;FZNM9773;F;;;;
PROSPERIDADE II;GPO A9297;F;;;;
PROSPERIDADE II;GPOA 9549;F;;;;
PROSPERIDADE II;GRI B5405;F;;;;
PROSPERIDADE II;GRI B7078;F;;;;
PROSPERIDADE II;GRI B8530;F;;;;
IMPERIAL II;GRI B9668;F;;;;
PROSPERIDADE II;GRI C2578;F;;;;
PROSPERIDADE II;GRI C2993;F;;;;
PROSPERIDADE II;GRI C4370;F;;;;
PROSPERIDADE II;GRI C4378;F;;;;
PROSPERIDADE II;GRI C5176;F;;;;
MARIA DE JESUS;GRI C5204;M;;;;
PROSPERIDADE II;HVP 3132;F;;;;
PROSPERIDADE III;HVP 800;F;;;;
PROSPERIDADE II;IGAP 2640;F;;;;
PROSPERIDADE II;IGAP 2670;F;;;;
PROSPERIDADE II;IGAP 3018;F;;;;
PROSPERIDADE II;IGAP 3294;F;;;;
PROSPERIDADE II;IGAP 3424;F;;;;
PROSPERIDADE II;IGAP 3511;F;;;;
PROSPERIDADE II;IGAP 3569;F;;;;
PROSPERIDADE II;IGAP 3604;F;;;;
IMPERIAL II;IGAP 3606;M;;;;
IMPERIAL II;IGAP 3611;M;;;;
IMPERIAL II;IGAP 3695;M;;;;
IMPERIAL II;IGAP 3714;M;;;;
IMPERIAL II;IGAP 3721;M;;;;
IMPERIAL II;IGAP 3774;M;;;;
PROSPERIDADE II;IGAP 3800;F;;;;
PROSPERIDADE II;IGAP 3859;F;;;;
PROSPERIDADE II;IGAP 3889;F;;;;
PROSPERIDADE II;IGAP 3909;F;;;;
PROSPERIDADE II;IGAP 3953;F;;;;
IMPERIAL II;IPE 6324;F;;;;
IMPERIAL II;IPE 6488;F;;;;
IMPERIAL II;JBJ 2180;F;;;;
PROSPERIDADE II;JFP 612;F;;;;
PROSPERIDADE II;JFP 614;F;;;;
PROSPERIDADE II;JFP 643;F;;;;
PROSPERIDADE II;JFP 645;F;;;;
PROSPERIDADE II;JFP 650;F;;;;
PROSPERIDADE II;JFP 656;F;;;;
PROSPERIDADE II;JFP 684;F;;;;
PROSPERIDADE II;JFP 686;F;;;;
PROSPERIDADE II;JFP 687;F;;;;
PROSPERIDADE II;JFP 694;F;;;;
PROSPERIDADE II;JFP 697;F;;;;
PROSPERIDADE II;JFP 708;F;;;;
PROSPERIDADE II;JFP 740;F;;;;
MARIA DE JESUS;JFP 767;M;;;;
PROSPERIDADE II;JGPN 1478;F;;;;
PROSPERIDADE II;JGPN 1895;F;;;;
PROSPERIDADE II;JGVA 941;F;;;;
PROSPERIDADE II;JHVM 20395;F;;;;
PROSPERIDADE II;JHVM 22020;F;;;;
MARIA DE JESUS;JHVM 24178;M;;;;
MARIA DE JESUS;JHVM 25130;M;;;;
PROSPERIDADE II;JSH 4290;F;;;;
PROSPERIDADE II;KCA 3255;F;;;;
IMPERIAL II;KITO 8610;M;;;;
PROSPERIDADE II;LBMN E2120;F;;;;
PROSPERIDADE II;LBMN E2495;F;;;;
PROSPERIDADE II;LBMN E2543;F;;;;
PROSPERIDADE II;LBMN E3178;F;;;;
PROSPERIDADE II;LBMN E3196;F;;;;
PROSPERIDADE II;LBMN E3243;F;;;;
PROSPERIDADE II;LBMN E3370;F;;;;
PROSPERIDADE II;LBMN E3648;F;;;;
IMPERIAL II;LBMN E3978;F;;;;
PROSPERIDADE II;LBMN E4452;F;;;;
PROSPERIDADE II;LBMN E4526;F;;;;
IMPERIAL II;LBMN E4699;F;;;;
PROSPERIDADE II;LBMN E4824;F;;;;
PROSPERIDADE II;LBMN E484;F;;;;
IMPERIAL II;LBMN E4904;F;;;;
PROSPERIDADE II;LBMN E6135;F;;;;
PROSPERIDADE II;LBMN E6373;F;;;;
IMPERIAL II;LBMN E6531;F;;;;
PROSPERIDADE II;LFFG 1;F;;;;
SANTA INES (LEITE);LFFG 2;M;;;;
SANTA INES (LEITE);LFFG 3;M;;;;
SANTA INES (LEITE);LFFG 4;F;;;;
SANTA INES (LEITE);LFFG 5;M;;;;
BARRACÃO;LFFJ 1;M;;;;
PROSPERIDADE II;LFFJ 10;F;;;;
PROSPERIDADE III;LFFJ 101;F;;;;
PROSPERIDADE III;LFFJ 102;F;;;;
BARRACÃO;LFFJ 103;M;;;;
PROSPERIDADE III;LFFJ 104;F;;;;
BARRACÃO;LFFJ 105;M;;;;
BARRACÃO;LFFJ 106;M;;;;
BARRACÃO;LFFJ 107 ;M;;;;
BARRACÃO;LFFJ 108;M;;;;
BARRACÃO;LFFJ 109;M;;;;
PROSPERIDADE III;LFFJ 11;F;;;;
PROSPERIDADE III;LFFJ 110;F;;;;
PROSPERIDADE III;LFFJ 111;F;;;;
PROSPERIDADE III;LFFJ 112;F;;;;
BARRACÃO;LFFJ 113;M;;;;
PROSPERIDADE III;LFFJ 114;F;;;;
PROSPERIDADE II;LFFJ 115;F;;;;
BARRACÃO;LFFJ 116;M;;;;
PROSPERIDADE III;LFFJ 117;F;;;;
BARRACÃO;LFFJ 118;M;;;;
PROSPERIDADE III;LFFJ 119;F;;;;
BARRACÃO;LFFJ 12;M;;;;
PROSPERIDADE III;LFFJ 121;F;;;;
PROSPERIDADE III;LFFJ 122;F;;;;
BARRACÃO;LFFJ 123;M;;;;
BARRACÃO;LFFJ 124;M;;;;
BARRACÃO;LFFJ 125;M;;;;
PROSPERIDADE III;LFFJ 126;F;;;;
BARRACÃO;LFFJ 127;M;;;;
PROSPERIDADE III;LFFJ 128;F;;;;
PROSPERIDADE III;LFFJ 129;F;;;;
PROSPERIDADE II;LFFJ 13;F;;;;
PROSPERIDADE III;LFFJ 130;F;;;;
BARRACÃO;LFFJ 131;M;;;;
BARRACÃO;LFFJ 132;M;;;;
BARRACÃO;LFFJ 133;M;;;;
BARRACÃO;LFFJ 134;M;;;;
PROSPERIDADE III;LFFJ 135;F;;;;
PROSPERIDADE III;LFFJ 136;F;;;;
PROSPERIDADE III;LFFJ 137;F;;;;
PROSPERIDADE III;LFFJ 139;F;;;;
BARRACÃO;LFFJ 14;M;;;;
PROSPERIDADE III;LFFJ 140;F;;;;
BARRACÃO;LFFJ 141;M;;;;
BARRACÃO;LFFJ 142;M;;;;
PROSPERIDADE III;LFFJ 143;F;;;;
PROSPERIDADE III;LFFJ 145;F;;;;
PROSPERIDADE III;LFFJ 146;F;;;;
BARRACÃO;LFFJ 147;M;;;;
BARRACÃO;LFFJ 148;M;;;;
PROSPERIDADE III;LFFJ 149;F;;;;
PROSPERIDADE II;LFFJ 15;F;;;;
PROSPERIDADE III;LFFJ 150;F;;;;
PROSPERIDADE III;LFFJ 151;F;;;;
PROSPERIDADE III;LFFJ 152;F;;;;
BARRACÃO;LFFJ 153;M;;;;
BARRACÃO;LFFJ 154;M;;;;
BARRACÃO;LFFJ 155;M;;;;
BARRACÃO;LFFJ 156;M;;;;
BARRACÃO;LFFJ 157;M;;;;
BARRACÃO;LFFJ 158;M;;;;
BARRACÃO;LFFJ 159;M;;;;
PROSPERIDADE II;LFFJ 16;F;;;;
BARRACÃO;LFFJ 160;M;;;;
BARRACÃO;LFFJ 161;M;;;;
PROSPERIDADE III;LFFJ 162;F;;;;
PROSPERIDADE III;LFFJ 163;F;;;;
BARRACÃO;LFFJ 164;M;;;;
PROSPERIDADE III;LFFJ 165;F;;;;
BARRACÃO;LFFJ 166;M;;;;
PROSPERIDADE III;LFFJ 167;F;;;;
PROSPERIDADE III;LFFJ 168;F;;;;
PROSPERIDADE III;LFFJ 169;F;;;;
BARRACÃO;LFFJ 17;M;;;;
BARRACÃO;LFFJ 170;M;;;;
BARRACÃO;LFFJ 171;M;;;;
PROSPERIDADE III;LFFJ 172;F;;;;
PROSPERIDADE III;LFFJ 173;F;;;;
PROSPERIDADE III;LFFJ 174;F;;;;
BARRACÃO;LFFJ 175;M;;;;
BARRACÃO;LFFJ 176;M;;;;
PROSPERIDADE III;LFFJ 177;F;;;;
BARRACÃO;LFFJ 178;M;;;;
BARRACÃO;LFFJ 179;M;;;;
PROSPERIDADE II;LFFJ 18;F;;;;
PROSPERIDADE III;LFFJ 180;F;;;;
BARRACÃO;LFFJ 181;M;;;;
BARRACÃO;LFFJ 182;M;;;;
PROSPERIDADE III;LFFJ 183;F;;;;
PROSPERIDADE III;LFFJ 184;F;;;;
BARRACÃO;LFFJ 185;M;;;;
BARRACÃO;LFFJ 186;M;;;;
BARRACÃO;LFFJ 187;M;;;;
PROSPERIDADE III;LFFJ 188;F;;;;
PROSPERIDADE III;LFFJ 189;F;;;;
BARRACÃO;LFFJ 19;M;;;;
PROSPERIDADE III;LFFJ 190;F;;;;
BARRACÃO;LFFJ 191;M;;;;
BARRACÃO;LFFJ 192;M;;;;
PROSPERIDADE III;LFFJ 193;F;;;;
BARRACÃO;LFFJ 194;M;;;;
PROSPERIDADE III;LFFJ 195;F;;;;
PROSPERIDADE III;LFFJ 196;F;;;;
BARRACÃO;LFFJ 197;M;;;;
PROSPERIDADE III;LFFJ 198;F;;;;
PROSPERIDADE III;LFFJ 199;F;;;;
PROSPERIDADE II;LFFJ 2;F;;;;
PROSPERIDADE III;LFFJ 20;F;;;;
PROSPERIDADE III;LFFJ 200;F;;;;
BARRACÃO;LFFJ 201;M;;;;
PROSPERIDADE III;LFFJ 202;F;;;;
BARRACÃO;LFFJ 203;M;;;;
BARRACÃO;LFFJ 204;M;;;;
PROSPERIDADE III;LFFJ 205;F;;;;
PROSPERIDADE III;LFFJ 206;F;;;;
BARRACÃO;LFFJ 207;M;;;;
PROSPERIDADE III;LFFJ 208;F;;;;
PROSPERIDADE III;LFFJ 209;F;;;;
PROSPERIDADE II;LFFJ 21;F;;;;
BARRACÃO;LFFJ 210;M;;;;
PROSPERIDADE III;LFFJ 211;F;;;;
BARRACÃO;LFFJ 212;M;;;;
PROSPERIDADE III;LFFJ 213;F;;;;
BARRACÃO;LFFJ 214;M;;;;
BARRACÃO;LFFJ 215;M;;;;
BARRACÃO;LFFJ 216;M;;;;
BARRACÃO;LFFJ 217;M;;;;
PROSPERIDADE III;LFFJ 218;F;;;;
BARRACÃO;LFFJ 219;M;;;;
PROSPERIDADE III;LFFJ 22;F;;;;
BARRACÃO;LFFJ 220;M;;;;
BARRACÃO;LFFJ 221;M;;;;
BARRACÃO;LFFJ 222;M;;;;
BARRACÃO;LFFJ 223;M;;;;
BARRACÃO;LFFJ 224;M;;;;
PROSPERIDADE III;LFFJ 225;F;;;;
PROSPERIDADE III;LFFJ 226;F;;;;
PROSPERIDADE III;LFFJ 227;F;;;;
BARRACÃO;LFFJ 228;M;;;;
PROSPERIDADE III;LFFJ 23;F;;;;
PROSPERIDADE III;LFFJ 230;F;;;;
PROSPERIDADE III;LFFJ 231;F;;;;
BARRACÃO;LFFJ 232;M;;;;
BARRACÃO;LFFJ 233;M;;;;
BARRACÃO;LFFJ 234;M;;;;
BARRACÃO;LFFJ 235;M;;;;
BARRACÃO;LFFJ 236;M;;;;
BARRACÃO;LFFJ 238;M;;;;
PROSPERIDADE III;LFFJ 239;F;;;;
BARRACÃO;LFFJ 24;M;;;;
PROSPERIDADE III;LFFJ 240;F;;;;
BARRACÃO;LFFJ 241;M;;;;
BARRACÃO;LFFJ 242;M;;;;
BARRACÃO;LFFJ 243;M;;;;
PROSPERIDADE III;LFFJ 244;F;;;;
BARRACÃO;LFFJ 245;M;;;;
PROSPERIDADE III;LFFJ 246;F;;;;
PROSPERIDADE III;LFFJ 247;F;;;;
IMPERIAL I;LFFJ 248;F;;;;
BARRACÃO;LFFJ 249;M;;;;
PROSPERIDADE III;LFFJ 25;F;;;;
PROSPERIDADE III;LFFJ 250;F;;;;
PROSPERIDADE III;LFFJ 251;F;;;;
BARRACÃO;LFFJ 252;M;;;;
PROSPERIDADE III;LFFJ 253;F;;;;
BARRACÃO;LFFJ 254;M;;;;
PROSPERIDADE III;LFFJ 255;F;;;;
BARRACÃO;LFFJ 256;M;;;;
PROSPERIDADE III;LFFJ 257;F;;;;
BARRACÃO;LFFJ 258;M;;;;
BARRACÃO;LFFJ 259;M;;;;
BARRACÃO;LFFJ 26;M;;;;
BARRACÃO;LFFJ 260;M;;;;
BARRACÃO;LFFJ 261;M;;;;
BARRACÃO;LFFJ 263;M;;;;
BARRACÃO;LFFJ 264;M;;;;
BARRACÃO;LFFJ 265;M;;;;
BARRACÃO;LFFJ 268;M;;;;
PROSPERIDADE III;LFFJ 269;F;;;;
BARRACÃO;LFFJ 27;M;;;;
PROSPERIDADE III;LFFJ 270;F;;;;
PROSPERIDADE II;LFFJ 271;F;;;;
BARRACÃO;LFFJ 272;M;;;;
PROSPERIDADE III;LFFJ 274;F;;;;
BARRACÃO;LFFJ 275;M;;;;
PROSPERIDADE III;LFFJ 276;F;;;;
BARRACÃO;LFFJ 278;M;;;;
BARRACÃO;LFFJ 279;M;;;;
BARRACÃO;LFFJ 28;M;;;;
BARRACÃO;LFFJ 280;M;;;;
PROSPERIDADE III;LFFJ 281;F;;;;
PROSPERIDADE III;LFFJ 282;F;;;;
PROSPERIDADE III;LFFJ 283;F;;;;
BARRACÃO;LFFJ 284;M;;;;
BARRACÃO;LFFJ 285;M;;;;
BARRACÃO;LFFJ 286;M;;;;
PROSPERIDADE III;LFFJ 287;F;;;;
BARRACÃO;LFFJ 288;M;;;;
BARRACÃO;LFFJ 289;M;;;;
BARRACÃO;LFFJ 29;M;;;;
PROSPERIDADE III;LFFJ 290;F;;;;
BARRACÃO;LFFJ 292;M;;;;
BARRACÃO;LFFJ 293;M;;;;
BARRACÃO;LFFJ 294;M;;;;
PROSPERIDADE III;LFFJ 295;F;;;;
BARRACÃO;LFFJ 296;M;;;;
BARRACÃO;LFFJ 297;M;;;;
PROSPERIDADE III;LFFJ 298;F;;;;
PROSPERIDADE III;LFFJ 299;F;;;;
PROSPERIDADE II;LFFJ 3;F;;;;
BARRACÃO;LFFJ 300;M;;;;
BARRACÃO;LFFJ 301;M;;;;
PROSPERIDADE III;LFFJ 302;F;;;;
BARRACÃO;LFFJ 303;M;;;;
PROSPERIDADE III;LFFJ 304;F;;;;
BARRACÃO;LFFJ 305;M;;;;
PROSPERIDADE III;LFFJ 306;F;;;;
BARRACÃO;LFFJ 307;M;;;;
BARRACÃO;LFFJ 309;M;;;;
BARRACÃO;LFFJ 31;M;;;;
BARRACÃO;LFFJ 311;M;;;;
BARRACÃO;LFFJ 313;M;;;;
PROSPERIDADE III;LFFJ 314;F;;;;
BARRACÃO;LFFJ 315;M;;;;
BARRACÃO;LFFJ 316;M;;;;
BARRACÃO;LFFJ 317;M;;;;
BARRACÃO;LFFJ 318;M;;;;
PROSPERIDADE III;LFFJ 319;F;;;;
BARRACÃO;LFFJ 32;M;;;;
BARRACÃO;LFFJ 320;M;;;;
PROSPERIDADE III;LFFJ 321;F;;;;
PROSPERIDADE III;LFFJ 322;F;;;;
PROSPERIDADE III;LFFJ 325;F;;;;
PROSPERIDADE III;LFFJ 326;F;;;;
BARRACÃO;LFFJ 327;M;;;;
BARRACÃO;LFFJ 328;M;;;;
PROSPERIDADE III;LFFJ 329;F;;;;
BARRACÃO;LFFJ 33;M;;;;
BARRACÃO;LFFJ 330;M;;;;
BARRACÃO;LFFJ 331;M;;;;
PROSPERIDADE III;LFFJ 332;F;;;;
BARRACÃO;LFFJ 333;M;;;;
BARRACÃO;LFFJ 334;F;;;;
PROSPERIDADE III;LFFJ 335;F;;;;
BARRACÃO;LFFJ 336;M;;;;
PROSPERIDADE II;LFFJ 337;F;;;;
PROSPERIDADE I;LFFJ 338;F;;;;
PROSPERIDADE II;LFFJ 339;F;;;;
PROSPERIDADE I;LFFJ 34;F;;;;
PROSPERIDADE III;LFFJ 341;F;;;;
BARRACÃO;LFFJ 342;M;;;;
PROSPERIDADE III;LFFJ 343;F;;;;
BARRACÃO;LFFJ 344;M;;;;
PROSPERIDADE II;LFFJ 345;F;;;;
PROSPERIDADE II;LFFJ 346;F;;;;
PROSPERIDADE II;LFFJ 347;F;;;;
PROSPERIDADE II;LFFJ 349;F;;;;
PROSPERIDADE II;LFFJ 35;F;;;;
BARRACÃO;LFFJ 350;M;;;;
BARRACÃO;LFFJ 351;M;;;;
BARRACÃO;LFFJ 352;M;;;;
BARRACÃO;LFFJ 353;M;;;;
PROSPERIDADE II;LFFJ 354;F;;;;
PROSPERIDADE II;LFFJ 355;F;;;;
PROSPERIDADE III;LFFJ 356;F;;;;
BARRACÃO;LFFJ 357;M;;;;
PROSPERIDADE II;LFFJ 358;F;;;;
BARRACÃO;LFFJ 359;M;;;;
BARRACÃO;LFFJ 36;M;;;;
PROSPERIDADE III;LFFJ 360;F;;;;
BARRACÃO;LFFJ 361;M;;;;
BARRACÃO;LFFJ 362;M;;;;
PROSPERIDADE II;LFFJ 363;F;;;;
PROSPERIDADE III;LFFJ 364;F;;;;
PROSPERIDADE III;LFFJ 365;F;;;;
BARRACÃO;LFFJ 366;M;;;;
PROSPERIDADE II;LFFJ 367;F;;;;
BARRACÃO;LFFJ 368;M;;;;
BARRACÃO;LFFJ 369;M;;;;
BARRACÃO;LFFJ 37;M;;;;
PROSPERIDADE III;LFFJ 370;F;;;;
PROSPERIDADE III;LFFJ 371;F;;;;
PROSPERIDADE III;LFFJ 372;F;;;;
BARRACÃO;LFFJ 373;M;;;;
PROSPERIDADE II;LFFJ 374;F;;;;
BARRACÃO;LFFJ 375;M;;;;
PROSPERIDADE III;LFFJ 376;F;;;;
PROSPERIDADE III;LFFJ 377;F;;;;
PROSPERIDADE III;LFFJ 378;F;;;;
PROSPERIDADE III;LFFJ 379;F;;;;
BARRACÃO;LFFJ 38;M;;;;
PROSPERIDADE III;LFFJ 380;F;;;;
PROSPERIDADE I;LFFJ 381;F;;;;
BARRACÃO;LFFJ 382;M;;;;
BARRACÃO;LFFJ 383;M;;;;
PROSPERIDADE I;LFFJ 384;F;;;;
PROSPERIDADE II;LFFJ 385;F;;;;
IMPERIAL II;LFFJ 386;F;;;;
PROSPERIDADE III;LFFJ 387;F;;;;
MARIA DE JESUS;LFFJ 388;F;;;;
PROSPERIDADE III;LFFJ 389;F;;;;
PROSPERIDADE II;LFFJ 39;F;;;;
BARRACÃO;LFFJ 390;M;;;;
PROSPERIDADE I;LFFJ 391;F;;;;
MARIA DE JESUS;LFFJ 392;F;;;;
PROSPERIDADE I;LFFJ 393;F;;;;
BARRACÃO;LFFJ 394;M;;;;
PROSPERIDADE I;LFFJ 395;F;;;;
PROSPERIDADE I;LFFJ 396;F;;;;
PROSPERIDADE I;LFFJ 397;F;;;;
PROSPERIDADE I;LFFJ 399;F;;;;
BARRACÃO;LFFJ 4;M;;;;
BARRACÃO;LFFJ 40;M;;;;
BARRACÃO;LFFJ 400;M;;;;
BARRACÃO;LFFJ 401;M;;;;
BARRACÃO;LFFJ 402;M;;;;
MARIA DE JESUS;LFFJ 403;F;;;;
BARRACÃO;LFFJ 404;M;;;;
PROSPERIDADE I;LFFJ 405;F;;;;
BARRACÃO;LFFJ 406;M;;;;
PROSPERIDADE I;LFFJ 407;F;;;;
BARRACÃO;LFFJ 408;M;;;;
PROSPERIDADE I;LFFJ 409;F;;;;
PROSPERIDADE II;LFFJ 41;F;;;;
MARIA DE JESUS;LFFJ 410;F;;;;
BARRACÃO;LFFJ 411;M;;;;
PROSPERIDADE I;LFFJ 412;F;;;;
BARRACÃO;LFFJ 413;M;;;;
MARIA DE JESUS;LFFJ 414;M;;;;
BARRACÃO;LFFJ 415;M;;;;
BARRACÃO;LFFJ 416;M;;;;
BARRACÃO;LFFJ 417;M;;;;
PROSPERIDADE I;LFFJ 418;F;;;;
BARRACÃO;LFFJ 419;M;;;;
PROSPERIDADE II;LFFJ 42;F;;;;
BARRACÃO;LFFJ 420;M;;;;
PROSPERIDADE II;LFFJ 422;M;;;;
BARRACÃO;LFFJ 423;M;;;;
BARRACÃO;LFFJ 424;M;;;;
PROSPERIDADE I;LFFJ 425;M;;;;
BARRACÃO;LFFJ 426;M;;;;
PROSPERIDADE III;LFFJ 427;M;;;;
BARRACÃO;LFFJ 428;M;;;;
BARRACÃO;LFFJ 429;M;;;;
BARRACÃO;LFFJ 43;M;;;;
BARRACÃO;LFFJ 430;M;;;;
BARRACÃO;LFFJ 431;M;;;;
BARRACÃO;LFFJ 432;M;;;;
PROSPERIDADE I;LFFJ 433;F;;;;
BARRACÃO;LFFJ 434;M;;;;
BARRACÃO;LFFJ 435;M;;;;
PROSPERIDADE I;LFFJ 436;F;;;;
BARRACÃO;LFFJ 437;M;;;;
BARRACÃO;LFFJ 438;M;;;;
BARRACÃO;LFFJ 439;M;;;;
BARRACÃO;LFFJ 44;M;;;;
BARRACÃO;LFFJ 440;M;;;;
PROSPERIDADE I;LFFJ 441;F;;;;
BARRACÃO;LFFJ 442;M;;;;
PROSPERIDADE I;LFFJ 443;F;;;;
BARRACÃO;LFFJ 444;M;;;;
PROSPERIDADE I;LFFJ 445;F;;;;
PROSPERIDADE I;LFFJ 446;F;;;;
PROSPERIDADE I;LFFJ 447;F;;;;
BARRACÃO;LFFJ 448;M;;;;
PROSPERIDADE I;LFFJ 449;F;;;;
BARRACÃO;LFFJ 45;M;;;;
BARRACÃO;LFFJ 450;M;;;;
PROSPERIDADE I;LFFJ 451;F;;;;
BARRACÃO;LFFJ 452;M;;;;
PROSPERIDADE I;LFFJ 453;F;;;;
PROSPERIDADE I;LFFJ 454;F;;;;
BARRACÃO;LFFJ 455;M;;;;
BARRACÃO;LFFJ 456;M;;;;
BARRACÃO;LFFJ 457;M;;;;
PROSPERIDADE I;LFFJ 458;F;;;;
PROSPERIDADE I;LFFJ 459;F;;;;
PROSPERIDADE III;LFFJ 46;F;;;;
BARRACÃO;LFFJ 460;M;;;;
PROSPERIDADE I;LFFJ 461;F;;;;
BARRACÃO;LFFJ 462;M;;;;
BARRACÃO;LFFJ 463;M;;;;
BARRACÃO;LFFJ 464;M;;;;
IMPERIAL II;LFFJ 465;M;;;;
BARRACÃO;LFFJ 466;M;;;;
PROSPERIDADE II;LFFJ 467;F;;;;
PROSPERIDADE III;LFFJ 468;M;;;;
BARRACÃO;LFFJ 469;M;;;;
BARRACÃO;LFFJ 47;M;;;;
BARRACÃO;LFFJ 470;M;;;;
PROSPERIDADE I;LFFJ 471;F;;;;
PROSPERIDADE I;LFFJ 472;F;;;;
PROSPERIDADE I;LFFJ 473;F;;;;
PROSPERIDADE I;LFFJ 474;F;;;;
BARRACÃO;LFFJ 475;M;;;;
PROSPERIDADE II;LFFJ 476;F;;;;
BARRACÃO;LFFJ 477;M;;;;
PROSPERIDADE I;LFFJ 478;F;;;;
PROSPERIDADE II;LFFJ 48;F;;;;
BARRACÃO;LFFJ 480;M;;;;
BARRACÃO;LFFJ 481;M;;;;
BARRACÃO;LFFJ 482;M;;;;
BARRACÃO;LFFJ 483;M;;;;
PROSPERIDADE I;LFFJ 484;F;;;;
BARRACÃO;LFFJ 485;M;;;;
BARRACÃO;LFFJ 487;M;;;;
PROSPERIDADE I;LFFJ 488;F;;;;
BARRACÃO;LFFJ 489;M;;;;
BARRACÃO;LFFJ 49;M;;;;
PROSPERIDADE I;LFFJ 490;F;;;;
BARRACÃO;LFFJ 491;M;;;;
PROSPERIDADE I;LFFJ 492;F;;;;
BARRACÃO;LFFJ 493;M;;;;
BARRACÃO;LFFJ 494;M;;;;
PROSPERIDADE I;LFFJ 495;F;;;;
BARRACÃO;LFFJ 496;M;;;;
BARRACÃO;LFFJ 497;M;;;;
BARRACÃO;LFFJ 498;M;;;;
PROSPERIDADE I;LFFJ 499;F;;;;
PROSPERIDADE II;LFFJ 5;F;;;;
PROSPERIDADE III;LFFJ 50;F;;;;
PROSPERIDADE I;LFFJ 500;F;;;;
PROSPERIDADE I;LFFJ 501;F;;;;
PROSPERIDADE III;LFFJ 502;F;;;;
PROSPERIDADE I;LFFJ 503;F;;;;
PROSPERIDADE I;LFFJ 504;F;;;;
PROSPERIDADE I;LFFJ 505;F;;;;
PROSPERIDADE I;LFFJ 506;F;;;;
BARRACÃO;LFFJ 507;M;;;;
BARRACÃO;LFFJ 508;M;;;;
PROSPERIDADE II;LFFJ 509;F;;;;
BARRACÃO;LFFJ 51;M;;;;
PROSPERIDADE I;LFFJ 510;F;;;;
BARRACÃO;LFFJ 511;M;;;;
BARRACÃO;LFFJ 512;M;;;;
PROSPERIDADE I;LFFJ 513;F;;;;
PROSPERIDADE I;LFFJ 514;F;;;;
BARRACÃO;LFFJ 515;M;;;;
BARRACÃO;LFFJ 516;M;;;;
BARRACÃO;LFFJ 517;M;;;;
BARRACÃO;LFFJ 518;M;;;;
BARRACÃO;LFFJ 519;M;;;;
BARRACÃO;LFFJ 52;M;;;;
PROSPERIDADE II;LFFJ 520;F;;;;
PROSPERIDADE I;LFFJ 521;F;;;;
PROSPERIDADE II;LFFJ 522;M;;;;
PROSPERIDADE I;LFFJ 523;F;;;;
PROSPERIDADE I;LFFJ 524;F;;;;
PROSPERIDADE II;LFFJ 525;F;;;;
PROSPERIDADE I;LFFJ 526;F;;;;
BARRACÃO;LFFJ 527;M;;;;
PROSPERIDADE I;LFFJ 529;F;;;;
PROSPERIDADE III;LFFJ 53;F;;;;
PROSPERIDADE I;LFFJ 530;F;;;;
BARRACÃO;LFFJ 531;M;;;;
PROSPERIDADE I;LFFJ 532;F;;;;
PROSPERIDADE I;LFFJ 533;F;;;;
PROSPERIDADE I;LFFJ 534;F;;;;
BARRACÃO;LFFJ 535;M;;;;
BARRACÃO;LFFJ 536;M;;;;
PROSPERIDADE I;LFFJ 537;F;;;;
BARRACÃO;LFFJ 538;M;;;;
PROSPERIDADE I;LFFJ 539;F;;;;
BARRACÃO;LFFJ 54;M;;;;
PROSPERIDADE I;LFFJ 540;F;;;;
BARRACÃO;LFFJ 541;M;;;;
BARRACÃO;LFFJ 542;M;;;;
BARRACÃO;LFFJ 544;M;;;;
PROSPERIDADE I;LFFJ 545;F;;;;
IMPERIAL II;LFFJ 546;M;;;;
BARRACÃO;LFFJ 547;M;;;;
IMPERIAL II;LFFJ 548;F;;;;
BARRACÃO;LFFJ 549;M;;;;
PROSPERIDADE III;LFFJ 55;F;;;;
PROSPERIDADE I;LFFJ 550;F;;;;
BARRACÃO;LFFJ 551;M;;;;
BARRACÃO;LFFJ 553;M;;;;
BARRACÃO;LFFJ 554;M;;;;
PROSPERIDADE II;LFFJ 555;F;;;;
BARRACÃO;LFFJ 556;M;;;;
PROSPERIDADE II;LFFJ 557;F;;;;
PROSPERIDADE II;LFFJ 558;F;;;;
BARRACÃO;LFFJ 559;M;;;;
PROSPERIDADE III;LFFJ 56;F;;;;
BARRACÃO;LFFJ 560;M;;;;
IMPERIAL II;LFFJ 561;F;;;;
BARRACÃO;LFFJ 562;M;;;;
PROSPERIDADE I;LFFJ 563;F;;;;
PROSPERIDADE I;LFFJ 564;F;;;;
PROSPERIDADE I;LFFJ 565;F;;;;
BARRACÃO;LFFJ 566;M;;;;
BARRACÃO;LFFJ 567;M;;;;
PROSPERIDADE I;LFFJ 568;F;;;;
BARRACÃO;LFFJ 569;M;;;;
PROSPERIDADE III;LFFJ 57;F;;;;
PROSPERIDADE I;LFFJ 570;F;;;;
BARRACÃO;LFFJ 571;M;;;;
PROSPERIDADE I;LFFJ 572;F;;;;
PROSPERIDADE I;LFFJ 573;F;;;;
PROSPERIDADE I;LFFJ 574;F;;;;
BARRACÃO;LFFJ 576;M;;;;
BARRACÃO;LFFJ 577;M;;;;
BARRACÃO;LFFJ 578;M;;;;
BARRACÃO;LFFJ 579;M;;;;
BARRACÃO;LFFJ 58;M;;;;
PROSPERIDADE I;LFFJ 580;F;;;;
PROSPERIDADE I;LFFJ 581;F;;;;
PROSPERIDADE I;LFFJ 582;F;;;;
PROSPERIDADE I;LFFJ 583;F;;;;
BARRACÃO;LFFJ 584;M;;;;
BARRACÃO;LFFJ 585;M;;;;
BARRACÃO;LFFJ 586;M;;;;
PROSPERIDADE I;LFFJ 587;F;;;;
PROSPERIDADE I;LFFJ 588;F;;;;
PROSPERIDADE II;LFFJ 589;M;;;;
PROSPERIDADE III;LFFJ 59;F;;;;
PROSPERIDADE III;LFFJ 590;F;;;;
PROSPERIDADE II;LFFJ 591;M;;;;
PROSPERIDADE II;LFFJ 592;M;;;;
PROSPERIDADE I;LFFJ 593;F;;;;
PROSPERIDADE II;LFFJ 594;M;;;;
PROSPERIDADE I;LFFJ 595;F;;;;
PROSPERIDADE I;LFFJ 596;F;;;;
PROSPERIDADE I;LFFJ 597;F;;;;
PROSPERIDADE II;LFFJ 598;M;;;;
PROSPERIDADE I;LFFJ 599;M;;;;
PROSPERIDADE II;LFFJ 6;F;;;;
PROSPERIDADE III;LFFJ 60;F;;;;
PROSPERIDADE I;LFFJ 600;F;;;;
BARRACÃO;LFFJ 601;M;;;;
PROSPERIDADE I;LFFJ 603;F;;;;
PROSPERIDADE I;LFFJ 604;F;;;;
BARRACÃO;LFFJ 605;M;;;;
PROSPERIDADE II;LFFJ 606;M;;;;
PROSPERIDADE I;LFFJ 607;F;;;;
PROSPERIDADE II;LFFJ 609;M;;;;
BARRACÃO;LFFJ 61;M;;;;
BARRACÃO;LFFJ 610;M;;;;
PROSPERIDADE I;LFFJ 611;F;;;;
PROSPERIDADE II;LFFJ 612;M;;;;
PROSPERIDADE II;LFFJ 613;M;;;;
PROSPERIDADE I;LFFJ 614;F;;;;
PROSPERIDADE II;LFFJ 616;M;;;;
PROSPERIDADE II;LFFJ 617;M;;;;
PROSPERIDADE I;LFFJ 618;F;;;;
PROSPERIDADE II;LFFJ 619;M;;;;
BARRACÃO;LFFJ 62;M;;;;
PROSPERIDADE I;LFFJ 620;F;;;;
BARRACÃO;LFFJ 621;M;;;;
PROSPERIDADE I;LFFJ 622;F;;;;
PROSPERIDADE II;LFFJ 623;M;;;;
PROSPERIDADE II;LFFJ 624;F;;;;
PROSPERIDADE I;LFFJ 625;F;;;;
BARRACÃO;LFFJ 626;M;;;;
PROSPERIDADE II;LFFJ 627;M;;;;
PROSPERIDADE II;LFFJ 628;M;;;;
PROSPERIDADE I;LFFJ 629;F;;;;
BARRACÃO;LFFJ 63;M;;;;
PROSPERIDADE I;LFFJ 630;F;;;;
PROSPERIDADE I;LFFJ 631;F;;;;
PROSPERIDADE I;LFFJ 632;F;;;;
PROSPERIDADE I;LFFJ 633;F;;;;
PROSPERIDADE II;LFFJ 634;M;;;;
PROSPERIDADE II;LFFJ 635;M;;;;
PROSPERIDADE I;LFFJ 636;F;;;;
PROSPERIDADE I;LFFJ 637;F;;;;
PROSPERIDADE I;LFFJ 638;F;;;;
PROSPERIDADE II;LFFJ 639;M;;;;
BARRACÃO;LFFJ 64;M;;;;
PROSPERIDADE I;LFFJ 640;F;;;;
PROSPERIDADE I;LFFJ 641;F;;;;
PROSPERIDADE I;LFFJ 642;F;;;;
PROSPERIDADE II;LFFJ 643;M;;;;
PROSPERIDADE I;LFFJ 644;F;;;;
PROSPERIDADE I;LFFJ 645;F;;;;
PROSPERIDADE II;LFFJ 646;M;;;;
PROSPERIDADE II;LFFJ 647;M;;;;
PROSPERIDADE I;LFFJ 649;F;;;;
PROSPERIDADE III;LFFJ 65;F;;;;
PROSPERIDADE I;LFFJ 650;F;;;;
PROSPERIDADE I;LFFJ 651;F;;;;
PROSPERIDADE I;LFFJ 652;F;;;;
PROSPERIDADE I;LFFJ 653;F;;;;
PROSPERIDADE II;LFFJ 654;M;;;;
PROSPERIDADE I;LFFJ 655;F;;;;
PROSPERIDADE II;LFFJ 656;M;;;;
PROSPERIDADE II;LFFJ 657;F;;;;
PROSPERIDADE I;LFFJ 658;F;;;;
PROSPERIDADE II;LFFJ 659;M;;;;
BARRACÃO;LFFJ 66;M;;;;
PROSPERIDADE II;LFFJ 660;M;;;;
PROSPERIDADE II;LFFJ 661;F;;;;
PROSPERIDADE II;LFFJ 662;M;;;;
PROSPERIDADE II;LFFJ 663;M;;;;
PROSPERIDADE II;LFFJ 664;M;;;;
PROSPERIDADE II;LFFJ 665;M;;;;
PROSPERIDADE II;LFFJ 666;M;;;;
PROSPERIDADE I;LFFJ 667;F;;;;
PROSPERIDADE II;LFFJ 668;M;;;;
PROSPERIDADE I;LFFJ 669;F;;;;
PROSPERIDADE III;LFFJ 67;F;;;;
PROSPERIDADE II;LFFJ 670;M;;;;
PROSPERIDADE II;LFFJ 678;M;;;;
PROSPERIDADE II;LFFJ 679;M;;;;
PROSPERIDADE III;LFFJ 68;F;;;;
PROSPERIDADE II;LFFJ 680;F;;;;
PROSPERIDADE II;LFFJ 681;F;;;;
PROSPERIDADE II;LFFJ 682;F;;;;
PROSPERIDADE II;LFFJ 683;F;;;;
PROSPERIDADE II;LFFJ 684;F;;;;
PROSPERIDADE II;LFFJ 685;F;;;;
PROSPERIDADE II;LFFJ 688;F;;;;
PROSPERIDADE II;LFFJ 689;F;;;;
PROSPERIDADE III;LFFJ 69;F;;;;
PROSPERIDADE II;LFFJ 690;F;;;;
PROSPERIDADE II;LFFJ 691;F;;;;
PROSPERIDADE II;LFFJ 692;M;;;;
MARIA DE JESUS;LFFJ 693;M;;;;
IMPERIAL II;LFFJ 694;F;;;;
IMPERIAL II;LFFJ 695;M;;;;
IMPERIAL II;LFFJ 696;M;;;;
IMPERIAL II;LFFJ 697;M;;;;
IMPERIAL II;LFFJ 698;F;;;;
IMPERIAL II;LFFJ 699;M;;;;
BARRACÃO;LFFJ 7;M;;;;
BARRACÃO;LFFJ 70;M;;;;
PROSPERIDADE II;LFFJ 700;M;;;;
PROSPERIDADE II;LFFJ 703;F;;;;
PROSPERIDADE II;LFFJ 704;F;;;;
PROSPERIDADE II;LFFJ 705;F;;;;
PROSPERIDADE II;LFFJ 706;F;;;;
PROSPERIDADE II;LFFJ 707;F;;;;
PROSPERIDADE II;LFFJ 709;M;;;;
PROSPERIDADE III;LFFJ 71;F;;;;
PROSPERIDADE II;LFFJ 710;M;;;;
PROSPERIDADE II;LFFJ 711;F;;;;
PROSPERIDADE II;LFFJ 712;F;;;;
PROSPERIDADE II;LFFJ 713;F;;;;
PROSPERIDADE II;LFFJ 714;F;;;;
PROSPERIDADE II;LFFJ 716;M;;;;
PROSPERIDADE II;LFFJ 717;F;;;;
PROSPERIDADE II;LFFJ 718;F;;;;
PROSPERIDADE II;LFFJ 719;F;;;;
BARRACÃO;LFFJ 72;M;;;;
PROSPERIDADE II;LFFJ 720;F;;;;
PROSPERIDADE II;LFFJ 721;F;;;;
PROSPERIDADE II;LFFJ 722;F;;;;
PROSPERIDADE II;LFFJ 724;M;;;;
PROSPERIDADE II;LFFJ 725;F;;;;
PROSPERIDADE II;LFFJ 726;M;;;;
PROSPERIDADE II;LFFJ 727;F;;;;
PROSPERIDADE II;LFFJ 728;M;;;;
PROSPERIDADE II;LFFJ 729;M;;;;
BARRACÃO;LFFJ 73;M;;;;
PROSPERIDADE II;LFFJ 730;M;;;;
PROSPERIDADE II;LFFJ 731;F;;;;
PROSPERIDADE II;LFFJ 732;F;;;;
PROSPERIDADE II;LFFJ 733;F;;;;
PROSPERIDADE II;LFFJ 734;F;;;;
PROSPERIDADE II;LFFJ 735;F;;;;
PROSPERIDADE II;LFFJ 736;F;;;;
PROSPERIDADE II;LFFJ 737;F;;;;
PROSPERIDADE II;LFFJ 738;F;;;;
PROSPERIDADE II;LFFJ 739;M;;;;
BARRACÃO;LFFJ 74;M;;;;
PROSPERIDADE II;LFFJ 740;F;;;;
PROSPERIDADE II;LFFJ 741;M;;;;
PROSPERIDADE II;LFFJ 742;M;;;;
PROSPERIDADE II;LFFJ 743;M;;;;
PROSPERIDADE II;LFFJ 744;F;;;;
PROSPERIDADE II;LFFJ 745;F;;;;
PROSPERIDADE II;LFFJ 746;F;;;;
PROSPERIDADE II;LFFJ 747;M;;;;
PROSPERIDADE II;LFFJ 748;F;;;;
PROSPERIDADE II;LFFJ 749;F;;;;
PROSPERIDADE III;LFFJ 75;F;;;;
PROSPERIDADE II;LFFJ 750;F;;;;
PROSPERIDADE II;LFFJ 751;M;;;;
PROSPERIDADE II;LFFJ 752;M;;;;
PROSPERIDADE II;LFFJ 753;F;;;;
PROSPERIDADE II;LFFJ 754;M;;;;
PROSPERIDADE II;LFFJ 755;M;;;;
PROSPERIDADE II;LFFJ 756;F;;;;
PROSPERIDADE II;LFFJ 757;F;;;;
PROSPERIDADE II;LFFJ 758;M;;;;
PROSPERIDADE II;LFFJ 759;F;;;;
BARRACÃO;LFFJ 76;M;;;;
PROSPERIDADE II;LFFJ 760;M;;;;
PROSPERIDADE II;LFFJ 761;F;;;;
PROSPERIDADE II;LFFJ 762;M;;;;
PROSPERIDADE II;LFFJ 763;M;;;;
PROSPERIDADE II;LFFJ 764;F;;;;
PROSPERIDADE II;LFFJ 765;F;;;;
PROSPERIDADE II;LFFJ 766;M;;;;
PROSPERIDADE II;LFFJ 767;M;;;;
PROSPERIDADE II;LFFJ 768;M;;;;
PROSPERIDADE II;LFFJ 769;M;;;;
PROSPERIDADE II;LFFJ 77;F;;;;
PROSPERIDADE II;LFFJ 770;F;;;;
PROSPERIDADE II;LFFJ 771;M;;;;
PROSPERIDADE II;LFFJ 772;M;;;;
PROSPERIDADE II;LFFJ 773;F;;;;
PROSPERIDADE II;LFFJ 774;M;;;;
PROSPERIDADE II;LFFJ 775;F;;;;
PROSPERIDADE II;LFFJ 776;M;;;;
PROSPERIDADE II;LFFJ 777;M;;;;
PROSPERIDADE II;LFFJ 778;M;;;;
PROSPERIDADE II;LFFJ 779;F;;;;
BARRACÃO;LFFJ 78;M;;;;
PROSPERIDADE II;LFFJ 780;M;;;;
PROSPERIDADE II;LFFJ 781;F;;;;
PROSPERIDADE II;LFFJ 782;M;;;;
PROSPERIDADE II;LFFJ 783;M;;;;
PROSPERIDADE II;LFFJ 784;M;;;;
PROSPERIDADE II;LFFJ 785;M;;;;
PROSPERIDADE II;LFFJ 786;M;;;;
PROSPERIDADE II;LFFJ 787;M;;;;
PROSPERIDADE II;LFFJ 788;F;;;;
PROSPERIDADE II;LFFJ 789;M;;;;
BARRACÃO;LFFJ 79;M;;;;
PROSPERIDADE II;LFFJ 790;M;;;;
PROSPERIDADE II;LFFJ 791;M;;;;
PROSPERIDADE II;LFFJ 792;M;;;;
PROSPERIDADE II;LFFJ 793;M;;;;
PROSPERIDADE II;LFFJ 794;F;;;;
PROSPERIDADE II;LFFJ 795;M;;;;
PROSPERIDADE II;LFFJ 796;F;;;;
PROSPERIDADE II;LFFJ 797;M;;;;
PROSPERIDADE II;LFFJ 798;M;;;;
PROSPERIDADE II;LFFJ 799;M;;;;
BARRACÃO;LFFJ 8;M;;;;
BARRACÃO;LFFJ 80;M;;;;
PROSPERIDADE II;LFFJ 800;M;;;;
PROSPERIDADE II;LFFJ 801;M;;;;
PROSPERIDADE II;LFFJ 802;M;;;;
PROSPERIDADE II;LFFJ 803;M;;;;
PROSPERIDADE II;LFFJ 804;M;;;;
PROSPERIDADE II;LFFJ 805;F;;;;
PROSPERIDADE II;LFFJ 806;M;;;;
PROSPERIDADE II;LFFJ 807;M;;;;
PROSPERIDADE II;LFFJ 808;M;;;;
PROSPERIDADE II;LFFJ 809;M;;;;
PROSPERIDADE III;LFFJ 81;F;;;;
PROSPERIDADE II;LFFJ 810;M;;;;
PROSPERIDADE II;LFFJ 811;M;;;;
PROSPERIDADE II;LFFJ 812;M;;;;
PROSPERIDADE II;LFFJ 813;M;;;;
PROSPERIDADE II;LFFJ 814;M;;;;
PROSPERIDADE II;LFFJ 815;F;;;;
PROSPERIDADE II;LFFJ 816;M;;;;
PROSPERIDADE II;LFFJ 817;M;;;;
PROSPERIDADE II;LFFJ 818;M;;;;
PROSPERIDADE II;LFFJ 819;M;;;;
PROSPERIDADE III;LFFJ 82;F;;;;
PROSPERIDADE II;LFFJ 820;M;;;;
PROSPERIDADE II;LFFJ 821;M;;;;
PROSPERIDADE II;LFFJ 822;M;;;;
PROSPERIDADE II;LFFJ 823;F;;;;
PROSPERIDADE II;LFFJ 824;F;;;;
PROSPERIDADE II;LFFJ 825;M;;;;
PROSPERIDADE II;LFFJ 826;F;;;;
PROSPERIDADE II;LFFJ 827;M;;;;
PROSPERIDADE II;LFFJ 828;F;;;;
PROSPERIDADE II;LFFJ 829;F;;;;
PROSPERIDADE III;LFFJ 83;F;;;;
PROSPERIDADE II;LFFJ 830;F;;;;
PROSPERIDADE II;LFFJ 831;M;;;;
PROSPERIDADE II;LFFJ 832;F;;;;
PROSPERIDADE II;LFFJ 833;F;;;;
PROSPERIDADE II;LFFJ 834;M;;;;
PROSPERIDADE II;LFFJ 835;M;;;;
PROSPERIDADE II;LFFJ 836;M;;;;
PROSPERIDADE II;LFFJ 837;M;;;;
PROSPERIDADE II;LFFJ 838;M;;;;
PROSPERIDADE II;LFFJ 839;M;;;;
PROSPERIDADE III;LFFJ 84;F;;;;
PROSPERIDADE II;LFFJ 840;M;;;;
PROSPERIDADE II;LFFJ 841;M;;;;
PROSPERIDADE II;LFFJ 842;M;;;;
PROSPERIDADE II;LFFJ 843;F;;;;
PROSPERIDADE II;LFFJ 844;F;;;;
PROSPERIDADE II;LFFJ 846;F;;;;
PROSPERIDADE II;LFFJ 847;F;;;;
PROSPERIDADE II;LFFJ 848;F;;;;
PROSPERIDADE II;LFFJ 849;M;;;;
BARRACÃO;LFFJ 85;M;;;;
PROSPERIDADE II;LFFJ 850;M;;;;
PROSPERIDADE II;LFFJ 851;M;;;;
PROSPERIDADE II;LFFJ 853;F;;;;
PROSPERIDADE II;LFFJ 854;M;;;;
PROSPERIDADE II;LFFJ 855;F;;;;
PROSPERIDADE II;LFFJ 856;F;;;;
PROSPERIDADE II;LFFJ 857;F;;;;
PROSPERIDADE II;LFFJ 858;M;;;;
PROSPERIDADE II;LFFJ 859;F;;;;
PROSPERIDADE III;LFFJ 86;F;;;;
PROSPERIDADE II;LFFJ 860;M;;;;
PROSPERIDADE II;LFFJ 861;M;;;;
PROSPERIDADE II;LFFJ 862;F;;;;
PROSPERIDADE II;LFFJ 863;F;;;;
PROSPERIDADE II;LFFJ 865;F;;;;
PROSPERIDADE II;LFFJ 866;F;;;;
PROSPERIDADE II;LFFJ 867;M;;;;
PROSPERIDADE II;LFFJ 868;M;;;;
PROSPERIDADE II;LFFJ 869;M;;;;
PROSPERIDADE II;LFFJ 87;F;;;;
PROSPERIDADE II;LFFJ 870;F;;;;
PROSPERIDADE II;LFFJ 871;F;;;;
PROSPERIDADE II;LFFJ 872;M;;;;
PROSPERIDADE II;LFFJ 874;F;;;;
PROSPERIDADE II;LFFJ 875;F;;;;
PROSPERIDADE II;LFFJ 876;M;;;;
PROSPERIDADE II;LFFJ 877;M;;;;
PROSPERIDADE II;LFFJ 878;F;;;;
PROSPERIDADE II;LFFJ 879;F;;;;
BARRACÃO;LFFJ 88;M;;;;
PROSPERIDADE II;LFFJ 880;M;;;;
PROSPERIDADE II;LFFJ 882;F;;;;
PROSPERIDADE II;LFFJ 883;M;;;;
PROSPERIDADE II;LFFJ 884;M;;;;
PROSPERIDADE II;LFFJ 885;F;;;;
PROSPERIDADE II;LFFJ 886;F;;;;
PROSPERIDADE II;LFFJ 888;M;;;;
PROSPERIDADE II;LFFJ 889;M;;;;
BARRACÃO;LFFJ 89;M;;;;
PROSPERIDADE II;LFFJ 890;F;;;;
PROSPERIDADE II;LFFJ 891;F;;;;
PROSPERIDADE II;LFFJ 892;M;;;;
PROSPERIDADE II;LFFJ 893;F;;;;
PROSPERIDADE II;LFFJ 894;M;;;;
PROSPERIDADE II;LFFJ 896;F;;;;
PROSPERIDADE II;LFFJ 897;M;;;;
PROSPERIDADE II;LFFJ 898;M;;;;
PROSPERIDADE II;LFFJ 899;F;;;;
BARRACÃO;LFFJ 9;M;;;;
BARRACÃO;LFFJ 90;M;;;;
PROSPERIDADE II;LFFJ 900;M;;;;
PROSPERIDADE II;LFFJ 901;F;;;;
PROSPERIDADE II;LFFJ 902;M;;;;
PROSPERIDADE II;LFFJ 903;F;;;;
PROSPERIDADE II;LFFJ 906;F;;;;
PROSPERIDADE II;LFFJ 908;M;;;;
PROSPERIDADE III;LFFJ 91;F;;;;
PROSPERIDADE II;LFFJ 910;M;;;;
PROSPERIDADE II;LFFJ 911;F;;;;
PROSPERIDADE II;LFFJ 912;M;;;;
PROSPERIDADE II;LFFJ 914;M;;;;
PROSPERIDADE II;LFFJ 916;M;;;;
PROSPERIDADE II;LFFJ 917;M;;;;
PROSPERIDADE II;LFFJ 918;M;;;;
PROSPERIDADE II;LFFJ 919;F;;;;
PROSPERIDADE III;LFFJ 92;F;;;;
PROSPERIDADE II;LFFJ 921;F;;;;
PROSPERIDADE II;LFFJ 922;M;;;;
PROSPERIDADE II;LFFJ 923;M;;;;
PROSPERIDADE II;LFFJ 924;M;;;;
PROSPERIDADE II;LFFJ 925;M;;;;
PROSPERIDADE II;LFFJ 926;F;;;;
BARRACÃO;LFFJ 93;M;;;;
PROSPERIDADE III;LFFJ 94;F;;;;
PROSPERIDADE III;LFFJ 95;F;;;;
BARRACÃO;LFFJ 96;M;;;;
PROSPERIDADE III;LFFJ 97;F;;;;
BARRACÃO;LFFJ 98;M;;;;
PROSPERIDADE III;LFFJ 99;F;;;;
TROPA;M01;F;;;;
TROPA;M02;M;;;;
TROPA;M03;M;;;;
TROPA;M04;M;;;;
TROPA;M05;M;;;;
TROPA;M06;M;;;;
TROPA;M07;F;;;;
TROPA;M08;F;;;;
TROPA;M09;F;;;;
TROPA;M10;F;;;;
TROPA;M101;M;;;;
TROPA;M102;M;;;;
TROPA;M103;M;;;;
TROPA;M104;M;;;;
TROPA;M106;F;;;;
TROPA;M107;F;;;;
TROPA;M11;F;;;;
TROPA;M111;M;;;;
TROPA;M113;M;;;;
TROPA;M114;M;;;;
TROPA;M115;F;;;;
TROPA;M119;M;;;;
TROPA;M12;F;;;;
TROPA;M121;M;;;;
TROPA;M124;F;;;;
TROPA;M125;M;;;;
TROPA;M127;M;;;;
TROPA;M128;M;;;;
TROPA;M130;F;;;;
TROPA;M132;F;;;;
TROPA;M134;F;;;;
TROPA;M136;F;;;;
TROPA;M14;M;;;;
TROPA;M141;F;;;;
TROPA;M143;F;;;;
TROPA;M144;M;;;;
TROPA;M15;M;;;;
TROPA;M159;M;;;;
TROPA;M162;M;;;;
TROPA;M164;F;;;;
TROPA;M166;F;;;;
TROPA;M167;F;;;;
TROPA;M170;M;;;;
TROPA;M180;M;;;;
TROPA;M184;F;;;;
TROPA;M185;F;;;;
TROPA;M20;M;;;;
TROPA;M2128;M;;;;
TROPA;M2143;F;;;;
TROPA;M22;M;;;;
TROPA;M25;M;;;;
TROPA;M313;M;;;;
TROPA;M314;M;;;;
TROPA;M315;M;;;;
TROPA;M316;M;;;;
TROPA;M317;F;;;;
TROPA;M318;F;;;;
TROPA;M319;M;;;;
TROPA;M32;F;;;;
TROPA;M320;M;;;;
TROPA;M321;M;;;;
TROPA;M322;M;;;;
TROPA;M324;F;;;;
TROPA;M325;F;;;;
TROPA;M326;F;;;;
TROPA;M327;F;;;;
TROPA;M328;F;;;;
TROPA;M329;M;;;;
TROPA;M34;F;;;;
TROPA;M40;F;;;;
TROPA;M46;F;;;;
TROPA;M48;M;;;;
TROPA;M49;F;;;;
TROPA;M50;M;;;;
TROPA;M51;F;;;;
TROPA;M52;F;;;;
TROPA;M53;F;;;;
TROPA;M71;F;;;;
TROPA;M99;M;;;;
PROSPERIDADE II;MARA 187;F;;;;
IMPERIAL II;MATI 1751;F;;;;
PROSPERIDADE II;MCRI 1967;F;;;;
PROSPERIDADE II;MFBN 10184;F;;;;
PROSPERIDADE II;MFBN 6669;F;;;;
PROSPERIDADE II;MFBN 9619;F;;;;
PROSPERIDADE II;MFBN 9663;F;;;;
PROSPERIDADE II;MFBN 9965;F;;;;
SANTA INES (LEITE);MUT 5312;F;;;;
MARIA DE JESUS;MUT 5777;F;;;;
PROSPERIDADE II;NFHC 604;F;;;;
TROPA;P05;F;;;;
TROPA;P06;M;;;;
TROPA;P07;F;;;;
PROSPERIDADE II;PLPG 308;F;;;;
PROSPERIDADE II;PLPG 310;F;;;;
IMPERIAL II;RDM 8704;M;;;;
IMPERIAL II;RDM 9403;F;;;;
PROSPERIDADE II;RDM A1716;F;;;;
IMPERIAL II;RDM A6948;M;;;;
IMPERIAL II;RDM A7420;M;;;;
IMPERIAL II;RDM A7813;M;;;;
IMPERIAL II;RDM A7816;M;;;;
IMPERIAL II;RDM A8149;M;;;;
IMPERIAL II;RDM A8673;M;;;;
IMPERIAL II;RDM A8743;M;;;;
IMPERIAL II;RDM A8769;M;;;;
PROSPERIDADE II;RDM A940;F;;;;
SANTA INES (LEITE);RRP 8971;F;;;;
SANTA INES (LEITE);RRP 9317;F;;;;
MARIA DE JESUS;RRP 9568;F;;;;
MARIA DE JESUS;RVCN 221;F;;;;
BARRACÃO;THU1529;M;;;;
IMPERIAL II;THU1530;M;;;;
PROSPERIDADE II;TUL 1040;F;;;;
PROSPERIDADE II;TUL 218;F;;;;
PROSPERIDADE II;TUL 267;F;;;;
PROSPERIDADE II;TUL 312;F;;;;
PROSPERIDADE II;TUL 343;F;;;;
PROSPERIDADE II;TUL 469;F;;;;
PROSPERIDADE II;TUL 532;F;;;;
PROSPERIDADE II;TUL 576;F;;;;
PROSPERIDADE II;TUL 585;F;;;;
PROSPERIDADE II;TUL 628;F;;;;
PROSPERIDADE II;TUL 633;F;;;;
PROSPERIDADE II;TUL 638;F;;;;
PROSPERIDADE II;TUL 67;F;;;;
PROSPERIDADE II;TUL 687;F;;;;
PROSPERIDADE II;TUL 697;F;;;;
PROSPERIDADE II;TUL 744;F;;;;
PROSPERIDADE II;TUL 761;F;;;;
PROSPERIDADE II;TUL 797;F;;;;
PROSPERIDADE II;TUL 810;F;;;;
PROSPERIDADE II;TUL 814;F;;;;
PROSPERIDADE II;TUL 819;F;;;;
PROSPERIDADE II;TUL 824;F;;;;
PROSPERIDADE II;TUL 860;F;;;;
PROSPERIDADE II;TUL 915;F;;;;
PROSPERIDADE II;TUL 937;F;;;;
PROSPERIDADE II;TULG 2;F;;;;
PROSPERIDADE II;TULG 26;F;;;;
PROSPERIDADE II;TULG 50;F;;;;
PROSPERIDADE II;TULG 82;F;;;;
PROSPERIDADE II;VRI 3648;F;;;;
